frame_id,gt_east,gt_north,gt_alt,gt_yaw,init_east,init_north,init_alt,init_yaw,refined_east,refined_north,refined_alt,refined_yaw,selected_method,init_xy_error_m,refined_xy_error_m,selected_xy_error_m,init_alt_error_m,refined_alt_error_m,selected_alt_error_m,init_yaw_error_deg,refined_yaw_error_deg,selected_yaw_error_deg,init_chamfer,refined_chamfer,gt_chamfer,init_overlap,refined_overlap,gt_overlap,feature_loss_initial,feature_loss_refined,feature_loss_drop,safe_gate_accepted,refine_success,renderer_backend_init,renderer_backend_refined,renderer_backend_gt,elapsed_ms,renderer_fallback_gt,renderer_fallback_init,renderer_fallback_refined
000000.jpg,254476.43692124507,3364552.994355502,109.956,29.19999999999999,254476.53949200793,3364557.073594403,111.18,28.179385999999994,254472.7383322043,3364558.955051952,111.36910006869584,-152.84034860703784,init,4.08052824670161,7.01494569196802,4.08052824670161,1.2240000000000038,1.4131000686958402,1.2240000000000038,1.0206139999999948,177.9596513929622,1.0206139999999948,0.9393740892410278,0.9934372901916504,0.05480720475316048,0.8440766706711373,0.828441304620681,0.9912320022950996,0.003155911690555513,0.00497467575284342,-0.001818764062287907,False,True,prototype,prototype,prototype,2265.119986000002,RuntimeError: ModuleNotFoundError: No module named 'nvdiffrast',RuntimeError: ModuleNotFoundError: No module named 'nvdiffrast',RuntimeError: ModuleNotFoundError: No module named 'nvdiffrast'
000001.jpg,254476.92477416995,3364553.8672732455,110.231,29.19999999999999,254476.03086971297,3364552.285125038,110.8,29.087871000000007,254477.69939010413,3364551.947375413,110.97393174562603,-151.02273163968525,init,1.8172116355129764,2.070274748070031,1.8172116355129764,0.5690000000000026,0.7429317456260378,0.5690000000000026,0.11212899999998172,179.7772683603148,0.11212899999998172,0.8673178553581238,0.8403906226158142,0.0537356473505497,0.8922004824443849,0.8838381131064058,0.9909407665505227,0.0012718576666278143,0.00151612800740016,-0.00024427034077234566,False,True,prototype,prototype,prototype,116.34362399999532,RuntimeError: ModuleNotFoundError: No module named 'nvdiffrast',RuntimeError: ModuleNotFoundError: No module named 'nvdiffrast',RuntimeError: ModuleNotFoundError: No module named 'nvdiffrast'
000002.jpg,254477.4126366352,3364554.740190791,109.979,29.19999999999999,254479.65329464382,3364549.1982149333,111.546,29.007136000000003,254482.8422999604,3364544.2231706246,111.76486074831337,-151.18419328690678,init,5.977795975003348,11.835918088814564,5.977795975003348,1.5670000000000073,1.7858607483133682,1.5670000000000073,0.19286399999998594,179.6158067130932,0.19286399999998594,0.9503520727157593,0.9861947894096375,0.0648108720779419,0.8331758118301621,0.8257039427929455,0.9877668206216452,0.004299301576490204,0.007182803160200517,-0.002883501583710313,False,True,prototype,prototype,prototype,117.62096900000074,RuntimeError: ModuleNotFoundError: No module named 'nvdiffrast',RuntimeError: ModuleNotFoundError: No module named 'nvdiffrast',RuntimeError: ModuleNotFoundError: No module named 'nvdiffrast'
000003.jpg,254477.90049927725,3364555.6131194406,109.536,29.19999999999999,254479.94162956064,3364555.2034170134,109.157,30.12621999999999,254479.12003342697,3364553.129003039,109.18620360642672,-148.94785775521007,init,2.081842672395745,2.7673268398645927,2.081842672395745,0.3790000000000049,0.3497963935732855,0.3790000000000049,0.9262200000000007,178.14785775521005,0.9262200000000007,0.8899412155151367,0.9494318962097168,0.05130583047866821,0.8651033742056744,0.8363017989796832,0.9921596706345654,0.002163318529104193,0.003706785384565592,-0.0015434668554613986,False,True,prototype,prototype,prototype,124.53438800000072,RuntimeError: ModuleNotFoundError: No module named 'nvdiffrast',RuntimeError: ModuleNotFoundError: No module named 'nvdiffrast',RuntimeError: ModuleNotFoundError: No module named 'nvdiffrast'
000004.jpg,254478.38835198412,3364556.486037237,109.094,29.19999999999999,254480.86189791223,3364555.8784438665,108.941,30.57139699999999,254479.84514164782,3364553.394875327,108.82957241125405,-148.0517447763077,init,2.5470765913995095,3.4172383700837097,2.5470765913995095,0.1529999999999916,0.26442758874594574,0.1529999999999916,1.3713970000000018,177.25174477630767,1.3713970000000018,0.9245753884315491,0.9754675030708313,0.05716824531555176,0.8471458811391572,0.8295889143853283,0.9897362007933543,0.0030920631058203676,0.005155064747668803,-0.002063001641848435,False,True,prototype,prototype,prototype,116.38760900001444,RuntimeError: ModuleNotFoundError: No module named 'nvdiffrast',RuntimeError: ModuleNotFoundError: No module named 'nvdiffrast',RuntimeError: ModuleNotFoundError: No module named 'nvdiffrast'
000005.jpg,254478.87621448273,3364557.358965922,108.652,29.19999999999999,254476.26519601344,3364552.815815422,109.047,27.858868,254481.4483560775,3364552.2688356033,109.0143552897498,-153.48369553058626,refined,5.240003235877206,5.703099073910767,5.703099073910767,0.394999999999996,0.36235528974980014,0.36235528974980014,1.3411319999999876,177.31630446941375,177.31630446941375,0.968603253364563,0.9604728817939758,0.0588674321770668,0.8312979825031245,0.8323513658275308,0.9900910551687199,0.004578313169380029,0.00560335349291563,-0.0010250403235356016,True,True,prototype,prototype,prototype,117.90540399999827,RuntimeError: ModuleNotFoundError: No module named 'nvdiffrast',RuntimeError: ModuleNotFoundError: No module named 'nvdiffrast',RuntimeError: ModuleNotFoundError: No module named 'nvdiffrast'
000006.jpg,254479.36407665766,3364558.231883538,108.413,29.19999999999999,254473.60305762038,3364555.78972327,107.946,26.813594999999992,254479.06284161477,3364558.747960466,108.05347647238523,-155.5747187632564,refined,6.257274735997921,0.5975599942132089,0.5975599942132089,0.46699999999999875,0.359523527614769,0.359523527614769,2.3864049999999963,175.22528123674363,175.22528123674363,1.0071680545806885,0.9918822050094604,0.05489911884069443,0.8196243580858965,0.8237823622439007,0.9909199139968371,0.005808916408568621,0.007296816833938162,-0.0014879004253695411,True,True,prototype,prototype,prototype,118.7587100000087,RuntimeError: ModuleNotFoundError: No module named 'nvdiffrast',RuntimeError: ModuleNotFoundError: No module named 'nvdiffrast',RuntimeError: ModuleNotFoundError: No module named 'nvdiffrast'
000007.jpg,254479.85193876142,3364559.104801173,108.167,29.19999999999999,254475.37454710572,3364559.214718537,109.064,28.733735999999993,254477.7962917525,3364562.686643692,109.01226608641446,-151.7349654125821,refined,4.478740656197932,4.1298039249726965,4.1298039249726965,0.8969999999999914,0.8452660864144548,0.8452660864144548,0.46626399999999535,179.06503458741793,179.06503458741793,0.9941924810409546,0.9199235439300537,0.05877966433763504,0.8185067232837934,0.8538216560509554,0.989897381457891,0.0032334491067255535,0.0029374584555625916,0.000295990651162962,True,True,prototype,prototype,prototype,124.953631000011,RuntimeError: ModuleNotFoundError: No module named 'nvdiffrast',RuntimeError: ModuleNotFoundError: No module named 'nvdiffrast',RuntimeError: ModuleNotFoundError: No module named 'nvdiffrast'
000008.jpg,254480.3397914293,3364559.977730127,108.096,29.19999999999999,254478.10900810472,3364561.132706504,108.813,28.59997899999999,254478.04660789744,3364563.413748162,109.00360282044858,-152.0021915918302,init,2.512043923212948,4.130969698061753,2.512043923212948,0.7169999999999987,0.9076028204485738,0.7169999999999987,0.6000209999999981,178.79780840816977,0.6000209999999981,0.8452165126800537,0.9122740030288696,0.05624542757868767,0.8749600369436255,0.8548186565308514,0.991137082164044,0.0018686540618849297,0.003165505186188966,-0.0012968511243040364,False,True,prototype,prototype,prototype,125.55641899999159,RuntimeError: ModuleNotFoundError: No module named 'nvdiffrast',RuntimeError: ModuleNotFoundError: No module named 'nvdiffrast',RuntimeError: ModuleNotFoundError: No module named 'nvdiffrast'
000009.jpg,254480.82765338855,3364560.850647796,108.107,29.19999999999999,254482.4616538305,3364563.9792714324,107.9,27.572969,254478.5021345384,3364564.3361837086,108.06149482354522,-154.0521959181406,init,3.529623677223757,4.19010722070375,3.529623677223757,0.20699999999999363,0.045505176454781804,0.20699999999999363,1.6270309999999881,176.74780408185939,1.6270309999999881,0.9382580518722534,0.9781621098518372,0.05629318207502365,0.842282648973902,0.8291189497273738,0.9906477739937534,0.0036237976358582578,0.0059668500907719135,-0.0023430524549136558,False,True,prototype,prototype,prototype,126.4653899999928,RuntimeError: ModuleNotFoundError: No module named 'nvdiffrast',RuntimeError: ModuleNotFoundError: No module named 'nvdiffrast',RuntimeError: ModuleNotFoundError: No module named 'nvdiffrast'
000010.jpg,254481.3155152743,3364561.723565482,108.129,29.19999999999999,254482.3584690805,3364562.4662049846,109.227,26.63083800000001,254480.8130031875,3364561.73289938,109.47515971306711,-155.93831015822465,init,1.2803382648970303,0.5025987654412859,1.2803382648970303,1.097999999999999,1.3461597130671095,1.097999999999999,2.5691619999999773,174.8616898417754,2.5691619999999773,0.9684820771217346,0.9942028522491455,,0.833268564968558,0.8240479050378011,,0.004738158313557506,0.007779757647464673,-0.0030415993339071674,False,True,prototype,prototype,,115.49664700001472,,RuntimeError: ModuleNotFoundError: No module named 'nvdiffrast',RuntimeError: ModuleNotFoundError: No module named 'nvdiffrast'
000011.jpg,254481.8033773379,3364562.5964942747,108.228,29.19999999999999,254479.81853938298,3364560.08198679,106.494,29.452868999999993,254482.65695185823,3364559.959893377,106.66974321659654,-150.2926062071266,refined,3.203487099633923,2.7713270747469387,2.7713270747469387,1.7339999999999947,1.5582567834034506,1.5582567834034506,0.252869000000004,179.49260620712658,179.49260620712658,0.9296947121620178,0.8828308582305908,,0.8377056705034955,0.8758032624814631,,0.0023842258378863335,0.002000278220900024,0.00038394761698630963,True,True,prototype,prototype,,117.30319800000188,,RuntimeError: ModuleNotFoundError: No module named 'nvdiffrast',RuntimeError: ModuleNotFoundError: No module named 'nvdiffrast'
000012.jpg,254482.2912294676,3364563.4694122127,108.417,29.19999999999999,254483.8746456505,3364561.253041241,109.803,30.843849000000006,254484.68366598964,3364558.7668693517,109.8202995005995,-147.51466144839605,init,2.723877216987456,5.27614081231845,2.723877216987456,1.3859999999999957,1.403299500599502,1.3859999999999957,1.6438490000000172,176.71466144839604,1.6438490000000172,0.9326409697532654,0.9850492477416992,,0.843853175373859,0.8239905365560832,,0.003388788551092148,0.005905943068986137,-0.0025171545178939896,False,True,prototype,prototype,,119.79709999999955,,RuntimeError: ModuleNotFoundError: No module named 'nvdiffrast',RuntimeError: ModuleNotFoundError: No module named 'nvdiffrast'
000013.jpg,254482.77909138665,3364564.3423410403,108.25,29.19999999999999,254484.66122530203,3364565.547452807,109.206,26.536040000000014,254482.31896572388,3364564.422049815,109.46356323547661,-156.12410340867686,init,2.2348875689085874,0.4669787085926093,2.2348875689085874,0.9560000000000031,1.213563235476613,0.9560000000000031,2.6639599999999746,174.67589659132318,2.6639599999999746,0.9625040888786316,0.986786961555481,,0.8339515331355094,0.8264801469549244,,0.004945076924438278,0.008000984787940979,-0.003055907863502701,False,True,prototype,prototype,,113.91901700000062,,RuntimeError: ModuleNotFoundError: No module named 'nvdiffrast',RuntimeError: ModuleNotFoundError: No module named 'nvdiffrast'
000014.jpg,254483.26695298447,3364565.2152587976,108.18,29.19999999999999,254485.1087452324,3364567.0235949475,106.413,29.894059999999996,254482.20907132854,3364566.0930163874,106.72596242371947,-149.40934268227116,init,2.5811389570430356,1.3746170319031228,2.5811389570430356,1.7670000000000101,1.454037576280541,1.7670000000000101,0.6940600000000074,178.60934268227115,0.6940600000000074,0.8819584250450134,0.9198095798492432,,0.8640974710034406,0.8490405419785053,,0.0023416741557108858,0.0027590825532873473,-0.0004174083975764615,False,True,prototype,prototype,,124.60115900000801,,RuntimeError: ModuleNotFoundError: No module named 'nvdiffrast',RuntimeError: ModuleNotFoundError: No module named 'nvdiffrast'
000015.jpg,254483.75481450863,3364566.0881765727,108.223,29.19999999999999,254483.00355278433,3364568.43274937,107.784,29.16351800000001,254481.07455822304,3364569.9132885365,108.17563743237406,-150.8768458386603,init,2.4619942690420635,4.670680388544645,2.4619942690420635,0.43899999999999295,0.04736256762593882,0.43899999999999295,0.03648199999997814,179.9231541613397,0.03648199999997814,0.8748925924301147,0.9362611770629883,,0.8677986444507201,0.8473242022027676,,0.0017106530819243442,0.003129245053666333,-0.001418591971741989,False,True,prototype,prototype,,130.43010500001628,,RuntimeError: ModuleNotFoundError: No module named 'nvdiffrast',RuntimeError: ModuleNotFoundError: No module named 'nvdiffrast'
000016.jpg,254484.24267621207,3364566.9611054524,105.565,29.19999999999999,254485.271222078,3364564.332316524,106.164,28.990073999999993,254486.517429854,3364561.7816606015,106.62513922061771,-151.2268068641954,init,2.822842154450397,5.656956168719721,2.822842154450397,0.5990000000000038,1.0601392206177138,0.5990000000000038,0.20992599999999584,179.57319313580462,0.20992599999999584,0.8801686763763428,0.9378830194473267,,0.8590912303017455,0.838880644477422,,0.0020108479948248714,0.004127538704778999,-0.0021166907099541277,False,True,prototype,prototype,,132.98934700000586,,RuntimeError: ModuleNotFoundError: No module named 'nvdiffrast',RuntimeError: ModuleNotFoundError: No module named 'nvdiffrast'
000017.jpg,254484.73052797906,3364567.8340234812,104.692,29.19999999999999,254486.20797691398,3364566.2685146267,105.778,30.410404,254486.39774346087,3364563.932079611,106.2624234482646,-148.37388164147583,init,2.1525968802951216,4.243203203969463,2.1525968802951216,1.0860000000000127,1.5704234482646058,1.0860000000000127,1.2104040000000111,177.57388164147582,1.2104040000000111,0.9011416435241699,0.9635558128356934,,0.8591457162052262,0.8346946713341112,,0.0025680806526603797,0.004805353780587514,-0.0022372731279271343,False,True,prototype,prototype,,117.31554200000005,,RuntimeError: ModuleNotFoundError: No module named 'nvdiffrast',RuntimeError: ModuleNotFoundError: No module named 'nvdiffrast'
000018.jpg,254485.2183895379,3364568.7069523972,98.985,29.19999999999999,254484.68431592503,3364570.60282092,100.245,32.782351000000006,254482.89049986482,3364571.777077263,100.06880514044315,-143.63969584753633,init,1.9696578583330149,3.8528868427150087,1.9696578583330149,1.2600000000000051,1.0838051404431468,1.2600000000000051,3.582351000000017,172.83969584753632,3.582351000000017,0.9773531556129456,0.9960343837738037,,0.8255221644487529,0.8191063717282101,,0.006208625001211961,0.008703417610377073,-0.0024947926091651125,False,True,prototype,prototype,,117.13351399998828,,RuntimeError: ModuleNotFoundError: No module named 'nvdiffrast',RuntimeError: ModuleNotFoundError: No module named 'nvdiffrast'
000019.jpg,254485.70625077296,3364569.579870243,99.026,29.19999999999999,254480.98551870402,3364572.22926911,99.491,29.01227800000001,254480.99481055271,3364577.4280480957,99.5738013619557,-151.18188187943133,refined,5.4133746982210145,9.15377324137768,9.15377324137768,0.4650000000000034,0.5478013619557061,0.5478013619557061,0.18772199999997952,179.61811812056868,179.61811812056868,0.9694787859916687,0.9675536155700684,,0.8267564454682378,0.8332772215823514,,0.0036342061745623746,0.005790875526145101,-0.002156669351582726,True,True,prototype,prototype,,133.2353669999975,,RuntimeError: ModuleNotFoundError: No module named 'nvdiffrast',RuntimeError: ModuleNotFoundError: No module named 'nvdiffrast'
000020.jpg,254486.1941119357,3364570.4527881066,99.04,29.19999999999999,254483.17411780026,3364574.2243611068,97.778,30.333890999999994,254481.32884874984,3364578.792621199,97.6921167531982,-148.5316593376885,init,4.831679570647073,9.65523701817068,4.831679570647073,1.2620000000000005,1.3478832468017998,1.2620000000000005,1.1338910000000055,177.73165933768848,1.1338910000000055,0.9344969987869263,0.9792920351028442,,0.8433147139927879,0.824878031535035,,0.0036279632865140834,0.006447119017442067,-0.0028191557309279838,False,True,prototype,prototype,,112.5965790000123,,RuntimeError: ModuleNotFoundError: No module named 'nvdiffrast',RuntimeError: ModuleNotFoundError: No module named 'nvdiffrast'
000021.jpg,254486.6819732777,3364571.3257170757,98.949,29.19999999999999,254490.58757483566,3364566.5267074187,98.647,26.58156600000001,254491.9214483319,3364560.337043011,98.54641657602042,-156.0320878846765,init,6.187424118118592,12.173867772500197,6.187424118118592,0.3019999999999925,0.40258342397957847,0.3019999999999925,2.6184339999999793,174.7679121153235,2.6184339999999793,0.9541279077529907,0.9685297608375549,,0.8340078122250766,0.8294154907273815,,0.005449602846056223,0.007677393189320962,-0.002227790343264739,False,True,prototype,prototype,,115.6119010000225,,RuntimeError: ModuleNotFoundError: No module named 'nvdiffrast',RuntimeError: ModuleNotFoundError: No module named 'nvdiffrast'
000022.jpg,254487.1698342946,3364572.1986349765,98.853,29.19999999999999,254487.90199036128,3364576.7417608076,100.876,25.643771000000015,254483.75077631942,3364579.060374737,100.97802321705967,-157.90846484764535,init,4.601743672001107,7.666383109080751,4.601743672001107,2.0230000000000103,2.1250232170596774,2.0230000000000103,3.5562289999999734,172.89153515235466,3.5562289999999734,0.9875261783599854,1.0102118253707886,,0.8275916868257023,0.8200872282944573,,0.006375281761089961,0.0094076469540596,-0.00303236519296964,False,True,prototype,prototype,,111.14384500001506,,RuntimeError: ModuleNotFoundError: No module named 'nvdiffrast',RuntimeError: ModuleNotFoundError: No module named 'nvdiffrast'
000023.jpg,254487.65768563029,3364573.0715531097,98.747,29.19999999999999,254485.93284718867,3364575.1821985436,100.326,30.04242099999999,254484.7914366029,3364577.606055741,100.24622308183461,-149.11473470785853,init,2.7257827861494097,5.36442891668419,2.7257827861494097,1.5789999999999935,1.4992230818346144,1.5789999999999935,0.8424210000000016,178.31473470785852,0.8424210000000016,0.8774701952934265,0.9332327246665955,,0.8654976937431781,0.8444068870814408,,0.0022828292955333986,0.0044020461694647866,-0.002119216873931388,False,True,prototype,prototype,,142.4218489999589,,RuntimeError: ModuleNotFoundError: No module named 'nvdiffrast',RuntimeError: ModuleNotFoundError: No module named 'nvdiffrast'
000024.jpg,254488.14554675412,3364573.944482133,98.727,29.19999999999999,254485.90709415788,3364574.8358719144,98.711,28.792519,254486.290447789,3364577.1342483535,98.7871441245079,-151.61717049018318,init,2.4094077629936126,3.6899865465049797,2.4094077629936126,0.016000000000005343,0.06014412450790019,0.016000000000005343,0.40748099999999,179.18282950981683,0.40748099999999,0.8774460554122925,0.9174599647521973,,0.8731106088430569,0.855805904788812,,0.001742110859292249,0.0027580754443382225,-0.0010159645850459735,False,True,prototype,prototype,,128.72392500003116,,RuntimeError: ModuleNotFoundError: No module named 'nvdiffrast',RuntimeError: ModuleNotFoundError: No module named 'nvdiffrast'
000025.jpg,254488.63340755538,3364574.8174000834,98.748,29.19999999999999,254486.42999527688,3364575.979178011,99.056,29.014031999999986,254486.34803542538,3364578.4094847096,99.07494575437158,-151.16854439426874,init,2.4909342869597335,4.257463767823723,2.4909342869597335,0.3079999999999927,0.3269457543715788,0.3079999999999927,0.18596800000000258,179.63145560573128,0.18596800000000258,0.8637592196464539,0.9126954674720764,,0.8703373208700723,0.8513950488576326,,0.0017045660060830414,0.0030242315648744502,-0.0013196655587914088,False,True,prototype,prototype,,119.70614099999466,,RuntimeError: ModuleNotFoundError: No module named 'nvdiffrast',RuntimeError: ModuleNotFoundError: No module named 'nvdiffrast'
000026.jpg,254489.12126853588,3364575.6903291424,98.767,29.19999999999999,254488.4562069574,3364571.835577877,98.281,31.612899,254491.80186450144,3364570.1980604427,98.42175648268312,-145.97629868703808,init,3.9117022155153895,6.111514558613466,3.9117022155153895,0.48599999999999,0.34524351731687375,0.48599999999999,2.41289900000001,175.17629868703807,2.41289900000001,0.9641966819763184,0.9925292134284973,,0.8339333696282116,0.8199188633849072,,0.00477364961989224,0.007409687930097182,-0.0026360383102049427,False,True,prototype,prototype,,121.67787499998894,,RuntimeError: ModuleNotFoundError: No module named 'nvdiffrast',RuntimeError: ModuleNotFoundError: No module named 'nvdiffrast'
000027.jpg,254489.60912919132,3364576.5632471307,98.764,29.19999999999999,254489.03745466477,3364572.2441506623,100.098,30.260531000000015,254492.5290090772,3364570.3844436086,100.14115814026445,-148.6822794944148,init,4.356765551135366,6.8339821124439455,4.356765551135366,1.3340000000000032,1.3771581402644557,1.3340000000000032,1.0605310000000259,177.88227949441477,1.0605310000000259,0.9483323097229004,0.9708126783370972,,0.8372347755419324,0.830680352631486,,0.003410633459376792,0.004961248952895403,-0.001550615493518611,False,True,prototype,prototype,,111.06318200000942,,RuntimeError: ModuleNotFoundError: No module named 'nvdiffrast',RuntimeError: ModuleNotFoundError: No module named 'nvdiffrast'
000028.jpg,254490.096989777,3364577.4361651368,98.712,29.19999999999999,254496.42125349495,3364577.623706178,98.25,26.304710999999998,254492.1823166694,3364572.282960939,98.42881659418344,-156.59184178798773,init,6.327043797561451,5.559145775175418,6.327043797561451,0.4620000000000033,0.2831834058165583,0.4620000000000033,2.895288999999991,174.20815821201228,2.895288999999991,0.9729653596878052,0.9804813265800476,,0.8313223213497041,0.8269057503754086,,0.005361479241400957,0.008030468598008156,-0.0026689893566071987,False,True,prototype,prototype,,124.65395399999579,,RuntimeError: ModuleNotFoundError: No module named 'nvdiffrast',RuntimeError: ModuleNotFoundError: No module named 'nvdiffrast'
000029.jpg,254490.5848505393,3364578.309094248,98.79,29.19999999999999,254494.55635870708,3364586.0176285086,97.969,27.905824999999993,254485.69827769205,3364587.144465029,98.059874095954,-153.38939617756972,init,8.671469170548388,10.096651475987215,8.671469170548388,0.8210000000000122,0.7301259040460053,0.8210000000000122,1.2941749999999956,177.4106038224303,1.2941749999999956,0.9849799275398254,1.0027514696121216,,0.8274287930062042,0.8190214326001128,,0.0060715243841211,0.006238588442405065,-0.00016706405828396421,False,True,prototype,prototype,,124.38290399995822,,RuntimeError: ModuleNotFoundError: No module named 'nvdiffrast',RuntimeError: ModuleNotFoundError: No module named 'nvdiffrast'
000030.jpg,254491.07271098028,3364579.1820122893,99.143,29.19999999999999,254492.86127000826,3364576.6909749797,98.873,28.500325000000004,254493.37947600245,3364573.326939268,99.01478204037994,-152.2046183318035,init,3.066628486555273,6.293095021668985,3.066628486555273,0.269999999999996,0.12821795962005922,0.269999999999996,0.699674999999985,178.59538166819652,0.699674999999985,0.8890638947486877,0.9622024893760681,,0.8628893492994346,0.833356744039049,,0.0023617190696919956,0.00482746830675751,-0.002465749237065514,False,True,prototype,prototype,,112.3124480000115,,RuntimeError: ModuleNotFoundError: No module named 'nvdiffrast',RuntimeError: ModuleNotFoundError: No module named 'nvdiffrast'
000031.jpg,254491.56057134792,3364580.0549303493,100.06,29.19999999999999,254492.1364406346,3364583.339386812,100.082,31.03782000000001,254488.5604901387,3364584.0154773793,100.09159699361771,-147.13289915021764,init,3.3345583950605704,4.968543049872783,3.3345583950605704,0.02199999999999136,0.03159699361771118,0.02199999999999136,1.837820000000022,176.33289915021763,1.837820000000022,0.9416055679321289,0.9809698462486267,,0.8409199216336904,0.8264115643256791,,0.004129876305038731,0.006250377589215835,-0.002120501284177104,False,True,prototype,prototype,,133.56914600001346,,RuntimeError: ModuleNotFoundError: No module named 'nvdiffrast',RuntimeError: ModuleNotFoundError: No module named 'nvdiffrast'
000032.jpg,254492.0484222808,3364580.9278597296,100.365,29.19999999999999,254490.78875752963,3364581.91125158,98.227,26.300104000000005,254490.4240839952,3364583.3905582502,98.55814510490745,-156.5903208800136,init,1.5980659612311043,2.9501455675155133,1.5980659612311043,2.137999999999991,1.8068548950925418,2.137999999999991,2.899895999999984,174.2096791199864,2.899895999999984,0.9845866560935974,1.0129042863845825,,0.8274647887323944,0.822112676056338,,0.005509958136826754,0.008421712399770817,-0.002911754262944063,False,True,prototype,prototype,,122.06918999999061,,RuntimeError: ModuleNotFoundError: No module named 'nvdiffrast',RuntimeError: ModuleNotFoundError: No module named 'nvdiffrast'
000033.jpg,254492.53628250488,3364581.800777825,100.6,29.19999999999999,254494.92402733798,3364580.030330129,101.18,30.284689000000014,254495.04043912268,3364576.6016095406,101.54360836651176,-148.62594679926795,init,2.972509113967172,5.770801609500465,2.972509113967172,0.5800000000000125,0.9436083665117678,0.5800000000000125,1.0846890000000258,177.82594679926794,1.0846890000000258,0.8794280290603638,0.9561247229576111,,0.8617053117132344,0.8363703586330745,,0.0026838199119083583,0.0048540392114470405,-0.002170219299538682,False,True,prototype,prototype,,118.20202500001642,,RuntimeError: ModuleNotFoundError: No module named 'nvdiffrast',RuntimeError: ModuleNotFoundError: No module named 'nvdiffrast'
000034.jpg,254493.02414265557,3364582.6736959373,102.523,29.19999999999999,254496.99098011493,3364585.1092775986,103.54,28.97665699999999,254492.5009077661,3364582.8323795404,103.67348677385598,-151.24581360154585,refined,4.654874590987484,0.5467679905276859,0.5467679905276859,1.0170000000000101,1.150486773855988,1.150486773855988,0.22334299999999985,179.55418639845414,179.55418639845414,0.9607400298118591,0.7350350022315979,,0.8341817413206982,0.9337889489722228,,0.0031497655048345528,0.0008454287696319321,0.0023043367352026207,True,True,prototype,prototype,,112.45131200001879,,RuntimeError: ModuleNotFoundError: No module named 'nvdiffrast',RuntimeError: ModuleNotFoundError: No module named 'nvdiffrast'
000035.jpg,254493.51200298526,3364583.546625154,109.709,29.19999999999999,254491.4171550231,3364581.3519457392,109.221,26.940341999999987,254494.45322451345,3364581.503489282,109.29382867179811,-155.32770720203192,init,3.0339752336628685,2.2495115374314913,3.0339752336628685,0.48799999999999955,0.4151713282018932,0.48799999999999955,2.2596580000000017,175.47229279796807,2.2596580000000017,0.9711259603500366,0.9873462915420532,,0.8324104119638827,0.8305410553047404,,0.00483383455624183,0.007220528709391753,-0.0023866941531499233,False,True,prototype,prototype,,115.11417099995924,,RuntimeError: ModuleNotFoundError: No module named 'nvdiffrast',RuntimeError: ModuleNotFoundError: No module named 'nvdiffrast'
000036.jpg,254493.9998629914,3364584.419543303,109.246,29.19999999999999,254492.35753232913,3364584.1418327345,109.498,28.52221800000001,254493.4271537855,3364585.199733455,109.55198682006449,-152.15264904069753,init,1.6656449694115103,0.9678287596260403,1.6656449694115103,0.25200000000000955,0.30598682006448996,0.25200000000000955,0.6777819999999792,178.64735095930246,0.6777819999999792,0.8596808910369873,0.9121083617210388,,0.8784586027774833,0.8551892293013887,,0.0017298431678985555,0.0027584900769094625,-0.001028646909010907,False,True,prototype,prototype,,116.3006399999631,,RuntimeError: ModuleNotFoundError: No module named 'nvdiffrast',RuntimeError: ModuleNotFoundError: No module named 'nvdiffrast'
000037.jpg,254494.4877231754,3364585.2924725553,108.735,29.19999999999999,254488.71667938455,3364585.0756172,108.96,31.36895100000001,254491.3540560878,3364589.9607871175,109.1842275224626,-146.46323163945866,init,5.775116681156617,5.62254659984959,5.775116681156617,0.22499999999999432,0.449227522462607,0.22499999999999432,2.168951000000021,175.66323163945864,2.168951000000021,0.9519370794296265,0.9857593774795532,,0.8364881759433713,0.824760965645965,,0.004525828718518217,0.0070347848037878675,-0.0025089560852696504,False,True,prototype,prototype,,110.35612699998865,,RuntimeError: ModuleNotFoundError: No module named 'nvdiffrast',RuntimeError: ModuleNotFoundError: No module named 'nvdiffrast'
000038.jpg,254494.97558303815,3364586.1653907383,108.295,29.19999999999999,254496.70917623877,3364584.234702948,107.571,33.221194999999994,254497.5013562764,3364581.5614822456,107.53141676541418,-142.7591089386968,init,2.5947833683667025,5.251238316850169,2.5947833683667025,0.7240000000000038,0.7635832345858233,0.7240000000000038,4.021195000000006,171.9591089386968,4.021195000000006,0.9825019836425781,0.996526300907135,,0.8245932558918404,0.8214380144894325,,0.006836351162443559,0.009377541486173868,-0.0025411903237303095,False,True,prototype,prototype,,112.185855000007,,RuntimeError: ModuleNotFoundError: No module named 'nvdiffrast',RuntimeError: ModuleNotFoundError: No module named 'nvdiffrast'
000039.jpg,254495.46344282592,3364587.03830894,108.283,29.19999999999999,254497.73336219703,3364592.5326271076,110.412,27.56383299999999,254491.8040171154,3364593.9208548,110.39918140228838,-154.07248648818697,init,5.944751136847968,7.794923607447732,5.944751136847968,2.129000000000005,2.116181402288376,2.129000000000005,1.6361670000000004,176.72751351181307,1.6361670000000004,0.9719345569610596,0.9983941912651062,,0.8320267567998018,0.8223822753897609,,0.004761276533827186,0.006296379879737894,-0.0015351033459107084,False,True,prototype,prototype,,124.04515500003299,,RuntimeError: ModuleNotFoundError: No module named 'nvdiffrast',RuntimeError: ModuleNotFoundError: No module named 'nvdiffrast'
000040.jpg,254495.95130279433,3364587.911238245,108.271,29.19999999999999,254497.10711519374,3364589.285735573,108.831,30.283804000000003,254495.08561022527,3364588.9262955133,108.82070872094482,-148.62753723323823,init,1.7958689281700833,1.3340782891646221,1.7958689281700833,0.5600000000000023,0.549708720944821,0.5600000000000023,1.0838040000000149,177.82753723323822,1.0838040000000149,0.8899040818214417,0.9409524202346802,,0.8622120625989098,0.8419553367328996,,0.002561702082554499,0.004185643047094345,-0.001623940964539846,False,True,prototype,prototype,,126.68645200000128,,RuntimeError: ModuleNotFoundError: No module named 'nvdiffrast',RuntimeError: ModuleNotFoundError: No module named 'nvdiffrast'
000041.jpg,254496.43916243885,3364588.7841564827,108.26,29.19999999999999,254497.0453270637,3364589.3065422764,106.758,28.86919800000001,254496.18602318538,3364588.813091759,106.9047357365489,-151.46126111710848,init,0.800201518323074,0.254787621110876,0.800201518323074,1.5020000000000095,1.3552642634511045,1.5020000000000095,0.33080199999997717,179.33873888289156,0.33080199999997717,0.6982875466346741,0.7859452962875366,,0.9456874678400965,0.9092425344665448,,0.000734604875712345,0.001289733995993932,-0.000555129120281587,False,True,prototype,prototype,,115.93046899997717,,RuntimeError: ModuleNotFoundError: No module named 'nvdiffrast',RuntimeError: ModuleNotFoundError: No module named 'nvdiffrast'
000042.jpg,254496.92702201233,3364589.6570747383,108.246,29.19999999999999,254494.68416327782,3364590.035344064,107.778,30.43704199999999,254495.27073222285,3364591.9812750733,107.8343626363203,-148.32577285066105,init,2.274533575383041,2.853980214322826,2.274533575383041,0.4679999999999893,0.41163736367970216,0.4679999999999893,1.2370420000000024,177.52577285066104,1.2370420000000024,0.9056333899497986,0.9497657418251038,,0.8569132400734775,0.8382789317507419,,0.0025987248518504202,0.004798661374176542,-0.002199936522326122,False,True,prototype,prototype,,125.13837299997022,,RuntimeError: ModuleNotFoundError: No module named 'nvdiffrast',RuntimeError: ModuleNotFoundError: No module named 'nvdiffrast'
000043.jpg,254497.4148817626,3364590.5300040958,108.195,29.19999999999999,254499.87211059433,3364591.456081738,108.511,29.38589300000001,254497.2817505131,3364589.371038334,108.82829763554037,-150.43305117275625,refined,2.6259461782954245,1.166587144863437,1.166587144863437,0.3160000000000025,0.633297635540373,0.633297635540373,0.1858930000000214,179.63305117275624,179.63305117275624,0.869205892086029,0.7461316585540771,,0.8652875348607336,0.9187171250044127,,0.001795277154694001,0.0009965555121501286,0.0007987216425438723,True,True,prototype,prototype,,106.16993999997248,,RuntimeError: ModuleNotFoundError: No module named 'nvdiffrast',RuntimeError: ModuleNotFoundError: No module named 'nvdiffrast'
000044.jpg,254497.90274119028,3364591.402922387,108.131,29.19999999999999,254496.55934769177,3364590.9094133656,107.635,29.975974000000008,254497.36693688194,3364591.4673994924,107.96591711603105,-149.24411445151623,init,1.4311733807480536,0.5396698564726219,1.4311733807480536,0.4959999999999951,0.16508288396894955,0.4959999999999951,0.7759740000000193,178.4441144515162,0.7759740000000193,0.8247736692428589,0.9198570251464844,,0.8871346164023497,0.8495598638135727,,0.001687987707555294,0.0030780133480827012,-0.0013900256405274072,False,True,prototype,prototype,,126.5602299999955,,RuntimeError: ModuleNotFoundError: No module named 'nvdiffrast',RuntimeError: ModuleNotFoundError: No module named 'nvdiffrast'
000045.jpg,254498.3906005469,3364592.275840694,107.985,29.19999999999999,254498.43294668294,3364594.019718475,106.657,30.975558000000007,254496.47893779996,3364594.274469626,107.00929870922118,-147.24960519385354,init,1.744391845490635,2.76567750580272,1.744391845490635,1.328000000000003,0.9757012907788152,1.328000000000003,1.775558000000018,176.44960519385353,1.775558000000018,0.9292885065078735,0.9767733812332153,,0.8458862994350282,0.8291666666666667,,0.00370428249395142,0.006181947498892744,-0.0024776650049413242,False,True,prototype,prototype,,110.91668599999593,,RuntimeError: ModuleNotFoundError: No module named 'nvdiffrast',RuntimeError: ModuleNotFoundError: No module named 'nvdiffrast'
000046.jpg,254498.87846007897,3364593.148770106,107.963,29.19999999999999,254496.59037741576,3364590.9459172846,107.766,28.073230999999993,254499.4653137568,3364591.3818706917,108.16164144873619,-153.05742423810773,init,3.1761427591638522,1.8618084701885853,3.1761427591638522,0.19699999999998852,0.19864144873619693,0.19699999999998852,1.126768999999996,177.74257576189228,1.126768999999996,0.9140989184379578,0.963054358959198,,0.8519383961763144,0.8377942998760842,,0.003166252359127005,0.004433546642151971,-0.0012672942830249663,False,True,prototype,prototype,,127.57475000000795,,RuntimeError: ModuleNotFoundError: No module named 'nvdiffrast',RuntimeError: ModuleNotFoundError: No module named 'nvdiffrast'
000047.jpg,254499.3663192911,3364594.0216884497,108.063,29.19999999999999,254500.23969541822,3364592.2991917715,106.994,27.50839400000001,254500.75020778278,3364590.309813627,107.11036276817322,-154.18098336315873,init,1.9312640072184801,3.9614595865966096,1.9312640072184801,1.0690000000000026,0.9526372318267846,1.0690000000000026,1.6916059999999788,176.61901663684125,1.6916059999999788,0.9274570345878601,0.9972431063652039,,0.8507446808510638,0.8256914893617021,,0.0034861405535290637,0.006143960791329543,-0.0026578202378004794,False,True,prototype,prototype,,149.55171100001508,,RuntimeError: ModuleNotFoundError: No module named 'nvdiffrast',RuntimeError: ModuleNotFoundError: No module named 'nvdiffrast'
000048.jpg,254499.8541784295,3364594.894606811,108.127,29.19999999999999,254503.79012815637,3364595.027389651,106.96,29.216755000000006,254501.12685448097,3364591.2811480435,107.44159816391766,-150.76796492626698,refined,3.9381888648368575,3.8310297044879036,3.8310297044879036,1.1670000000000016,0.6854018360823346,0.6854018360823346,0.016755000000017617,179.96796492626697,179.96796492626697,0.9527958035469055,0.9242236614227295,,0.8356348462612939,0.8436975087080291,,0.0027223110664635897,0.00285283598350361,-0.00013052491704002023,True,True,prototype,prototype,,109.92325800003755,,RuntimeError: ModuleNotFoundError: No module named 'nvdiffrast',RuntimeError: ModuleNotFoundError: No module named 'nvdiffrast'
000049.jpg,254500.342037746,3364595.7675362774,108.423,29.19999999999999,254495.6741981027,3364601.1362355524,106.899,30.157505000000015,254493.2647310408,3364607.6369385584,107.27177345193923,-148.8809778969322,init,7.114187152486687,13.819225040065728,7.114187152486687,1.524000000000001,1.1512265480607766,1.524000000000001,0.957505000000026,178.08097789693218,0.957505000000026,0.9685739278793335,1.014145016670227,,0.8308320028383892,0.8164626574419017,,0.004787134006619453,0.007735952114065488,-0.0029488181074460345,False,True,prototype,prototype,,118.35605699997132,,RuntimeError: ModuleNotFoundError: No module named 'nvdiffrast',RuntimeError: ModuleNotFoundError: No module named 'nvdiffrast'
000050.jpg,254500.8298967411,3364596.6404546727,108.986,29.19999999999999,254502.4607754522,3364592.2904305407,109.286,31.194344,254505.27442170636,3364588.276475974,109.57032595667988,-146.8047087831883,init,4.645694277476121,9.471533236046463,4.645694277476121,0.29999999999999716,0.5843259566798764,0.29999999999999716,1.9943440000000123,176.00470878318828,1.9943440000000123,0.933617115020752,0.9722203612327576,,0.8460582386363636,0.8305397727272728,,0.00446720343704025,0.006758075052251418,-0.0022908716152111683,False,True,prototype,prototype,,120.49488099995642,,RuntimeError: ModuleNotFoundError: No module named 'nvdiffrast',RuntimeError: ModuleNotFoundError: No module named 'nvdiffrast'
000051.jpg,254501.31775566272,3364597.513373088,109.47,29.19999999999999,254502.72048852473,3364598.2964227013,110.419,29.52180899999999,254500.8994642407,3364597.3422817127,110.75113492459059,-150.16303528705456,refined,1.6064949981140477,0.45192916753578705,0.45192916753578705,0.9489999999999981,1.2811349245905888,1.2811349245905888,0.3218090000000018,179.36303528705454,179.36303528705454,0.8015150427818298,0.7610310316085815,,0.9070975289821676,0.9139043499840465,,0.0012085735603856544,0.0012755753899303575,-6.700182954470302e-05,True,True,prototype,prototype,,117.21656700001404,,RuntimeError: ModuleNotFoundError: No module named 'nvdiffrast',RuntimeError: ModuleNotFoundError: No module named 'nvdiffrast'
000052.jpg,254501.8056243737,3364598.3863023897,109.903,29.19999999999999,254502.8148914028,3364598.006163149,110.535,27.31723199999999,254502.43362399572,3364596.736226604,110.67018075287342,-154.56257068956288,init,1.078483091317743,1.7655406039509705,1.078483091317743,0.6319999999999908,0.7671807528734149,0.6319999999999908,1.8827679999999987,176.23742931043716,1.8827679999999987,0.9473922252655029,0.9977571368217468,,0.8410584328410937,0.8263972302692009,,0.0036684289031351605,0.006504322091738383,-0.002835893188603223,False,True,prototype,prototype,,125.57948000005581,,RuntimeError: ModuleNotFoundError: No module named 'nvdiffrast',RuntimeError: ModuleNotFoundError: No module named 'nvdiffrast'
000053.jpg,254502.29348315197,3364599.25922084,105.101,29.19999999999999,254504.66876680404,3364597.743319407,104.01,29.930498,254504.19660177908,3364594.4668952455,104.37390380818397,-149.33905045734977,init,2.8177880654662877,5.15637906987246,2.8177880654662877,1.090999999999994,0.727096191816031,1.090999999999994,0.7304980000000114,178.53905045734976,0.7304980000000114,0.8563929200172424,0.9293696284294128,,0.873042000743376,0.8452715977273934,,0.002232455493261417,0.0040304660021017,-0.001798010508840283,False,True,prototype,prototype,,128.0968109999776,,RuntimeError: ModuleNotFoundError: No module named 'nvdiffrast',RuntimeError: ModuleNotFoundError: No module named 'nvdiffrast'
000054.jpg,254502.78134185664,3364600.132139307,100.478,29.19999999999999,254507.86020275837,3364603.0171724036,99.962,30.596118999999987,254502.34218852327,3364599.959612275,100.03033752925694,-148.01559777425155,init,5.841082436323703,0.47182753943646977,5.841082436323703,0.5159999999999911,0.44766247074305454,0.5159999999999911,1.3961189999999988,177.21559777425153,1.3961189999999988,0.9700512290000916,0.9712461829185486,,0.8325760533882361,0.8304107060452238,,0.004704439469302694,0.00516180251725018,-0.00045736304794748595,False,True,prototype,prototype,,137.84173999999894,,RuntimeError: ModuleNotFoundError: No module named 'nvdiffrast',RuntimeError: ModuleNotFoundError: No module named 'nvdiffrast'
000055.jpg,254503.2692007406,3364601.00506888,98.951,29.19999999999999,254501.906576115,3364600.63300189,99.04,24.565563999999995,254502.93115754882,3364601.2325870506,99.13600227516145,-160.0680225665304,init,1.4125083062805972,0.40747726004304474,1.4125083062805972,0.08900000000001285,0.18500227516145173,0.08900000000001285,4.634435999999994,170.73197743346964,4.634435999999994,1.0228310823440552,1.0319347381591797,,0.8190647290062079,0.8167701310944698,,0.007495057924340169,0.01004710809017221,-0.002552050165832042,False,True,prototype,prototype,,121.4179369999897,,RuntimeError: ModuleNotFoundError: No module named 'nvdiffrast',RuntimeError: ModuleNotFoundError: No module named 'nvdiffrast'
000056.jpg,254503.75705929942,3364601.8779873825,102.354,29.19999999999999,254504.3319063919,3364598.789162376,101.656,26.251218999999992,254506.4523011825,3364596.3692093496,101.51034024264663,-156.69901132035537,init,3.1418607703918777,6.132777855382268,3.1418607703918777,0.6979999999999933,0.8436597573533646,0.6979999999999933,2.9487809999999968,174.10098867964462,2.9487809999999968,0.9869682788848877,1.0538564920425415,,0.8294548818673498,0.816929974380871,,0.005578315040717523,0.008248330559581518,-0.0026700155188639956,False,True,prototype,prototype,,128.40026800000715,,RuntimeError: ModuleNotFoundError: No module named 'nvdiffrast',RuntimeError: ModuleNotFoundError: No module named 'nvdiffrast'
000057.jpg,254504.24491778726,3364602.750905902,103.056,29.19999999999999,254499.69524332203,3364599.9211164443,103.882,32.532083,254503.76641182997,3364602.4701111563,104.33344661444426,-144.14265704008682,init,5.357914343783149,0.5548095532860753,5.357914343783149,0.8260000000000076,1.2774466144442584,0.8260000000000076,3.3320830000000115,173.3426570400868,3.3320830000000115,0.9635525345802307,1.000196933746338,,0.8328133078966605,0.8190311480378697,,0.006085902840519945,0.008859979609648386,-0.002774076769128441,False,True,prototype,prototype,,115.48143999999638,,RuntimeError: ModuleNotFoundError: No module named 'nvdiffrast',RuntimeError: ModuleNotFoundError: No module named 'nvdiffrast'
000058.jpg,254504.73277645436,3364603.623835528,102.969,29.19999999999999,254504.65716325736,3364606.8992046188,102.705,25.37605400000001,254502.20627580283,3364609.054112867,102.54820943344384,-158.44888927496368,init,3.2762417550560237,5.98925016363495,3.2762417550560237,0.2639999999999958,0.42079056655614977,0.2639999999999958,3.823945999999978,172.35111072503634,3.823945999999978,1.0276787281036377,1.0638775825500488,,0.8181283632087238,0.8085421047004739,,0.006733534624800086,0.009423556737601757,-0.002690022112801671,False,True,prototype,prototype,,118.2130320000283,,RuntimeError: ModuleNotFoundError: No module named 'nvdiffrast',RuntimeError: ModuleNotFoundError: No module named 'nvdiffrast'
000059.jpg,254505.22063479756,3364604.4967540847,102.227,29.19999999999999,254505.67038451316,3364605.833701678,101.799,29.804448000000008,254504.04348213464,3364606.14859057,101.89756313711405,-149.59797109679386,init,1.41056856412715,2.028361941429212,1.41056856412715,0.42799999999999727,0.32943686288595586,0.42799999999999727,0.6044480000000192,178.79797109679384,0.6044480000000192,0.8151782751083374,0.8897795677185059,,0.8947106409458618,0.8627255756067206,,0.0015292491783232738,0.0026242515499082706,-0.0010950023715849968,False,True,prototype,prototype,,142.07784799998535,,RuntimeError: ModuleNotFoundError: No module named 'nvdiffrast',RuntimeError: ModuleNotFoundError: No module named 'nvdiffrast'
000060.jpg,254505.70849306977,3364605.3696726593,98.96,29.19999999999999,254507.4261682398,3364602.779450815,97.483,28.757492000000013,254508.23997172998,3364599.6882382003,97.69099507294595,-151.6885848980076,init,3.107998904696465,6.2198940280051875,3.107998904696465,1.4769999999999897,1.2690049270540413,1.4769999999999897,0.44250799999997525,179.1114151019924,0.44250799999997525,0.8975259065628052,0.961970329284668,,0.8587616926503341,0.8331581291759466,,0.002286316710524261,0.004511767105820279,-0.0022254503952960176,False,True,prototype,prototype,,123.53356500000245,,RuntimeError: ModuleNotFoundError: No module named 'nvdiffrast',RuntimeError: ModuleNotFoundError: No module named 'nvdiffrast'
000061.jpg,254506.19636113007,3364606.2426021206,98.721,29.19999999999999,254505.5631732929,3364605.1846127613,99.708,32.651178000000016,254506.2534545498,3364605.04049212,99.98472330253571,-143.90175677366983,init,1.2329916146010917,1.2034650438153942,1.2329916146010917,0.9869999999999948,1.263723302535709,0.9869999999999948,3.451178000000027,173.10175677366982,3.451178000000027,0.9952539801597595,0.9979943633079529,,0.8215537331222316,0.8182626794513724,,0.00614298755923907,0.00904302392154932,-0.0029000363623102503,False,True,prototype,prototype,,127.44467499999246,,RuntimeError: ModuleNotFoundError: No module named 'nvdiffrast',RuntimeError: ModuleNotFoundError: No module named 'nvdiffrast'
000062.jpg,254506.68421925642,3364607.115520729,98.698,29.19999999999999,254505.43428045476,3364609.212182415,99.639,30.62631300000001,254503.93751590615,3364611.036758896,99.76620100997388,-147.9460485157247,init,2.4409705514998064,4.787534653113458,2.4409705514998064,0.9410000000000025,1.0682010099738903,0.9410000000000025,1.4263130000000217,177.1460485157247,1.4263130000000217,0.9097986221313477,0.9798394441604614,,0.8563900103612133,0.829004251670299,,0.003136859624646604,0.005413682355235021,-0.0022768227305884165,False,True,prototype,prototype,,137.86577000001898,,RuntimeError: ModuleNotFoundError: No module named 'nvdiffrast',RuntimeError: ModuleNotFoundError: No module named 'nvdiffrast'
000063.jpg,254507.1720773116,3364607.988439356,98.715,29.19999999999999,254510.31453358376,3364606.820709934,99.455,33.248964,254509.67559157123,3364603.33588424,99.80979743413627,-142.7020963155616,init,3.352405617664904,5.283356201828462,3.352405617664904,0.7399999999999949,1.094797434136268,0.7399999999999949,4.048964000000012,171.90209631556158,4.048964000000012,0.9877394437789917,1.0013400316238403,,0.8247754103338036,0.81738136486221,,0.007056742596129577,0.009636883003016313,-0.002580140406886737,False,True,prototype,prototype,,121.1674340000286,,RuntimeError: ModuleNotFoundError: No module named 'nvdiffrast',RuntimeError: ModuleNotFoundError: No module named 'nvdiffrast'
000064.jpg,254507.65993529343,3364608.861358001,98.707,29.19999999999999,254510.07093405444,3364607.0016813395,99.315,31.724761,254510.295026695,3364603.871087197,99.19293650053442,-145.75066211035806,init,3.044882971593019,5.643271160307505,3.044882971593019,0.6080000000000041,0.4859365005344216,0.6080000000000041,2.5247610000000122,174.95066211035805,2.5247610000000122,0.9645676016807556,0.9840636849403381,,0.8327895887857168,0.8270354569246764,,0.005100677216735979,0.007683524241050084,-0.0025828470243141055,False,True,prototype,prototype,,115.91087199997219,,RuntimeError: ModuleNotFoundError: No module named 'nvdiffrast',RuntimeError: ModuleNotFoundError: No module named 'nvdiffrast'
000065.jpg,254508.14779345438,3364609.734287751,98.712,29.19999999999999,254509.25475385156,3364608.0440785135,100.255,26.700466000000006,254509.52943449456,3364605.909743052,100.438013009727,-155.79422055639415,init,2.020437721659263,4.066457194908963,2.020437721659263,1.5429999999999922,1.726013009726998,1.5429999999999922,2.499533999999983,175.0057794436059,2.499533999999983,0.9911785125732422,1.0499578714370728,,0.8294554234105338,0.8151658767772512,,0.004780674430852135,0.007707326052089532,-0.002926651621237397,False,True,prototype,prototype,,106.7526499999758,,RuntimeError: ModuleNotFoundError: No module named 'nvdiffrast',RuntimeError: ModuleNotFoundError: No module named 'nvdiffrast'
000066.jpg,254508.6356512916,3364610.6072064326,98.912,29.19999999999999,254510.14593470003,3364610.5586843425,97.718,31.63889900000001,254509.01400987452,3364609.010987074,98.00463643763214,-145.92870959523165,init,1.5110626615027245,1.6404485538140061,1.5110626615027245,1.1940000000000026,0.9073635623678626,1.1940000000000026,2.4388990000000206,175.12870959523164,2.4388990000000206,0.9662997722625732,0.9841828942298889,,0.8309044686336293,0.8246025494127757,,0.00487221940420568,0.00763809618850549,-0.0027658767842998104,False,True,prototype,prototype,,177.10483000001886,,RuntimeError: ModuleNotFoundError: No module named 'nvdiffrast',RuntimeError: ModuleNotFoundError: No module named 'nvdiffrast'
000067.jpg,254509.12351866785,3364611.480124913,99.093,29.19999999999999,254510.16717395943,3364607.979734102,99.694,28.336798999999985,254511.98376844128,3364604.790794164,99.75288725458086,-152.52716885252346,init,3.652663712946468,7.275175230793499,3.652663712946468,0.6009999999999991,0.6598872545808518,0.6009999999999991,0.8632010000000037,178.27283114747655,0.8632010000000037,0.90498286485672,0.9916378855705261,,0.8599214180311839,0.8266218642772059,,0.00296865306639423,0.00536376005038619,-0.0023951069839919605,False,True,prototype,prototype,,113.6105319999956,,RuntimeError: ModuleNotFoundError: No module named 'nvdiffrast',RuntimeError: ModuleNotFoundError: No module named 'nvdiffrast'
000068.jpg,254509.61137661187,3364612.3530547153,99.234,29.19999999999999,254503.9030082926,3364610.2863399507,99.498,30.471406,254508.38731009464,3364613.9797213394,99.57428420335054,-148.2583375799401,refined,6.070978404380088,2.035775809011784,2.035775809011784,0.26400000000001,0.3402842033505493,0.3402842033505493,1.2714060000000131,177.4583375799401,177.4583375799401,0.9850740432739258,0.9725664258003235,,0.8258339729059203,0.8310457458011316,,0.004238460096530616,0.004824606973367433,-0.0005861468768368168,True,True,prototype,prototype,,112.67145599998685,,RuntimeError: ModuleNotFoundError: No module named 'nvdiffrast',RuntimeError: ModuleNotFoundError: No module named 'nvdiffrast'
000069.jpg,254510.09923423218,3364613.225973449,99.111,29.19999999999999,254510.59593040636,3364613.3614717303,99.581,28.778048000000013,254509.83416216495,3364612.8551708697,99.8771201223135,-151.64379200673034,init,0.5148464563544212,0.4558045126536352,0.5148464563544212,0.46999999999999886,0.7661201223134952,0.46999999999999886,0.4219519999999761,179.15620799326967,0.4219519999999761,0.7119081020355225,0.8397954106330872,,0.9386076744895944,0.8839848449480168,,0.0008123324660118669,0.001742205194508036,-0.000929872728496169,False,True,prototype,prototype,,108.72550599998476,,RuntimeError: ModuleNotFoundError: No module named 'nvdiffrast',RuntimeError: ModuleNotFoundError: No module named 'nvdiffrast'
000070.jpg,254510.58709177902,3364614.0988922003,98.932,29.19999999999999,254514.11795562058,3364614.5448238812,99.226,30.281598000000002,254511.84943046456,3364611.3913441915,99.47710661031306,-148.64319257099322,init,3.5589119870711006,2.987359231292197,3.5589119870711006,0.29399999999999693,0.5451066103130557,0.29399999999999693,1.0815980000000138,177.8431925709932,1.0815980000000138,0.9426968693733215,0.9602329730987549,,0.8366894777279468,0.835367269998392,,0.00322723132558167,0.004410698350208501,-0.0011834670246268315,False,True,prototype,prototype,,142.09289799998714,,RuntimeError: ModuleNotFoundError: No module named 'nvdiffrast',RuntimeError: ModuleNotFoundError: No module named 'nvdiffrast'
000071.jpg,254511.07494950615,3364614.9718220565,98.872,29.19999999999999,254507.9034518324,3364612.8441378423,100.401,29.87061700000001,254511.18475396294,3364614.21637991,100.75454238150269,-149.4578191259379,refined,3.8190885836541297,0.7633805444914387,0.7633805444914387,1.5289999999999964,1.882542381502688,1.882542381502688,0.6706170000000213,178.6578191259379,178.6578191259379,0.9533565640449524,0.9034301042556763,,0.8352382658545324,0.8585990684342529,,0.0028620795346796513,0.0027113176765851676,0.00015076185809448361,True,True,prototype,prototype,,120.80318099998522,,RuntimeError: ModuleNotFoundError: No module named 'nvdiffrast',RuntimeError: ModuleNotFoundError: No module named 'nvdiffrast'
000072.jpg,254511.56281652206,3364615.844740627,98.944,29.19999999999999,254510.71496848,3364616.8691949225,98.462,29.75713300000001,254509.99753377508,3364617.7423705976,98.85401721857488,-149.6877974940978,init,1.3297943097600868,2.4599003198539835,1.3297943097600868,0.4819999999999993,0.08998278142512106,0.4819999999999993,0.5571330000000216,178.88779749409778,0.5571330000000216,0.7736610770225525,0.8863337635993958,,0.9147872816838334,0.8650783699059561,,0.0013461560107922803,0.002609129665264239,-0.0012629736544719587,False,True,prototype,prototype,,116.11077300000261,,RuntimeError: ModuleNotFoundError: No module named 'nvdiffrast',RuntimeError: ModuleNotFoundError: No module named 'nvdiffrast'
000073.jpg,254512.05067385323,3364616.717659431,106.201,29.19999999999999,254510.0530599298,3364617.545716725,104.624,31.86184,254509.64645651382,3364619.6653716434,104.59642539080232,-145.47667973806156,init,2.162438500588091,3.8038491428918864,2.162438500588091,1.5769999999999982,1.6045746091976696,1.5769999999999982,2.661840000000012,174.67667973806155,2.661840000000012,0.9718809127807617,1.013108730316162,,0.8323553615513972,0.8184550431142438,,0.00496860903998216,0.007957452752937874,-0.002988843712955714,False,True,prototype,prototype,,123.35376499999029,,RuntimeError: ModuleNotFoundError: No module named 'nvdiffrast',RuntimeError: ModuleNotFoundError: No module named 'nvdiffrast'
000074.jpg,254512.53853136222,3364617.5905893403,106.466,29.19999999999999,254510.99966365195,3364612.846860645,106.243,28.458008000000007,254515.6967191275,3364611.2234106897,106.24196484312415,-152.28261792934043,init,4.987090912109113,7.10739853456019,4.987090912109113,0.22299999999999898,0.22403515687584274,0.22299999999999898,0.741991999999982,178.51738207065955,0.741991999999982,0.9712345600128174,0.9991379380226135,,0.8283305589861999,0.822101702196209,,0.0038890216189126172,0.005176214928117891,-0.0012871933092052736,False,True,prototype,prototype,,126.08478399999967,,RuntimeError: ModuleNotFoundError: No module named 'nvdiffrast',RuntimeError: ModuleNotFoundError: No module named 'nvdiffrast'
000075.jpg,254513.02638854878,3364618.4635081813,106.69,29.19999999999999,254513.48358482402,3364615.0277581275,107.088,36.447135,254516.2156816449,3364613.2543932362,107.46819641906768,-136.31586400741062,init,3.4660361893373532,6.107902173705447,3.4660361893373532,0.39799999999999613,0.7781964190676831,0.39799999999999613,7.247135000000014,165.5158640074106,7.247135000000014,1.00564706325531,1.019794225692749,,0.8185524245458446,0.8163710484909169,,0.00929503965501984,0.011206308379769325,-0.001911268724749485,False,True,prototype,prototype,,124.21360799999093,,RuntimeError: ModuleNotFoundError: No module named 'nvdiffrast',RuntimeError: ModuleNotFoundError: No module named 'nvdiffrast'
000076.jpg,254513.51425527554,3364619.336426822,106.938,29.19999999999999,254509.6782479821,3364620.349573616,106.627,29.585217,254510.4318288793,3364623.930810591,106.5897478479892,-150.02956653663605,init,3.967545636953788,5.5326046946313,3.967545636953788,0.31100000000000705,0.34825215201080084,0.31100000000000705,0.38521700000001147,179.22956653663604,0.38521700000001147,0.9408407807350159,0.9700185060501099,,0.838837304628326,0.8318511521804993,,0.0027354552876204252,0.003943464873979489,-0.001208009586359064,False,True,prototype,prototype,,115.7852829999797,,RuntimeError: ModuleNotFoundError: No module named 'nvdiffrast',RuntimeError: ModuleNotFoundError: No module named 'nvdiffrast'
000077.jpg,254514.00211231748,3364620.2093456965,107.183,29.19999999999999,254508.56668620012,3364616.756323733,107.643,29.123164000000003,254514.15347563618,3364619.1542973216,107.66719561442733,-150.95354713438542,refined,6.439504465275706,1.0658507999147762,1.0658507999147762,0.45999999999999375,0.4841956144273212,0.4841956144273212,0.07683599999998592,179.8464528656146,179.8464528656146,0.98265141248703,0.7386465072631836,,0.833261679564345,0.9459372312983663,,0.004165916936472058,0.0007539601259243985,0.0034119568105476596,True,True,prototype,prototype,,119.73617000001013,,RuntimeError: ModuleNotFoundError: No module named 'nvdiffrast',RuntimeError: ModuleNotFoundError: No module named 'nvdiffrast'
000078.jpg,254514.4899695374,3364621.0822756784,107.352,29.19999999999999,254519.39568650533,3364618.9678782835,107.526,35.026242999999994,254519.10154072335,3364613.316053476,107.84384541306645,-139.15011325161478,init,5.341978595359967,9.032208816088055,5.341978595359967,0.17399999999999238,0.4918454130664429,0.17399999999999238,5.826243000000005,168.35011325161477,5.826243000000005,1.0263375043869019,1.025467872619629,,0.8174588927981619,0.8146765276082429,,0.00846239629512032,0.010720330445716778,-0.0022579341505964586,False,True,prototype,prototype,,143.5816270000032,,RuntimeError: ModuleNotFoundError: No module named 'nvdiffrast',RuntimeError: ModuleNotFoundError: No module named 'nvdiffrast'
000079.jpg,254514.97782643588,3364621.9551945888,107.516,29.19999999999999,254512.68114691807,3364619.2436964037,107.48,29.110874999999993,254515.98302145462,3364619.390377985,107.57654258795083,-150.97609069116453,refined,3.5534432899799873,2.7547597422227263,2.7547597422227263,0.036000000000001364,0.06054258795082035,0.06054258795082035,0.08912499999999568,179.82390930883548,179.82390930883548,0.9298014044761658,0.8825581669807434,,0.8498347463716052,0.8635220577669205,,0.00259142933646217,0.002038124483078718,0.0005533048533834517,True,True,prototype,prototype,,118.37691699997777,,RuntimeError: ModuleNotFoundError: No module named 'nvdiffrast',RuntimeError: ModuleNotFoundError: No module named 'nvdiffrast'
000080.jpg,254515.46569287233,3364622.8281133007,107.625,29.19999999999999,254517.99818890498,3364623.2168479743,106.869,29.62284299999999,254515.99270414488,3364621.135002773,107.2152431961149,-149.95307249043796,refined,2.562157450642094,1.7732355007752725,1.7732355007752725,0.7560000000000002,0.40975680388510227,0.40975680388510227,0.4228430000000003,179.15307249043795,179.15307249043795,0.9006134867668152,0.8574826121330261,,0.85607691203903,0.8788025541684603,,0.001967618823982775,0.0019430486912218232,2.457013276095199e-05,True,True,prototype,prototype,,114.99984200003155,,RuntimeError: ModuleNotFoundError: No module named 'nvdiffrast',RuntimeError: ModuleNotFoundError: No module named 'nvdiffrast'
000081.jpg,254515.95354987658,3364623.701043335,107.699,29.19999999999999,254523.86934244988,3364627.516360666,104.917,28.915965999999997,254515.95249234096,3364622.551276295,105.20424418896437,-151.36553053548158,refined,8.787287317620725,1.1497675261606537,1.1497675261606537,2.7819999999999965,2.494755811035631,2.494755811035631,0.28403399999999124,179.43446946451843,179.43446946451843,0.9718449115753174,0.80019211769104,,0.8338935774567301,0.9036439708196252,,0.0053774453699588776,0.001376660045934841,0.0040007853240240365,True,True,prototype,prototype,,122.20859800004291,,RuntimeError: ModuleNotFoundError: No module named 'nvdiffrast',RuntimeError: ModuleNotFoundError: No module named 'nvdiffrast'
000082.jpg,254516.44140655696,3364624.5739622987,107.742,29.19999999999999,254513.8161415884,3364626.4407482594,107.569,33.065391000000005,254512.99988041839,3364629.197071066,107.95666881557554,-143.07981935653422,init,3.2213205333053527,5.763439670721751,3.2213205333053527,0.17300000000000182,0.21466881557553563,0.17300000000000182,3.8653910000000167,172.2798193565342,3.8653910000000167,1.0078002214431763,1.0568987131118774,,0.8235758075502815,0.8122468002724698,,0.006728986433396737,0.009407737913231054,-0.0026787514798343173,False,True,prototype,prototype,,117.44637999998986,,RuntimeError: ModuleNotFoundError: No module named 'nvdiffrast',RuntimeError: ModuleNotFoundError: No module named 'nvdiffrast'
000083.jpg,254516.92927277644,3364625.4468810637,107.725,29.19999999999999,254519.72297610994,3364628.1180878044,107.911,29.119405,254515.45819960616,3364627.0875793863,108.18824324011803,-150.95595781914497,refined,3.8652456282868726,2.203621396240857,2.203621396240857,0.18600000000000705,0.4632432401180324,0.4632432401180324,0.0805949999999882,179.844042180855,179.844042180855,0.9391739964485168,0.82663893699646,,0.8374711368070596,0.875454203733868,,0.0026913417192796865,0.001645539023835833,0.0010458026954438535,True,True,prototype,prototype,,114.9257520000333,,RuntimeError: ModuleNotFoundError: No module named 'nvdiffrast',RuntimeError: ModuleNotFoundError: No module named 'nvdiffrast'
000084.jpg,254517.41712931352,3364626.319800064,107.706,29.19999999999999,254518.4376644952,3364630.205640848,108.24,28.497735000000006,254514.3080709053,3364631.46942429,108.28824731335044,-152.21621971450998,init,4.017617534597836,6.015386426175556,4.017617534597836,0.5339999999999918,0.582247313350436,0.5339999999999918,0.7022649999999828,178.58378028549004,0.7022649999999828,0.9338825345039368,0.966590166091919,,0.8423102464238922,0.8323132975572984,,0.0030806627861844995,0.004481655467922489,-0.0014009926817379896,False,True,prototype,prototype,,130.01593699999603,,RuntimeError: ModuleNotFoundError: No module named 'nvdiffrast',RuntimeError: ModuleNotFoundError: No module named 'nvdiffrast'
000085.jpg,254517.90498602737,3364627.1927301683,107.568,29.19999999999999,254521.7302468302,3364627.7690560403,107.49,27.617245999999994,254518.46402173428,3364624.700672012,107.85297846514732,-153.97175232899474,init,3.868432721461126,2.553991929725703,3.868432721461126,0.07800000000000296,0.2849784651473186,0.07800000000000296,1.5827539999999942,176.82824767100527,1.5827539999999942,0.9515025615692139,1.0151878595352173,,0.8396501457725948,0.8231292517006803,,0.0036288497503846884,0.005970483801017205,-0.002341634050632517,False,True,prototype,prototype,,123.34063100001913,,RuntimeError: ModuleNotFoundError: No module named 'nvdiffrast',RuntimeError: ModuleNotFoundError: No module named 'nvdiffrast'
000086.jpg,254518.39285203,3364628.065648987,107.419,29.19999999999999,254516.69486906493,3364626.157512979,104.627,31.23369199999999,254518.83333644623,3364626.5242426964,104.90056353062391,-146.73090214965632,init,2.5542374936715295,1.6031094390790033,2.5542374936715295,2.7920000000000016,2.518436469376084,2.7920000000000016,2.033692000000002,175.9309021496563,2.033692000000002,0.9633691310882568,1.011792540550232,,0.8349875930521092,0.8193080878915381,,0.004122658011813958,0.007073382536570231,-0.002950724524756273,False,True,prototype,prototype,,122.121672999981,,RuntimeError: ModuleNotFoundError: No module named 'nvdiffrast',RuntimeError: ModuleNotFoundError: No module named 'nvdiffrast'
000087.jpg,254518.88070835016,3364628.9385680403,107.277,29.19999999999999,254520.58013813235,3364628.2957548373,108.323,30.075975999999997,254519.810038757,3364626.01141217,108.74909497890621,-149.0487544924209,init,1.8169398444817435,3.071139282925869,1.8169398444817435,1.0459999999999923,1.4720949789062132,1.0459999999999923,0.8759760000000085,178.2487544924209,0.8759760000000085,0.8681350946426392,0.9331198930740356,,0.8713724088634739,0.8434417441029307,,0.002100521970229844,0.0038033994302774468,-0.0017028774600476027,False,True,prototype,prototype,,118.5433360000161,,RuntimeError: ModuleNotFoundError: No module named 'nvdiffrast',RuntimeError: ModuleNotFoundError: No module named 'nvdiffrast'
000088.jpg,254519.3685648471,3364629.811498198,107.08,29.19999999999999,254520.48326827053,3364622.3872068333,106.847,30.264377999999994,254525.89494112917,3364617.3163345032,107.30795261077583,-148.67047768754767,init,7.507507308845879,14.096904026731549,7.507507308845879,0.2330000000000041,0.22795261077583007,0.2330000000000041,1.064378000000005,177.87047768754766,1.064378000000005,0.9828149080276489,0.9931161403656006,,0.8265693956588309,0.825362514635684,,0.005308452683190505,0.00690363859757781,-0.0015951859143873053,False,True,prototype,prototype,,123.33073700000341,,RuntimeError: ModuleNotFoundError: No module named 'nvdiffrast',RuntimeError: ModuleNotFoundError: No module named 'nvdiffrast'
000089.jpg,254519.85643063276,3364630.684417068,106.867,29.19999999999999,254524.68548927052,3364636.205301124,108.293,26.876780999999994,254517.1032297336,3364635.715291206,108.30248677823693,-155.44683175925135,init,7.334846152980117,5.734963799470417,7.334846152980117,1.426000000000002,1.4354867782369212,1.426000000000002,2.3232189999999946,175.3531682407487,2.3232189999999946,1.0128912925720215,1.0334137678146362,,0.8224728787987643,0.8172462102162512,,0.005972973847140868,0.007270622377594312,-0.0012976485304534435,False,True,prototype,prototype,,117.39712400003555,,RuntimeError: ModuleNotFoundError: No module named 'nvdiffrast',RuntimeError: ModuleNotFoundError: No module named 'nvdiffrast'
000090.jpg,254520.34428673607,3364631.5573361763,106.611,29.19999999999999,254513.7512759876,3364633.2687469604,106.638,31.125107000000014,254515.07375533346,3364639.7722153254,106.96469197142869,-146.95309455428824,init,6.811513605774411,9.760263351995295,6.811513605774411,0.027000000000001023,0.35369197142868813,0.027000000000001023,1.9251070000000254,176.15309455428823,1.9251070000000254,0.9879341721534729,1.0533525943756104,,0.8298901020480982,0.8103189895097409,,0.004674178082495928,0.006980740775664647,-0.0023065626931687193,False,True,prototype,prototype,,122.2700480000185,,RuntimeError: ModuleNotFoundError: No module named 'nvdiffrast',RuntimeError: ModuleNotFoundError: No module named 'nvdiffrast'
000091.jpg,254520.8321427658,3364632.4302552994,106.354,29.19999999999999,254520.45449511916,3364633.0895229126,104.854,30.096019000000013,254519.9230990954,3364633.630032933,104.89794107712805,-149.00868105015664,init,0.7597707093780388,1.5052663433231164,0.7597707093780388,1.5,1.4560589228719465,1.5,0.8960190000000239,178.20868105015663,0.8960190000000239,0.85982346534729,0.951698362827301,,0.8797662370256171,0.8421382858576986,,0.0019022880005650222,0.0036830558286358914,-0.0017807678280708692,False,True,prototype,prototype,,116.43482200003064,,RuntimeError: ModuleNotFoundError: No module named 'nvdiffrast',RuntimeError: ModuleNotFoundError: No module named 'nvdiffrast'
000092.jpg,254521.32000858616,3364633.3031853116,106.054,29.19999999999999,254519.98531239422,3364634.3531368845,106.513,28.965555999999992,254519.73188521172,3364635.6906331303,107.10481454338878,-151.263189461175,init,1.6981790925085674,2.8674104936724216,1.6981790925085674,0.4590000000000032,1.0508145433887819,0.4590000000000032,0.23444399999999632,179.53681053882502,0.23444399999999632,0.8119949698448181,0.8569227457046509,,0.9051874181335343,0.8771778722793419,,0.0011850738083012402,0.0019888607785105705,-0.0008037869702093303,False,True,prototype,prototype,,128.37848300000587,,RuntimeError: ModuleNotFoundError: No module named 'nvdiffrast',RuntimeError: ModuleNotFoundError: No module named 'nvdiffrast'
000093.jpg,254521.80786447128,3364634.176104471,105.768,29.19999999999999,254522.75826978098,3364634.135284934,106.528,30.203485999999998,254521.9732114452,3364633.0794766564,106.72538303397596,-148.79080386587296,init,0.9512814974057557,1.1090230771942378,0.9512814974057557,0.7600000000000051,0.9573830339759581,0.7600000000000051,1.0034860000000094,177.99080386587295,1.0034860000000094,0.8850154280662537,0.9707852602005005,,0.8668826493880489,0.8321094312455004,,0.0021509220047543445,0.004046652854109804,-0.0018957308493554596,False,True,prototype,prototype,,116.93236899998283,,RuntimeError: ModuleNotFoundError: No module named 'nvdiffrast',RuntimeError: ModuleNotFoundError: No module named 'nvdiffrast'
000094.jpg,254522.29572989547,3364635.0490234317,105.998,29.19999999999999,254520.65407272658,3364633.28531603,107.742,28.996808999999985,254522.80607340083,3364633.3023568545,108.09979454334825,-151.2082064926109,refined,2.40950245050013,1.8196963002924276,1.8196963002924276,1.7439999999999998,2.101794543348248,2.101794543348248,0.2031910000000039,179.59179350738907,179.59179350738907,0.8616557121276855,0.8228438496589661,,0.8680679062247373,0.894404024072577,,0.001729663412940378,0.0014862868702039123,0.0002433765427364658,True,True,prototype,prototype,,117.87168699999029,,RuntimeError: ModuleNotFoundError: No module named 'nvdiffrast',RuntimeError: ModuleNotFoundError: No module named 'nvdiffrast'
000095.jpg,254522.78358563737,3364635.921942627,106.513,29.19999999999999,254525.75901221222,3364637.102105765,105.949,27.70205200000001,254522.99815773428,3364635.359224908,105.7823396185413,-153.7919321954584,init,3.2009292923775057,0.6022395005761094,3.2009292923775057,0.5640000000000072,0.7306603814587049,0.5640000000000072,1.4979479999999796,177.0080678045416,1.4979479999999796,0.9362887144088745,1.0035269260406494,,0.8434593310904414,0.822643614054657,,0.003372003227317085,0.005701465842624505,-0.00232946261530742,False,True,prototype,prototype,,124.92075799997338,,RuntimeError: ModuleNotFoundError: No module named 'nvdiffrast',RuntimeError: ModuleNotFoundError: No module named 'nvdiffrast'
000096.jpg,254523.27144155581,3364636.7948729256,107.023,29.19999999999999,254523.6318235701,3364637.5648355316,107.638,26.666133000000002,254522.62790884794,3364637.470483083,107.436578290537,-155.87150087858288,init,0.8501279967640029,0.9330506045316025,0.8501279967640029,0.6150000000000091,0.41357829053700357,0.6150000000000091,2.5338669999999865,174.92849912141713,2.5338669999999865,1.0017220973968506,1.042645812034607,,0.8263013008510408,0.8147501754259703,,0.004946117444584767,0.007944824329266945,-0.0029987068846821776,False,True,prototype,prototype,,124.16084799997407,,RuntimeError: ModuleNotFoundError: No module named 'nvdiffrast',RuntimeError: ModuleNotFoundError: No module named 'nvdiffrast'
000097.jpg,254523.75930676324,3364637.6677919407,107.398,29.19999999999999,254521.9752549637,3364637.3831933797,108.999,24.47964300000001,254523.1320331081,3364638.1921885707,109.19988144468516,-160.2419423975492,init,1.8066093004164898,0.8175965166275148,1.8066093004164898,1.600999999999999,1.801881444685165,1.600999999999999,4.720356999999979,170.55805760245084,4.720356999999979,1.0459191799163818,1.0673545598983765,,0.8161917308837595,0.8096226381043475,,0.007754376623779535,0.010036940996845564,-0.0022825643730660285,False,True,prototype,prototype,,116.44291999999723,,RuntimeError: ModuleNotFoundError: No module named 'nvdiffrast',RuntimeError: ModuleNotFoundError: No module named 'nvdiffrast'
000098.jpg,254524.24716228817,3364638.5407111878,107.332,29.19999999999999,254525.56449762746,3364636.9205742124,107.763,28.216042000000016,254525.81696276352,3364634.5091433264,107.86004298832268,-152.7662035481807,init,2.088113075222963,4.326408782453085,2.088113075222963,0.4310000000000116,0.5280429883226816,0.4310000000000116,0.9839579999999728,178.03379645181928,0.9839579999999728,0.8665876388549805,0.9667518734931946,,0.8732374126564998,0.8362881931346662,,0.0022639925203596554,0.004458191028485696,-0.0021941985081260404,False,True,prototype,prototype,,119.74890199996935,,RuntimeError: ModuleNotFoundError: No module named 'nvdiffrast',RuntimeError: ModuleNotFoundError: No module named 'nvdiffrast'
000099.jpg,254524.7350273509,3364639.413630238,106.961,29.19999999999999,254525.82868009683,3364644.1075539007,107.315,30.0668,254521.04308373685,3364645.3264207086,107.20642374828458,-149.06697671452432,init,4.81964684200742,6.970763143326473,4.81964684200742,0.3539999999999992,0.2454237482845798,0.3539999999999992,0.866800000000012,178.2669767145243,0.866800000000012,0.9719683527946472,0.9808186888694763,,0.8289400391712936,0.8317431225630244,,0.003736266167834401,0.004914347858478625,-0.0011780816906442242,False,True,prototype,prototype,,118.94813399999293,,RuntimeError: ModuleNotFoundError: No module named 'nvdiffrast',RuntimeError: ModuleNotFoundError: No module named 'nvdiffrast'
