frame_index,frame_id,init_source,selected_method,refine_success,elapsed_ms,gt_east,gt_north,gt_alt,gt_yaw,init_east,init_north,init_alt,init_yaw,raw_refined_east,raw_refined_north,raw_refined_alt,raw_refined_yaw,selected_east,selected_north,selected_alt,selected_yaw,raw_delta_east_m,raw_delta_north_m,raw_delta_alt_m,applied_delta_east_m,applied_delta_north_m,applied_delta_alt_m,init_xy_error_m,raw_refined_xy_error_m,selected_xy_error_m,init_alt_error_m,raw_refined_alt_error_m,selected_alt_error_m,init_yaw_error_deg,raw_refined_yaw_error_deg,selected_yaw_error_deg,init_chamfer,raw_refined_chamfer,selected_chamfer,init_overlap,raw_refined_overlap,selected_overlap,feature_loss_initial,feature_loss_refined,feature_loss_drop,failure_reason,renderer_backend_init,renderer_backend_raw_refined,renderer_backend_selected
0,000000.jpg,gt_first_pose,swap_xy_freeze_alt_refine_only,True,1915.019534999999,254788.64145618468,3363802.653119775,88.805,29.19999999999999,254788.64145618468,3363802.653119775,88.805,29.19999999999999,254799.5038955191,3363804.108624367,89.55152898933738,-153.83067020117215,254790.0969607763,3363813.515559109,88.805,26.169329798827846,10.862439334421651,1.4555045920424163,0.7465289893373779,1.4555045920424163,10.862439334421651,0.0,0.0,10.959520149689368,10.95952014914487,0.0,0.7465289893373779,0.0,0.0,176.96932979882786,3.0306702011721427,1.6506314277648926,1.6231547594070435,1.6777337789535522,0.6838609352438076,0.6927024325224925,0.6777518604909475,0.012200627165536085,0.012162736617028713,3.789054850737196e-05,,gpu_mesh,gpu_mesh,gpu_mesh
1,000001.jpg,previous_frame_refine_only:000000.jpg,swap_xy_freeze_alt_refine_only,True,144.05226099998458,254789.12931911834,3363803.5260398947,88.854,29.19999999999999,254790.0969607763,3363813.515559109,88.805,26.169329798827846,254792.6035671371,3363813.146714689,95.88048192020506,-154.34668982213233,254789.72811635776,3363816.0221654708,88.805,25.653310177867667,2.5066063607810065,-0.3688444197177887,7.07548192020505,-0.3688444197177887,2.5066063607810065,0.0,10.036275430171813,10.228772301607066,12.510464121976366,0.04899999999999238,7.0264819202050575,0.04899999999999238,3.0306702011721427,176.4533101778677,3.546689822132322,1.6705496311187744,1.7156773805618286,1.6721487045288086,0.677881173944166,0.6762705798138869,0.677590372226199,0.01217967038974166,0.01220940581212441,-2.9735422382751522e-05,,gpu_mesh,gpu_mesh,gpu_mesh
2,000002.jpg,previous_frame_refine_only:000001.jpg,swap_xy_freeze_alt_refine_only,True,159.4861920000028,254789.61718198095,3363804.398960034,88.934,29.19999999999999,254789.72811635776,3363816.0221654708,88.805,25.653310177867667,254802.61399388764,3363813.7554139877,88.11423632968217,-156.1462386045328,254787.46136487514,3363828.908043001,88.805,23.85376139546719,12.885877529886784,-2.2667514830827713,-0.6907636703178355,-2.2667514830827713,12.885877529886784,0.0,11.623734815600017,16.014379486169215,24.603713038371772,0.12899999999999068,0.8197636703178262,0.12899999999999068,3.546689822132322,174.6537613954672,5.3462386045328,1.66182279586792,1.6657817363739014,1.670211911201477,0.6810211622438697,0.6855447318329414,0.672735415966857,0.012283956011136373,0.012467004048327604,-0.0001830480371912309,,gpu_mesh,gpu_mesh,gpu_mesh
3,000003.jpg,previous_frame_refine_only:000002.jpg,swap_xy_freeze_alt_refine_only,True,174.09475900001325,254790.10503515808,3363805.2718804055,88.865,29.19999999999999,254787.46136487514,3363828.908043001,88.805,23.85376139546719,254788.94333788424,3363824.161871272,98.84954160545021,-156.5385868204658,254782.71519314614,3363830.3900160096,88.805,23.46141317953419,1.4819730090966914,-4.74617172870785,10.044541605450206,-4.74617172870785,1.4819730090966914,0.0,23.783548406389595,18.925678204443994,26.182637399355695,0.05999999999998806,9.984541605450218,0.05999999999998806,5.3462386045328,174.2614131795342,5.738586820465798,1.6600090265274048,1.6746394634246826,1.7361729145050049,0.6762562758252988,0.6716577064913138,0.6705913715732883,0.012366051009545723,0.0124223114301761,-5.62604206303767e-05,,gpu_mesh,gpu_mesh,gpu_mesh
4,000004.jpg,previous_frame_refine_only:000003.jpg,swap_xy_freeze_alt_refine_only,True,179.2144080000071,254790.59289787602,3363806.144800578,88.799,29.19999999999999,254782.71519314614,3363830.3900160096,88.805,23.46141317953419,254791.3956308757,3363825.908260462,100.30131345055997,-155.63841802802963,254778.23343759877,3363839.070453739,88.805,24.361581971970367,8.68043772954843,-4.481755547691137,11.496313450559967,-4.481755547691137,8.68043772954843,0.0,25.492914763614706,19.779755480263848,35.16894787201349,0.006000000000000227,11.502313450559967,0.006000000000000227,5.738586820465798,175.16158197197035,4.838418028029622,1.7313982248306274,1.6563724279403687,1.7066158056259155,0.6730005105551733,0.676063841594708,0.6765078026149304,0.012597038721044859,0.012449227583905062,0.0001478111371397972,,gpu_mesh,gpu_mesh,gpu_mesh
5,000005.jpg,previous_frame_refine_only:000004.jpg,swap_xy_freeze_alt_refine_only,True,125.83087500001966,254791.0807605194,3363807.017720768,88.816,29.19999999999999,254778.23343759877,3363839.070453739,88.805,24.361581971970367,254791.886860647,3363830.668102711,100.03481342550367,-148.84381826803977,254769.83108657104,3363852.723876786,88.805,31.15618173196023,13.653423048235709,-8.40235102782026,11.229813425503664,-8.40235102782026,13.653423048235709,0.0,34.53159997899436,23.664115522314827,50.404378191068204,0.01099999999999568,11.218813425503669,0.01099999999999568,4.838418028029622,178.04381826803976,1.9561817319602426,1.689679503440857,1.639017105102539,1.6862447261810303,0.6763128739197872,0.6814092621316198,0.6709284289829381,0.012787849021454653,0.011760487842063109,0.0010273611793915442,,gpu_mesh,gpu_mesh,gpu_mesh
6,000006.jpg,previous_frame_refine_only:000005.jpg,swap_xy_freeze_alt_refine_only,True,164.47756799999524,254791.5686137308,3363807.8906522817,88.832,29.19999999999999,254769.83108657104,3363852.723876786,88.805,31.15618173196023,254775.0208652907,3363843.059719594,98.8382655326277,-152.63801625109818,254760.16692937957,3363857.913655505,88.805,27.36198374890182,5.189778719650349,-9.664157191757113,10.033265532627695,-9.664157191757113,5.189778719650349,0.0,49.82507507742119,38.86761214775717,59.06239608734291,0.026999999999986812,10.006265532627708,0.026999999999986812,1.9561817319602426,178.16198374890183,1.8380162510981677,1.675876498222351,1.7587034702301025,1.6116282939910889,0.6730574287099476,0.6682092644012517,0.6816298646921416,0.012816844818492731,0.01248295015345017,0.00033389466504256046,,gpu_mesh,gpu_mesh,gpu_mesh
7,000007.jpg,previous_frame_refine_only:000006.jpg,swap_xy_freeze_alt_refine_only,True,123.39659900004563,254792.05647623076,3363808.7635725066,88.842,29.19999999999999,254760.16692937957,3363857.913655505,88.805,27.36198374890182,254760.1961594531,3363850.0789537276,99.3420590646565,-154.59818826716685,254752.33222760202,3363857.9428855786,88.805,25.401811732833153,0.029230073530925438,-7.834701777435839,10.53705906465649,-7.834701777435839,0.029230073530925438,0.0,58.58902505698638,52.173178076575226,63.21883234727081,0.03699999999999193,10.500059064656497,0.03699999999999193,1.8380162510981677,176.20181173283316,3.798188267166836,1.637969732284546,1.6901909112930298,1.7521169185638428,0.6787712561711464,0.6670981897970378,0.6652331321996708,0.012742910223702589,0.01261802390217781,0.00012488632152477842,,gpu_mesh,gpu_mesh,gpu_mesh
8,000008.jpg,previous_frame_refine_only:000007.jpg,swap_xy_freeze_alt_refine_only,True,130.03784099998938,254792.54433865723,3363809.636492751,88.836,29.19999999999999,254752.33222760202,3363857.9428855786,88.805,25.401811732833153,254757.77958456092,3363845.2925966997,94.64883769117296,-153.55963254926667,254739.6819387226,3363863.390242536,88.805,26.440367450733333,5.447356958902674,-12.650288878940046,5.843837691172951,-12.650288878940046,5.447356958902674,0.0,62.8531738540299,49.79905497265897,75.39163708792357,0.0309999999999917,5.812837691172959,0.0309999999999917,3.798188267166836,177.24036745073334,2.759632549266655,1.7347476482391357,1.710624098777771,1.8175309896469116,0.6668348100710588,0.6750153522238793,0.6548162119484165,0.012837779087324938,0.012723500840365887,0.00011427824695905107,,gpu_mesh,gpu_mesh,gpu_mesh
9,000009.jpg,previous_frame_refine_only:000008.jpg,swap_xy_freeze_alt_refine_only,True,133.2942850000336,254793.0321914019,3363810.5094132307,88.871,29.19999999999999,254739.6819387226,3363863.390242536,88.805,26.440367450733333,254743.4465900429,3363851.1563565955,100.98704210203141,-151.43231597986323,254727.44805278227,3363867.154893857,88.805,28.567684020136767,3.7646513202926144,-12.233885940629989,12.182042102031403,-12.233885940629989,3.7646513202926144,0.0,75.11745182691823,64.11634633251474,86.66019682563989,0.06599999999998829,12.116042102031415,0.06599999999998829,2.759632549266655,179.36768402013678,0.6323159798632219,1.8041481971740723,1.732599139213562,1.7620235681533813,0.6543864647482961,0.6681934734489031,0.6536194087093734,0.012716883948693672,0.0128311263397336,-0.00011424239103992838,,gpu_mesh,gpu_mesh,gpu_mesh
10,000010.jpg,previous_frame_refine_only:000009.jpg,swap_xy_freeze_alt_refine_only,True,116.76089799999545,254793.52005368512,3363811.38233351,89.049,29.19999999999999,254727.44805278227,3363867.154893857,88.805,28.567684020136767,254734.79028635286,3363857.793907521,101.39626305550337,-155.58069177936005,254718.08706644567,3363874.497127427,88.805,24.419308220639948,7.34223357058363,-9.360986336134374,12.591263055503362,-9.360986336134374,7.34223357058363,0.0,86.46437295759989,74.85465765772794,98.35452595083535,0.24399999999999977,12.347263055503362,0.24399999999999977,0.6323159798632219,175.21930822063996,4.7806917793600405,1.7727807760238647,1.7317867279052734,1.7825075387954712,0.6564016956970589,0.6621784874909394,0.6568849254288663,0.012701610879351696,0.012584720427791277,0.00011689045156041897,,gpu_mesh,gpu_mesh,gpu_mesh
11,000011.jpg,previous_frame_refine_only:000010.jpg,swap_xy_freeze_alt_refine_only,True,124.9561989999961,254794.0079158972,3363812.2552538086,88.89,29.19999999999999,254718.08706644567,3363874.497127427,88.805,24.419308220639948,254724.7676507272,3363868.06381426,93.93849887419492,-160.6401599332263,254711.65375327907,3363881.1777117075,88.805,19.3598400667737,6.680584281537449,-6.433313166722655,5.133498874194913,-6.433313166722655,6.680584281537449,0.0,98.1734496335352,88.93148902654924,107.38954000911747,0.08499999999999375,5.0484988741949195,0.08499999999999375,4.7806917793600405,170.1598400667737,9.840159933226289,1.78787362575531,1.7321323156356812,1.8591759204864502,0.659129562600846,0.6619641533295538,0.6536784265841001,0.012525391454497973,0.01259292041261991,-6.752895812193668e-05,,gpu_mesh,gpu_mesh,gpu_mesh
12,000012.jpg,previous_frame_refine_only:000011.jpg,swap_xy_freeze_alt_refine_only,True,134.1101090000052,254794.4957782856,3363813.1281852094,88.843,29.19999999999999,254711.65375327907,3363881.1777117075,88.805,19.3598400667737,254712.10870071713,3363871.8325919644,98.9873130666092,-161.52109932671848,254702.30863353648,3363881.6326591456,88.805,18.478900673281515,0.4549474380619358,-9.345119743142277,10.182313066609197,-9.345119743142277,0.4549474380619358,0.0,107.20792491141485,101.16243335713148,114.85352674725756,0.0379999999999967,10.1443130666092,0.0379999999999967,9.840159933226289,169.27890067328156,10.721099326718473,1.8279225826263428,1.7310312986373901,1.774334192276001,0.655067545232166,0.6656896665711705,0.6594089516715517,0.012519734756400188,0.012405144050717354,0.00011459070568283457,,gpu_mesh,gpu_mesh,gpu_mesh
13,000013.jpg,previous_frame_refine_only:000012.jpg,swap_xy_freeze_alt_refine_only,True,142.35227800003258,254794.98363073997,3363814.001105759,88.98,29.19999999999999,254702.30863353648,3363881.6326591456,88.805,18.478900673281515,254711.61083041114,3363872.425079103,100.96951654087752,-162.41124808277277,254693.1010534944,3363890.93485602,88.805,17.588751917227228,9.302196874661604,-9.207580042537302,12.164516540877514,-9.207580042537302,9.302196874661604,0.0,114.7287327576606,101.80562114147729,127.66699446385056,0.17499999999999716,11.989516540877517,0.17499999999999716,10.721099326718473,168.38875191722724,11.61124808277276,1.7887232303619385,1.830509066581726,1.7449395656585693,0.6603397260273972,0.6525369863013699,0.664613698630137,0.012551448307931423,0.012283049213389555,0.00026839909454186815,,gpu_mesh,gpu_mesh,gpu_mesh
14,000014.jpg,previous_frame_refine_only:000013.jpg,swap_xy_freeze_alt_refine_only,True,131.28424199999245,254795.471492734,3363814.87402611,88.941,29.19999999999999,254693.1010534944,3363890.93485602,88.805,17.588751917227228,254690.98589153445,3363883.3182211346,88.43430634960532,-171.33255175384443,254685.48441860868,3363888.8196940594,88.805,8.667448246155573,-2.115161959955003,-7.616634885314852,-0.37069365039468494,-7.616634885314852,-2.115161959955003,0.0,127.5341392596695,124.90736043407539,132.53346099437786,0.13599999999999568,0.5066936503946806,0.13599999999999568,11.61124808277276,159.46744824615558,20.532551753844416,1.7505663633346558,1.7888271808624268,1.6998440027236938,0.664388063625608,0.6618684544936682,0.6796590859296262,0.013095108016083637,0.01322320910791556,-0.00012810109183192253,,gpu_mesh,gpu_mesh,gpu_mesh
15,000015.jpg,previous_frame_refine_only:000014.jpg,swap_xy_freeze_alt_refine_only,True,129.04176200004258,254795.95935465567,3363815.7469464773,88.798,29.19999999999999,254685.48441860868,3363888.8196940594,88.805,8.667448246155573,254689.8684960469,3363881.1169168907,100.69486373197287,-164.46698313500661,254677.7816414396,3363893.2037714976,88.805,15.533016864993385,4.384077438211534,-7.70277716871351,11.889863731972866,-7.70277716871351,4.384077438211534,0.0,132.4550411792006,124.61341545834746,141.2994396422028,0.007000000000005002,11.896863731972871,0.007000000000005002,20.532551753844416,166.3330168649934,13.666983135006603,1.6830055713653564,1.6929442882537842,1.6286725997924805,0.6841954718475654,0.6832053510528284,0.6886840194503729,0.013449302564064661,0.012815103866159916,0.0006341986979047452,,gpu_mesh,gpu_mesh,gpu_mesh
16,000016.jpg,previous_frame_refine_only:000015.jpg,swap_xy_freeze_alt_refine_only,True,130.46619700003248,254796.44721650638,3363816.6198668643,88.813,29.19999999999999,254677.7816414396,3363893.2037714976,88.805,15.533016864993385,254680.61731442725,3363885.411572432,94.78499238472432,-161.15678372459624,254669.98944237386,3363896.039444485,88.805,18.843216275403762,2.8356729876541067,-7.792199065443128,5.979992384724312,-7.792199065443128,2.8356729876541067,0.0,141.23247910736742,134.7177232979966,149.32862400771378,0.007999999999995566,5.971992384724317,0.007999999999995566,13.666983135006603,169.6432162754038,10.356783724596227,1.6622118949890137,1.7598590850830078,1.7855792045593262,0.6815666988671292,0.6692061122332484,0.6613462720646351,0.013330274571975073,0.012850880778084198,0.00047939379389087475,,gpu_mesh,gpu_mesh,gpu_mesh
17,000017.jpg,previous_frame_refine_only:000016.jpg,swap_xy_freeze_alt_refine_only,True,152.58356999999023,254796.93506867034,3363817.492787484,88.871,29.19999999999999,254669.98944237386,3363896.039444485,88.805,18.843216275403762,254664.72412589978,3363890.448813521,95.07667452469468,-169.64432750624545,254664.39881140928,3363890.774128011,88.805,10.355672493754554,-5.265316474076826,-5.590630964376032,6.271674524694674,-5.590630964376032,-5.265316474076826,0.0,149.28084057192234,151.00435465030773,151.44640754467267,0.06599999999998829,6.205674524694686,0.06599999999998829,10.356783724596227,161.15567249375454,18.844327506245435,1.7384107112884521,1.6482276916503906,1.6408494710922241,0.6703529100762216,0.6838348680442349,0.6891219103846323,0.013180710220088562,0.013474293829252323,-0.00029358360916376114,,gpu_mesh,gpu_mesh,gpu_mesh
18,000018.jpg,previous_frame_refine_only:000017.jpg,swap_xy_freeze_alt_refine_only,True,144.56328299991128,254797.42293037643,3363818.365707906,88.877,29.19999999999999,254664.39881140928,3363890.774128011,88.805,10.355672493754554,254658.32627487156,3363887.9692355776,94.83519288338721,-170.03387243573007,254661.59391897693,3363884.701591473,88.805,9.966127564269925,-6.072536537714768,-2.8048924333415926,6.030192883387201,-2.8048924333415926,-6.072536537714768,0.0,151.45426877143035,155.53948256625512,151.1620646405551,0.07199999999998852,5.958192883387213,0.07199999999998852,18.844327506245435,160.76612756426994,19.233872435730063,1.6411857604980469,1.6642040014266968,1.6440820693969727,0.6878837900297128,0.6778254649499285,0.6860129855838011,0.01353931287303567,0.013618111610412598,-7.879873737692833e-05,,gpu_mesh,gpu_mesh,gpu_mesh
19,000019.jpg,previous_frame_refine_only:000018.jpg,swap_xy_freeze_alt_refine_only,True,127.96370299997761,254797.91079225895,3363819.238639433,88.825,29.19999999999999,254661.59391897693,3363884.701591473,88.805,9.966127564269925,254664.85327487788,3363872.0457567153,101.66724393423647,-169.9447202114193,254648.93808421877,3363887.9609473734,88.805,10.055279788580691,3.259355900954688,-12.655834757722914,12.86224393423646,-12.655834757722914,3.259355900954688,0.0,151.22066006731785,143.15339523493978,164.05981637649873,0.01999999999999602,12.842243934236464,0.01999999999999602,19.233872435730063,160.85527978858067,19.144720211419298,1.6626811027526855,1.6851439476013184,1.6462324857711792,0.6802976411285924,0.679315687258603,0.6851637680843171,0.013500582737227282,0.013059020973742008,0.0004415617634852733,,gpu_mesh,gpu_mesh,gpu_mesh
20,000020.jpg,previous_frame_refine_only:000019.jpg,swap_xy_freeze_alt_refine_only,True,132.27164900001753,254798.39865382045,3363820.11155989,88.833,29.19999999999999,254648.93808421877,3363887.9609473734,88.805,10.055279788580691,254637.86290275364,3363885.7798930663,92.99112745095044,-171.41554235582578,254646.75702991107,3363876.885765908,88.805,8.584457644174222,-11.0751814651303,-2.1810543071478605,4.186127450950437,-2.1810543071478605,-11.0751814651303,0.0,164.1401877892949,173.44756369781274,161.92125422811014,0.027999999999991587,4.158127450950445,0.027999999999991587,19.144720211419298,159.38445764417423,20.615542355825767,1.632308840751648,1.6327792406082153,1.682582139968872,0.6849939712813767,0.6860901019401513,0.6805436808067522,0.013535170505444208,0.013319783378392458,0.00021538712705175024,,gpu_mesh,gpu_mesh,gpu_mesh
21,000021.jpg,previous_frame_refine_only:000020.jpg,swap_xy_freeze_alt_refine_only,True,150.38279899999907,254798.88651530858,3363820.9844803642,88.975,29.19999999999999,254646.75702991107,3363876.885765908,88.805,8.584457644174222,254652.8614599415,3363866.8839573245,101.29648565035313,-173.14870795495764,254636.7552213278,3363882.9901959384,88.805,6.8512920450423564,6.10443003042019,-10.001808583270758,12.491485650353127,-10.001808583270758,6.10443003042019,0.0,162.07508769930035,153.0688694026044,173.5835973003901,0.1699999999999875,12.32148565035314,0.1699999999999875,20.615542355825767,157.6512920450424,22.348707954957632,1.6847349405288696,1.735343098640442,1.7058769464492798,0.6815038893690579,0.6687554019014693,0.680942091616249,0.01328272745013237,0.012994030490517616,0.0002886969596147537,,gpu_mesh,gpu_mesh,gpu_mesh
22,000022.jpg,previous_frame_refine_only:000021.jpg,swap_xy_freeze_alt_refine_only,True,149.0440469999612,254799.37436711232,3363821.8574010744,89.037,29.19999999999999,254636.7552213278,3363882.9901959384,88.805,6.8512920450423564,254641.7332281125,3363873.4122869265,95.4577963668853,-173.21651684928378,254627.1773123161,3363887.9682027237,88.805,6.783483150716222,4.978006784716854,-9.577909011859447,6.652796366885298,-9.577909011859447,4.978006784716854,0.0,173.73026559461192,165.8572728594853,184.45179255079097,0.23199999999999932,6.420796366885298,0.23199999999999932,22.348707954957632,157.58348315071623,22.416516849283767,1.70163094997406,1.703067660331726,1.6901847124099731,0.679506268746898,0.6770030858203319,0.6854836969422325,0.01331573398783803,0.01336438146730264,-4.8647479464610996e-05,,gpu_mesh,gpu_mesh,gpu_mesh
23,000023.jpg,previous_frame_refine_only:000022.jpg,swap_xy_freeze_alt_refine_only,True,138.8469089999944,254799.86222845587,3363822.7303215843,89.012,29.19999999999999,254627.1773123161,3363887.9682027237,88.805,6.783483150716222,254632.4974743826,3363880.349742574,100.61023369338363,-169.78331810395946,254619.55885216675,3363893.2883647904,88.805,10.21668189604054,5.320162066491321,-7.618460149504244,11.805233693383627,-7.618460149504244,5.320162066491321,0.0,184.59702434695666,177.00553262882292,193.61752235355428,0.20699999999999363,11.598233693383634,0.20699999999999363,22.416516849283767,161.01668189604055,18.983318103959448,1.6711500883102417,1.7279698848724365,1.6150935888290405,0.6884596981164905,0.6727565357344817,0.6972030101352821,0.013426896495123705,0.013360957925518354,6.59385696053505e-05,,gpu_mesh,gpu_mesh,gpu_mesh
24,000024.jpg,previous_frame_refine_only:000023.jpg,swap_xy_freeze_alt_refine_only,True,132.98781299999973,254800.350089727,3363823.603242111,88.902,29.19999999999999,254619.55885216675,3363893.2883647904,88.805,10.21668189604054,254622.48025701122,3363885.738451729,98.34378483518958,-175.76174812871093,254612.00893910587,3363896.2097696345,88.805,4.238251871289066,2.9214048444700893,-7.549913061317056,9.538784835189574,-7.549913061317056,2.9214048444700893,0.0,193.75625899933115,188.41035445173384,201.8516704323394,0.0969999999999942,9.44178483518958,0.0969999999999942,18.983318103959448,155.03825187128905,24.961748128710923,1.6143757104873657,1.6623927354812622,1.7101454734802246,0.6943779122936898,0.6848408309018856,0.6847101859513129,0.013735049404203892,0.013312672730535269,0.00042237667366862297,,gpu_mesh,gpu_mesh,gpu_mesh
25,000025.jpg,previous_frame_refine_only:000024.jpg,swap_xy_freeze_alt_refine_only,True,122.1344279999812,254800.83795092715,3363824.4761626585,88.922,29.19999999999999,254612.00893910587,3363896.2097696345,88.805,4.238251871289066,254615.26534606423,3363891.443452759,95.60863776970655,-176.9222842636041,254607.24262223075,3363899.4661765923,88.805,3.077715736395902,3.256406958360458,-4.76631687534973,6.80363776970654,-4.76631687534973,3.256406958360458,0.0,201.99531201289133,197.28611106469464,207.61178551047325,0.11699999999999022,6.68663776970655,0.11699999999999022,24.961748128710923,153.87771573639588,26.122284263604087,1.6730766296386719,1.6653540134429932,1.6753039360046387,0.689170761271889,0.6827204052035758,0.6817463581462803,0.013745244902869066,0.013602648240824541,0.00014259666204452515,,gpu_mesh,gpu_mesh,gpu_mesh
26,000026.jpg,previous_frame_refine_only:000025.jpg,swap_xy_freeze_alt_refine_only,True,121.67925899996135,254801.3258123037,3363825.349094307,89.106,29.19999999999999,254607.24262223075,3363899.4661765923,88.805,3.077715736395902,254616.39889099056,3363888.332484273,100.26084359921515,-174.10404699964002,254596.10892991064,3363908.622445352,88.805,5.895953000359981,9.156268759805243,-11.133692319504917,11.455843599215143,-11.133692319504917,9.156268759805243,0.0,207.75376423873527,195.3583211381805,221.46877841665506,0.3009999999999877,11.154843599215155,0.3009999999999877,26.122284263604087,156.69595300035996,23.304046999640008,1.6796668767929077,1.6362396478652954,1.7036713361740112,0.6801640405784589,0.6872868551694367,0.6884092380746817,0.013941677597661814,0.013363701912264029,0.0005779756853977851,,gpu_mesh,gpu_mesh,gpu_mesh
27,000027.jpg,previous_frame_refine_only:000026.jpg,swap_xy_freeze_alt_refine_only,True,124.34890200006521,254801.81367335806,3363826.2220148887,89.275,29.19999999999999,254596.10892991064,3363908.622445352,88.805,5.895953000359981,254603.01874132294,3363900.3524951255,100.84760604705662,-174.122374464997,254587.838979684,3363915.532256764,88.805,5.8776255350030056,6.909811412304407,-8.269950226414949,12.042606047056609,-8.269950226414949,6.909811412304407,0.0,221.59483842657423,212.16680490357504,231.86523852601505,0.46999999999999886,11.57260604705661,0.46999999999999886,23.304046999640008,156.67762553500302,23.322374464996983,1.6980839967727661,1.6559925079345703,1.7082687616348267,0.6836951056899906,0.6875423525039893,0.68389183990207,0.013804397700975338,0.013902425145109495,-9.802744413415707e-05,,gpu_mesh,gpu_mesh,gpu_mesh
28,000028.jpg,previous_frame_refine_only:000027.jpg,swap_xy_freeze_alt_refine_only,True,124.25139399999807,254802.30152472804,3363827.094935705,89.046,29.19999999999999,254587.838979684,3363915.532256764,88.805,5.8776255350030056,254594.69824025128,3363905.8409801307,101.94869459886104,-176.89161282461828,254578.1477030505,3363922.3915173314,88.805,3.108387175381722,6.859260567289311,-9.691276633180678,13.143694598861032,-9.691276633180678,6.859260567289311,0.0,231.98134188519037,222.03617551706034,243.5700602338668,0.24099999999999966,12.902694598861032,0.24099999999999966,23.322374464996983,153.90838717538173,26.091612824618267,1.710062026977539,1.674782156944275,1.6791975498199463,0.6837275204359673,0.6853623978201635,0.6933623978201635,0.013720069080591202,0.01399072523539265,-0.00027065615480144876,,gpu_mesh,gpu_mesh,gpu_mesh
29,000029.jpg,previous_frame_refine_only:000028.jpg,swap_xy_freeze_alt_refine_only,True,134.60640000005242,254802.7893856379,3363827.967856321,89.03,29.19999999999999,254578.1477030505,3363922.3915173314,88.805,3.108387175381722,254582.3427038491,3363915.120951575,99.5243030488491,-175.22415649252207,254570.87713729404,3363926.58651813,88.805,4.77584350747793,4.195000798616093,-7.270565756130964,10.719303048849099,-7.270565756130964,4.195000798616093,0.0,243.67952994517626,237.049365162792,252.0097843117672,0.22499999999999432,10.494303048849105,0.22499999999999432,26.091612824618267,155.57584350747794,24.42415649252206,1.6646991968154907,1.6672523021697998,1.6560468673706055,0.6934132773436654,0.6869629212753523,0.6985216130219268,0.013633054370681444,0.013666551870604357,-3.349749992291248e-05,,gpu_mesh,gpu_mesh,gpu_mesh
30,000030.jpg,previous_frame_refine_only:000029.jpg,swap_xy_freeze_alt_refine_only,True,139.73539500000243,254803.27724647656,3363828.8407769557,88.973,29.19999999999999,254570.87713729404,3363926.58651813,88.805,4.77584350747793,254565.93908235364,3363925.977483739,91.71860432997346,-176.75484019433597,254570.268102904,3363921.648463189,88.805,3.2451598056640307,-4.938054940401344,-0.6090343906544149,2.9136043299734524,-0.6090343906544149,-4.938054940401344,0.0,252.11910016045837,256.4467663160714,250.81173738966328,0.16799999999999216,2.7456043299734603,0.16799999999999216,24.42415649252206,154.04515980566407,25.954840194335958,1.6637176275253296,1.6559489965438843,1.6424050331115723,0.7006204419288125,0.698987700010885,0.7004462827909002,0.013737304136157036,0.013718008529394865,1.929560676217079e-05,,gpu_mesh,gpu_mesh,gpu_mesh
31,000031.jpg,previous_frame_refine_only:000030.jpg,swap_xy_freeze_alt_refine_only,True,258.6168699999689,254803.7651072406,3363829.7136976086,88.903,29.19999999999999,254570.268102904,3363921.648463189,88.805,3.2451598056640307,254568.1493128161,3363909.477989675,99.99317341297865,-171.38011977461198,254558.0976293907,3363919.529673101,88.805,8.619880225388016,-2.1187900879012886,-12.170473514124751,11.188173412978642,-12.170473514124751,-2.1187900879012886,0.0,250.9439223342878,248.7511705925147,261.5710594212868,0.09799999999999898,11.090173412978643,0.09799999999999898,25.954840194335958,159.41988022538806,20.580119774611973,1.6381357908248901,1.5895525217056274,1.5929988622665405,0.7044838282826091,0.6999501073776003,0.7022495064968871,0.013707007902363936,0.013502253840366999,0.0002047540619969368,,gpu_mesh,gpu_mesh,gpu_mesh
32,000032.jpg,previous_frame_refine_only:000031.jpg,swap_xy_freeze_alt_refine_only,True,129.7278979999419,254804.2529679347,3363830.5866182777,88.863,29.19999999999999,254558.0976293907,3363919.529673101,88.805,8.619880225388016,254557.80423819335,3363913.1965705776,99.61798026319593,-170.5795779365756,254551.76452686737,3363919.236281903,88.805,9.420422063424411,-0.29339119733776897,-6.3331025233492255,10.812980263195925,-6.3331025233492255,-0.29339119733776897,0.0,261.7313846198137,259.92572133229396,267.59890831894654,0.057999999999992724,10.754980263195932,0.057999999999992724,20.580119774611973,160.2204220634244,19.779577936575578,1.5729268789291382,1.5789347887039185,1.5425441265106201,0.7046890078077024,0.7082638827967366,0.7148214755680323,0.013667949320127567,0.01374156695480148,-7.361763467391216e-05,,gpu_mesh,gpu_mesh,gpu_mesh
33,000033.jpg,previous_frame_refine_only:000032.jpg,swap_xy_freeze_alt_refine_only,True,129.82665699996687,254804.74082855543,3363831.459538966,88.761,29.19999999999999,254551.76452686737,3363919.236281903,88.805,9.420422063424411,254557.32571670934,3363905.3804285047,102.270880847238,-172.2589182493467,254537.90867346898,3363924.7974717445,88.805,7.741081750653308,5.561189841973828,-13.85585339833051,13.465880847237997,-13.85585339833051,5.561189841973828,0.0,267.7718540407196,258.2218725824871,282.6859895421896,0.04400000000001114,13.509880847238009,0.04400000000001114,19.779577936575578,158.54108175065335,21.45891824934668,1.5545395612716675,1.6434111595153809,1.574479103088379,0.71331124961862,0.6984047421871595,0.7139432506646908,0.013644149216512838,0.013712183417131504,-6.803420061866558e-05,,gpu_mesh,gpu_mesh,gpu_mesh
34,000034.jpg,previous_frame_refine_only:000033.jpg,swap_xy_freeze_alt_refine_only,True,133.51634599996487,254805.22868935487,3363832.3324707593,88.832,29.19999999999999,254537.90867346898,3363924.7974717445,88.805,7.741081750653308,254523.01323075572,3363924.9395364486,89.2414838001132,-167.3456701450644,254538.0507381725,3363909.9020290314,88.805,12.654329854935611,-14.895442713255761,0.14206470409408212,0.4364838001131943,0.14206470409408212,-14.895442713255761,0.0,282.85997825854946,297.02126807336396,278.2105209523018,0.026999999999986812,0.4094838001132075,0.026999999999986812,21.45891824934668,163.45432985493562,16.545670145064378,1.56868314743042,1.5429686307907104,1.5703243017196655,0.714080240591017,0.7146904351995118,0.7035979689236603,0.0131907407194376,0.01376005681231618,-0.0005693160928785801,,gpu_mesh,gpu_mesh,gpu_mesh
35,000035.jpg,previous_frame_refine_only:000034.jpg,swap_xy_freeze_alt_refine_only,True,145.09913400002006,254805.71654983095,3363833.2053914815,88.794,29.19999999999999,254538.0507381725,3363909.9020290314,88.805,12.654329854935611,254548.0073570824,3363898.8232653793,102.37373895943165,-169.36484656590218,254526.97197452,3363919.858647941,88.805,10.635153434097816,9.95661890989868,-11.078763652127236,13.568738959431641,-11.078763652127236,9.95661890989868,0.0,278.43735550791786,265.9318209654099,291.9029378412137,0.01100000000000989,13.579738959431651,0.01100000000000989,16.545670145064378,161.43515343409786,18.564846565902172,1.5655410289764404,1.5800367593765259,1.5570064783096313,0.7035337906559045,0.7029278743156391,0.7093549154963104,0.013576692280670008,0.013606430186579624,-2.9737905909616585e-05,,gpu_mesh,gpu_mesh,gpu_mesh
36,000036.jpg,previous_frame_refine_only:000035.jpg,swap_xy_freeze_alt_refine_only,True,140.37268200002018,254806.20441023482,3363834.078312223,88.796,29.19999999999999,254526.97197452,3363919.858647941,88.805,10.635153434097816,254518.91310421814,3363918.5773912077,93.43399219214916,-170.3138353548447,254525.6907177863,3363911.799777638,88.805,9.686164645155287,-8.058870301872957,-1.2812567334622145,4.6289921921491555,-1.2812567334622145,-8.058870301872957,0.0,292.11131294622214,299.46016239569,291.0817030275378,0.009000000000000341,4.637992192149156,0.009000000000000341,18.564846565902172,160.48616464515533,19.5138353548447,1.5712088346481323,1.537830114364624,1.557538628578186,0.7072546168702936,0.7126364445216032,0.7119637160651896,0.013608596287667751,0.01374679896980524,-0.00013820268213748932,,gpu_mesh,gpu_mesh,gpu_mesh
37,000037.jpg,previous_frame_refine_only:000036.jpg,swap_xy_freeze_alt_refine_only,True,142.60970100008308,254806.69227056755,3363834.9512329814,88.873,29.19999999999999,254525.6907177863,3363911.799777638,88.805,9.686164645155287,254517.4240240815,3363909.987868076,93.58678242191672,-171.04805948781058,254523.87880822606,3363903.5330839334,88.805,8.951940512189424,-8.266693704790669,-1.8119095619767904,4.781782421916716,-1.8119095619767904,-8.266693704790669,0.0,291.32039317793163,298.84212392409756,291.0101798246707,0.06799999999999784,4.713782421916719,0.06799999999999784,19.5138353548447,159.75194051218944,20.248059487810565,1.5632908344268799,1.5274925231933594,1.5352314710617065,0.7079398541527739,0.7098758792780777,0.7121130638673178,0.01376936367402474,0.013617131703843674,0.00015223197018106663,,gpu_mesh,gpu_mesh,gpu_mesh
38,000038.jpg,previous_frame_refine_only:000037.jpg,swap_xy_freeze_alt_refine_only,True,117.40350199988825,254807.1801212136,3363835.8241539756,89.009,29.19999999999999,254523.87880822606,3363903.5330839334,88.805,8.951940512189424,254517.92961284728,3363903.0322299604,90.04186690133065,-172.80148135142684,254523.37795425378,3363897.583888554,88.805,7.198518648573156,-5.949195378780132,-0.5008539729751647,1.236866901330643,-0.5008539729751647,-5.949195378780132,0.0,291.2801626209746,296.955858786729,290.4443746852225,0.20399999999999352,1.0328669013306495,0.20399999999999352,20.248059487810565,157.99851864857317,22.001481351426833,1.5531690120697021,1.5550254583358765,1.5673965215682983,0.7131640422218377,0.701072849974044,0.7000129780238795,0.013776817979911963,0.013505381532013416,0.0002714364478985463,,gpu_mesh,gpu_mesh,gpu_mesh
39,000039.jpg,previous_frame_refine_only:000038.jpg,swap_xy_freeze_alt_refine_only,True,316.7501020000145,254807.6679814017,3363836.6970747686,89.123,29.19999999999999,254523.37795425378,3363897.583888554,88.805,7.198518648573156,254519.508538337,3363897.5570100457,89.22392726503313,-174.39928354752027,254523.35107574626,3363893.7144726366,88.805,5.60071645247973,-3.869415916793514,-0.026878508273512125,0.41892726503311906,-0.026878508273512125,-3.869415916793514,0.0,290.7370351859262,294.51620727780204,289.9777344920051,0.31799999999999784,0.10092726503312122,0.31799999999999784,22.001481351426833,156.40071645247974,23.59928354752026,1.562169075012207,1.5639911890029907,1.5725269317626953,0.7003294963413068,0.7009713723308657,0.701121143395096,0.013740204740315676,0.013666812951366106,7.339178894956964e-05,,gpu_mesh,gpu_mesh,gpu_mesh
40,000040.jpg,previous_frame_refine_only:000039.jpg,swap_xy_freeze_alt_refine_only,True,319.9024069999723,254808.15584151633,3363837.5699955802,89.473,29.19999999999999,254523.35107574626,3363893.7144726366,88.805,5.60071645247973,254514.56247414253,3363894.321375465,90.48665503412485,-173.05063898313608,254523.95797857558,3363884.9258710328,88.805,6.949361016863918,-8.788601603737334,0.6069028284400702,1.6816550341248444,0.6069028284400702,-8.788601603737334,0.0,290.285991582908,299.028066382933,288.1163033220529,0.6679999999999922,1.0136550341248522,0.6679999999999922,23.59928354752026,157.74936101686393,22.25063898313607,1.5840269327163696,1.5194426774978638,1.6179033517837524,0.7034476818054568,0.7089389926136486,0.6935417877985227,0.013546028174459934,0.013369015417993069,0.00017701275646686554,,gpu_mesh,gpu_mesh,gpu_mesh
41,000041.jpg,previous_frame_refine_only:000040.jpg,swap_xy_freeze_alt_refine_only,True,333.2515390000026,254808.64370155873,3363838.4429164105,89.563,29.19999999999999,254523.95797857558,3363884.9258710328,88.805,6.949361016863918,254529.34302342145,3363874.396105344,101.41655129753053,-174.2622203287612,254513.42821288705,3363890.3109158785,88.805,5.737779671238798,5.385044845868833,-10.529765688814223,12.611551297530525,-10.529765688814223,5.385044845868833,0.0,288.45558746686345,281.6052211917046,299.7373418853044,0.7579999999999956,11.85355129753053,0.7579999999999956,22.25063898313607,156.5377796712388,23.46222032876119,1.599003791809082,1.635150671005249,1.5640954971313477,0.6949661908339594,0.681335193731888,0.7049264784801975,0.013478525293370089,0.013363561282555262,0.00011496401081482685,,gpu_mesh,gpu_mesh,gpu_mesh
42,000042.jpg,previous_frame_refine_only:000041.jpg,swap_xy_freeze_alt_refine_only,True,305.2313360001335,254809.1315615301,3363839.3158372594,89.463,29.19999999999999,254513.42821288705,3363890.3109158785,88.805,5.737779671238798,254522.9244020166,3363881.944117458,97.95846101362258,-175.72223341601827,254505.06141446633,3363899.8071050076,88.805,4.27776658398173,9.496189129538834,-8.36679842043668,9.153461013622575,-8.36679842043668,9.496189129538834,0.0,300.06827296814834,289.36431782355913,310.028785452536,0.657999999999987,8.495461013622588,0.657999999999987,23.46222032876119,155.07776658398177,24.92223341601826,1.5558136701583862,1.622460961341858,1.4649748802185059,0.7097662807213877,0.691882236473981,0.7199888090216502,0.013391820092995962,0.013646744502087435,-0.0002549244090914726,,gpu_mesh,gpu_mesh,gpu_mesh
43,000043.jpg,previous_frame_refine_only:000042.jpg,swap_xy_freeze_alt_refine_only,True,305.99428899995473,254809.61942167665,3363840.18876921,89.368,29.19999999999999,254505.06141446633,3363899.8071050076,88.805,4.27776658398173,254497.4718126495,3363903.54231001,82.95113902818412,-171.55087601012036,254508.7966194686,3363892.217503191,88.805,8.449123989879638,-7.589601816813229,3.735205002594739,-5.853860971815891,3.735205002594739,-7.589601816813229,0.0,310.33840516310266,318.5118537091802,305.28895736326444,0.5629999999999882,6.416860971815879,0.5629999999999882,24.92223341601826,159.24912398987965,20.75087601012035,1.4383764266967773,1.463678240776062,1.5122036933898926,0.72630759583991,0.7193236610521309,0.7092045233410452,0.012851468908290068,0.012830833128343025,2.0635779947042465e-05,,gpu_mesh,gpu_mesh,gpu_mesh
44,000044.jpg,previous_frame_refine_only:000043.jpg,swap_xy_freeze_alt_refine_only,True,369.99539299995376,254810.10728150335,3363841.0616900935,89.286,29.19999999999999,254508.7966194686,3363892.217503191,88.805,8.449123989879638,254508.56718020322,3363893.8785144556,90.11751665826887,-174.00860556476408,254510.45763073338,3363891.988063925,88.805,5.991394435235918,-0.22943926538573578,1.6610112646594644,1.312516658268862,1.6610112646594644,-0.22943926538573578,0.0,305.6223687322094,306.1307721020547,303.94639125706254,0.48099999999999454,0.8315166582688676,0.48099999999999454,20.75087601012035,156.79139443523593,23.20860556476407,1.5077617168426514,1.4717092514038086,1.4758051633834839,0.7107944732297063,0.7162348877374785,0.7225604490500863,0.01313951425254345,0.013323703159888586,-0.00018418890734513658,,gpu_mesh,gpu_mesh,gpu_mesh
45,000045.jpg,previous_frame_refine_only:000044.jpg,swap_xy_freeze_alt_refine_only,True,306.3900100000865,254810.5951412566,3363841.934610994,89.275,29.19999999999999,254510.45763073338,3363891.988063925,88.805,5.991394435235918,254504.32255238906,3363888.6808903874,90.49108385294676,-177.63170763515444,254507.15045719675,3363885.8529855795,88.805,2.3682923648455585,-6.135078344319481,-3.307173537556082,1.6860838529467514,-3.307173537556082,-6.135078344319481,0.0,304.282555157842,309.8194850695306,306.60642509643,0.46999999999999886,1.2160838529467526,0.46999999999999886,23.20860556476407,153.16829236484557,26.83170763515443,1.496918797492981,1.4791830778121948,1.5091627836227417,0.7185402594039321,0.7147419988346246,0.7105121177460777,0.013068615769346556,0.013016821506122747,5.1794263223808173e-05,,gpu_mesh,gpu_mesh,gpu_mesh
46,000046.jpg,previous_frame_refine_only:000045.jpg,swap_xy_freeze_alt_refine_only,True,332.7590110000074,254811.08300093882,3363842.807531913,89.146,29.19999999999999,254507.15045719675,3363885.8529855795,88.805,2.3682923648455585,254500.9053836602,3363880.8889201274,91.72724423278123,176.21083045741943,254502.18639174517,3363879.607912042,88.805,-3.7891695425805665,-6.245073536556447,-4.964065452106297,2.9222442327812246,-4.964065452106297,-6.245073536556447,0.0,306.96563688285016,312.50655415365776,311.08099130129705,0.340999999999994,2.5812442327812306,0.340999999999994,26.83170763515443,147.01083045741944,32.989169542580555,1.503806471824646,1.510866641998291,1.557842493057251,0.7091064374933277,0.7040034162485321,0.7048788299348777,0.01309740636497736,0.013244171316425005,-0.00014676495144764524,,gpu_mesh,gpu_mesh,gpu_mesh
47,000047.jpg,previous_frame_refine_only:000046.jpg,swap_xy_freeze_alt_refine_only,True,332.62740400004986,254811.57086054757,3363843.6804528483,89.112,29.19999999999999,254502.18639174517,3363879.607912042,88.805,-3.7891695425805665,254496.77571061303,3363868.665384364,96.99633306637406,169.1862599045991,254491.24386406675,3363874.197230909,88.805,-10.81374009540093,-5.410681132139871,-10.942527678329498,8.191333066374057,-10.942527678329498,-5.410681132139871,0.0,311.4635321514662,315.7851060850447,321.7773429215069,0.30699999999998795,7.884333066374069,0.30699999999998795,32.989169542580555,139.98625990459914,40.01374009540092,1.5708832740783691,1.592795491218567,1.592024326324463,0.7033009876971063,0.692882516028418,0.7009617050771096,0.013374087090293566,0.013222537624339262,0.00015154946595430374,,gpu_mesh,gpu_mesh,gpu_mesh
48,000048.jpg,previous_frame_refine_only:000047.jpg,swap_xy_freeze_alt_refine_only,True,354.7395640000559,254812.05872008385,3363844.5533738025,89.192,29.19999999999999,254491.24386406675,3363874.197230909,88.805,-10.81374009540093,254485.1603031763,3363868.4110851972,97.21445641387254,167.12556762502678,254485.45771835485,3363868.113670018,88.805,-12.874432374973253,-6.083560890459921,-5.78614571178332,8.409456413872533,-5.78614571178332,-6.083560890459921,0.0,322.18151732435615,327.7678528618431,327.44969367545497,0.38699999999998624,8.022456413872547,0.38699999999998624,40.01374009540092,137.92556762502682,42.07443237497324,1.6016325950622559,1.587303876876831,1.5763912200927734,0.6953170167662363,0.6951028885891094,0.7018051005331791,0.013150648524363836,0.01321595006932815,-6.530154496431351e-05,,gpu_mesh,gpu_mesh,gpu_mesh
49,000049.jpg,previous_frame_refine_only:000048.jpg,swap_xy_freeze_alt_refine_only,True,323.02169699983097,254812.5465795493,3363845.4262947743,89.094,29.19999999999999,254485.45771835485,3363868.113670018,88.805,-12.874432374973253,254492.67906062136,3363868.004737387,96.18863063212484,167.8159475320781,254485.348785725,3363875.3350122846,88.805,-12.184052467921902,7.221342266508145,-0.1089326310902834,7.383630632124834,-0.1089326310902834,7.221342266508145,0.0,327.87473234899636,320.6633994329937,328.56190842306137,0.28899999999998727,7.094630632124847,0.28899999999998727,42.07443237497324,138.6159475320781,41.38405246792189,1.5737254619598389,1.5954368114471436,1.5860568284988403,0.7027343833251636,0.7009867649879585,0.6941881034078557,0.013073578011244535,0.013209862324098745,-0.00013628431285420996,,gpu_mesh,gpu_mesh,gpu_mesh
50,000050.jpg,previous_frame_refine_only:000049.jpg,swap_xy_freeze_alt_refine_only,True,316.3192010001694,254813.0344389411,3363846.2992157633,89.121,29.19999999999999,254485.348785725,3363875.3350122846,88.805,-12.184052467921902,254479.2056029598,3363870.3083213996,97.66506179794669,159.3970190262941,254480.32209483982,3363869.191829519,88.805,-20.60298097370594,-6.143182765197707,-5.026690884958953,8.860061797946685,-5.026690884958953,-6.143182765197707,0.0,328.96954996366526,334.69109472182555,333.4989890268476,0.3159999999999883,8.544061797946696,0.3159999999999883,41.38405246792189,130.19701902629413,49.80298097370593,1.5768420696258545,1.5941616296768188,1.5662094354629517,0.6963787698627175,0.6950816127986164,0.7022159766511729,0.012829897304375967,0.01314889220520854,-0.000318994900832573,,gpu_mesh,gpu_mesh,gpu_mesh
51,000051.jpg,previous_frame_refine_only:000050.jpg,swap_xy_freeze_alt_refine_only,True,346.88318200005597,254813.5222982606,3363847.1721367715,89.26,29.19999999999999,254480.32209483982,3363869.191829519,88.805,-20.60298097370594,254478.3325885249,3363860.7357164896,98.19320446904749,156.0589851422145,254471.86598181055,3363867.202323204,88.805,-23.94101485778549,-1.9895063149160706,-8.456113029271364,9.38820446904748,-8.456113029271364,-1.9895063149160706,0.0,333.92700164606515,335.4640252060755,342.242964776089,0.4549999999999983,8.933204469047482,0.4549999999999983,49.80298097370593,126.85898514221452,53.14101485778548,1.6011794805526733,1.6590192317962646,1.7301385402679443,0.6914956258411844,0.6885304508748318,0.6815696500672948,0.013296552002429962,0.013545779511332512,-0.00024922750890254974,,gpu_mesh,gpu_mesh,gpu_mesh
52,000052.jpg,previous_frame_refine_only:000051.jpg,swap_xy_freeze_alt_refine_only,True,331.72621200014873,254814.010157508,3363848.045057796,89.406,29.19999999999999,254471.86598181055,3363867.202323204,88.805,-23.94101485778549,254472.46094001492,3363859.8564951946,98.4989592442289,153.73328625577778,254464.52015380177,3363867.7972814078,88.805,-26.266713744222216,0.594958204368595,-7.345828009303659,9.693959244228893,-7.345828009303659,0.594958204368595,0.0,342.6800808065602,341.75338772797943,350.0477296429491,0.6009999999999991,9.092959244228894,0.6009999999999991,53.14101485778548,124.5332862557778,55.466713744222204,1.7448405027389526,1.7524842023849487,1.8396638631820679,0.6795194605667463,0.6806930693069307,0.6762333560942301,0.01366585415477554,0.013583580497652292,8.22736571232472e-05,,gpu_mesh,gpu_mesh,gpu_mesh
53,000053.jpg,previous_frame_refine_only:000052.jpg,swap_xy_freeze_alt_refine_only,True,328.8727060000838,254814.49801693283,3363848.9179899255,89.461,29.19999999999999,254464.52015380177,3363867.7972814078,88.805,-26.266713744222216,254466.01938752885,3363858.6848413544,99.2337245028466,145.56442034231156,254455.40771374863,3363869.2965151346,88.805,-34.435579657688436,1.499233727081446,-9.112440053373575,10.428724502846592,-9.112440053373575,1.499233727081446,0.0,350.4867077774231,348.61547088175945,359.66808328043567,0.6559999999999917,9.7727245028466,0.6559999999999917,55.466713744222204,116.36442034231158,63.635579657688425,1.8484445810317993,1.8202862739562988,1.7446999549865723,0.6778662013788408,0.6714826793769683,0.685015746020938,0.013680713716894388,0.013118005202462276,0.0005627085144321118,,gpu_mesh,gpu_mesh,gpu_mesh
54,000054.jpg,previous_frame_refine_only:000053.jpg,swap_xy_freeze_alt_refine_only,True,391.43087299999024,254814.9858760367,3363849.7909109863,89.393,29.19999999999999,254455.40771374863,3363869.2965151346,88.805,-34.435579657688436,254463.01174311683,3363859.746240974,95.23262344952673,138.5786954989483,254445.8574395885,3363876.900544502,88.805,-41.421304501051736,7.604029368201736,-9.550274160690606,6.42762344952672,-9.550274160690606,7.604029368201736,0.0,360.1068221898217,352.1148943737684,370.12259431712744,0.5879999999999939,5.8396234495267265,0.5879999999999939,63.635579657688425,109.37869549894833,70.62130450105172,1.7375671863555908,1.6420069932937622,1.5554829835891724,0.6885741667554041,0.6888936215525503,0.7045682035991907,0.013773040380328894,0.013112560690691074,0.0006604796896378193,,gpu_mesh,gpu_mesh,gpu_mesh
55,000055.jpg,previous_frame_refine_only:000054.jpg,swap_xy_freeze_alt_refine_only,True,480.38429899997936,254815.47373506706,3363850.663832064,89.457,29.19999999999999,254445.8574395885,3363876.900544502,88.805,-41.421304501051736,254451.41686072425,3363869.3354527247,96.41932378523052,136.35238324626783,254438.29234781186,3363882.459965637,88.805,-43.647616753732166,5.5594211357529275,-7.565091777127236,7.614323785230511,-7.565091777127236,5.5594211357529275,0.0,370.5463141941338,364.5353716367813,378.5192108756974,0.6519999999999868,6.962323785230524,0.6519999999999868,70.62130450105172,107.15238324626785,72.84761675373215,1.5656118392944336,1.5730489492416382,1.566676378250122,0.7040709923176779,0.702730310059373,0.7012406631057011,0.013881975940118233,0.013375920554002127,0.0005060553861161061,,gpu_mesh,gpu_mesh,gpu_mesh
56,000056.jpg,previous_frame_refine_only:000055.jpg,swap_xy_freeze_alt_refine_only,True,335.69879800006674,254815.96160363732,3363851.536752943,89.365,29.19999999999999,254438.29234781186,3363882.459965637,88.805,-43.647616753732166,254435.27816383084,3363873.64555271,99.46296500973403,140.4515964705736,254429.4779348845,3363879.445781656,88.805,-39.54840352942642,-3.0141839810239617,-8.814412926789373,10.657965009734028,-8.814412926789373,-3.0141839810239617,0.0,378.93312322766656,381.32490132437226,387.4900516095309,0.5599999999999881,10.09796500973404,0.5599999999999881,72.84761675373215,111.25159647057365,68.74840352942641,1.5465701818466187,1.699130892753601,1.6276062726974487,0.7042322312119088,0.6958442165169565,0.697797880699072,0.013606912146011988,0.013589179453750452,1.773269226153576e-05,,gpu_mesh,gpu_mesh,gpu_mesh
57,000057.jpg,previous_frame_refine_only:000056.jpg,swap_xy_freeze_alt_refine_only,True,294.1034049999871,254816.44946252435,3363852.4096740573,88.898,29.19999999999999,254429.4779348845,3363879.445781656,88.805,-39.54840352942642,254418.7471625746,3363876.00308362,80.62872498389333,145.27904726532685,254426.0352368481,3363868.7150093447,88.805,-34.72095273467312,-10.730772309878375,-3.4426980358548462,-8.176275016106672,-3.4426980358548462,-10.730772309878375,0.0,387.9148286905567,398.40151651332826,390.75456692048635,0.09299999999998931,8.269275016106661,0.09299999999998931,68.74840352942641,116.07904726532684,63.92095273467311,1.633920431137085,1.782386302947998,1.7728244066238403,0.6964791148468994,0.6757440603825371,0.6837421734282528,0.01324928846831123,0.013061983666072289,0.0001873048022389412,,gpu_mesh,gpu_mesh,gpu_mesh
58,000058.jpg,previous_frame_refine_only:000057.jpg,swap_xy_freeze_alt_refine_only,True,354.18327299998964,254816.93732133793,3363853.282595189,88.833,29.19999999999999,254426.0352368481,3363868.7150093447,88.805,-34.72095273467312,254432.03606284293,3363863.0332246907,99.96357005368918,142.4178553274483,254420.35345219445,3363874.7158353403,88.805,-37.58214467255169,6.000825994822662,-5.681784654036164,11.158570053689175,-5.681784654036164,6.000825994822662,0.0,391.2065938416237,385.02474409668105,397.162622924416,0.027999999999991587,11.130570053689183,0.027999999999991587,63.92095273467311,113.21785532744832,66.78214467255168,1.7611910104751587,1.6845989227294922,1.6896913051605225,0.6872404441054326,0.6885541147554878,0.6902279854224934,0.013646424748003483,0.013824133512874445,-0.00017770876487096209,,gpu_mesh,gpu_mesh,gpu_mesh
59,000059.jpg,previous_frame_refine_only:000058.jpg,swap_xy_freeze_alt_refine_only,True,340.7210140001098,254817.42518008052,3363854.1555163376,89.3,29.19999999999999,254420.35345219445,3363874.7158353403,88.805,-37.58214467255169,254424.30550551516,3363865.6551927873,100.99501922912896,145.39430550274656,254411.29280964102,3363878.6678886604,88.805,-34.60569449725347,3.9520533207105473,-9.06064255302772,12.19001922912895,-9.06064255302772,3.9520533207105473,0.0,397.603676798796,393.2878349107946,406.87142774555207,0.49499999999999034,11.69501922912896,0.49499999999999034,66.78214467255168,116.1943055027466,63.805694497253455,1.7051208019256592,1.8097823858261108,1.7715485095977783,0.6870067372473532,0.6777456956475243,0.6823013581435141,0.013072832797964415,0.01340014518549045,-0.0003273123875260353,,gpu_mesh,gpu_mesh,gpu_mesh
60,000060.jpg,previous_frame_refine_only:000059.jpg,swap_xy_freeze_alt_refine_only,True,363.6856230000376,254817.91303874948,3363855.0284375045,89.061,29.19999999999999,254411.29280964102,3363878.6678886604,88.805,-34.60569449725347,254413.44709228075,3363866.7625779365,101.49471515696496,152.35325931991056,254399.38749891837,3363880.8221713,88.805,-27.646740680089465,2.154282639734447,-11.905310723930597,12.689715156964951,-11.905310723930597,2.154282639734447,0.0,407.30680619303575,404.6361228369527,419.31962056889813,0.2560000000000002,12.43371515696495,0.2560000000000002,63.805694497253455,123.1532593199106,56.846740680089454,1.7806378602981567,1.7683510780334473,1.8249995708465576,0.6774958702189843,0.6783430047863103,0.6651488839002075,0.013165821942190329,0.013779205890993277,-0.000613383948802948,,gpu_mesh,gpu_mesh,gpu_mesh
61,000061.jpg,previous_frame_refine_only:000060.jpg,swap_xy_freeze_alt_refine_only,True,339.43826599988824,254818.4008973449,3363855.901358689,89.054,29.19999999999999,254399.38749891837,3363880.8221713,88.805,-27.646740680089465,254393.91708661415,3363881.22255428,91.05233407765627,156.67696809370895,254399.78788189794,3363875.351758996,88.805,-23.32303190629102,-5.4704123042174615,0.400382979772985,2.2473340776562623,0.400382979772985,-5.4704123042174615,0.0,419.7538266200082,425.2383667058284,419.0646427148097,0.24899999999999523,1.998334077656267,0.24899999999999523,56.846740680089454,127.47696809370893,52.52303190629101,1.8274495601654053,1.838109016418457,1.8687788248062134,0.6664752058204098,0.6669857680770949,0.6642202225200502,0.013783036731183529,0.013915286244203648,-0.00013224951302011866,,gpu_mesh,gpu_mesh,gpu_mesh
62,000062.jpg,previous_frame_refine_only:000061.jpg,swap_xy_freeze_alt_refine_only,True,340.94093099997735,254818.88875587063,3363856.774279892,89.563,29.19999999999999,254399.78788189794,3363875.351758996,88.805,-23.32303190629102,254393.22664390723,3363868.4728748617,94.49977241363376,160.49680307704898,254392.90899776362,3363868.790521005,88.805,-19.50319692295102,-6.5612379907106515,-6.878884134348482,5.694772413633757,-6.878884134348482,-6.5612379907106515,0.0,419.5124137549918,425.82283955350886,426.1492043491367,0.7579999999999956,4.936772413633761,0.7579999999999956,52.52303190629101,131.296803077049,48.70319692295101,1.8419700860977173,1.809601068496704,1.838547706604004,0.6645612983342611,0.6689504560441913,0.6689718665696056,0.014108389771233002,0.01432494322458903,-0.0002165534533560276,,gpu_mesh,gpu_mesh,gpu_mesh
63,000063.jpg,previous_frame_refine_only:000062.jpg,swap_xy_freeze_alt_refine_only,True,364.20811499988304,254819.3766143227,3363857.6472011125,89.51,29.19999999999999,254392.90899776362,3363868.790521005,88.805,-19.50319692295102,254391.4220169763,3363868.601867102,90.18839098699391,159.8755708346172,254392.72034386155,3363867.3035402177,88.805,-20.12442916538282,-1.4869807873037644,-0.18865390308201313,1.383390986993902,-0.18865390308201313,-1.4869807873037644,0.0,426.61317554879275,428.09478167441046,426.7655304833544,0.7049999999999983,0.6783909869939038,0.7049999999999983,48.70319692295101,130.67557083461725,49.32442916538281,1.8400132656097412,1.8494237661361694,1.8081114292144775,0.6686152799625866,0.6659580800136049,0.6640661536499298,0.014083500175426403,0.014287290163338184,-0.00020378998791178125,,gpu_mesh,gpu_mesh,gpu_mesh
64,000064.jpg,previous_frame_refine_only:000063.jpg,swap_xy_freeze_alt_refine_only,True,374.8056069998711,254819.8644729537,3363858.520133436,89.288,29.19999999999999,254392.72034386155,3363867.3035402177,88.805,-20.12442916538282,254387.1416560225,3363863.733955328,90.4121040161699,160.87629283402143,254389.1507589717,3363861.7248523785,88.805,-19.123707165978544,-5.578687839064514,-3.5695848898030818,1.6071040161698988,-3.5695848898030818,-5.578687839064514,0.0,427.2344265769887,432.75422612793903,430.7256361486561,0.4829999999999899,1.124104016169909,0.4829999999999899,49.32442916538281,131.6762928340214,48.32370716597853,1.8110915422439575,1.8388229608535767,1.8539810180664062,0.6626305336664745,0.6727528989685438,0.6636342281162577,0.014130364327381054,0.013799288465330998,0.00033107586205005646,,gpu_mesh,gpu_mesh,gpu_mesh
65,000065.jpg,previous_frame_refine_only:000064.jpg,swap_xy_freeze_alt_refine_only,True,390.7797299998492,254820.3523408734,3363859.3930544765,89.147,29.19999999999999,254389.1507589717,3363861.7248523785,88.805,-19.123707165978544,254384.7662760577,3363860.8945331597,90.82288712542504,157.79635491998243,254388.32043975266,3363857.3403694644,88.805,-22.203645080017623,-4.384482913999818,-0.8303192188031971,2.017887125425034,-0.8303192188031971,-4.384482913999818,0.0,431.2078866579099,435.5886526298173,432.0367774874645,0.34199999999999875,1.6758871254250352,0.34199999999999875,48.32370716597853,128.59635491998245,51.40364508001761,1.8340893983840942,1.8392168283462524,1.7905572652816772,0.664193302891933,0.6600076103500762,0.6635379671909353,0.013816853209088245,0.013777485427757105,3.936778133114063e-05,,gpu_mesh,gpu_mesh,gpu_mesh
66,000066.jpg,previous_frame_refine_only:000065.jpg,swap_xy_freeze_alt_refine_only,True,354.3844830001035,254820.8401991086,3363860.2659757487,88.931,29.19999999999999,254388.32043975266,3363857.3403694644,88.805,-22.203645080017623,254382.38837025053,3363856.066008735,91.92345264460891,162.43968502809588,254387.04607902322,3363851.4082999616,88.805,-17.560314971904063,-5.9320695021306165,-1.274360729381442,3.118452644608908,-1.274360729381442,-5.9320695021306165,0.0,432.52965378742016,438.4719443156171,433.88454344561774,0.12599999999999056,2.9924526446089175,0.12599999999999056,51.40364508001761,133.2396850280959,46.76031497190405,1.8039103746414185,1.8281855583190918,1.8648675680160522,0.6625977694853794,0.6635675584508676,0.6573482596504543,0.013846021766463915,0.01339934766292572,0.0004466741035381947,,gpu_mesh,gpu_mesh,gpu_mesh
67,000067.jpg,previous_frame_refine_only:000066.jpg,swap_xy_freeze_alt_refine_only,True,311.7401909998989,254821.32805727288,3363861.1388970404,88.838,29.19999999999999,254387.04607902322,3363851.4082999616,88.805,-17.560314971904063,254372.20055277026,3363850.5908724084,91.35414641536772,171.8132391128783,254386.22865147094,3363836.562773708,88.805,-8.186760887121636,-14.845526252960553,-0.8174275532364845,2.5491464153677157,-0.8174275532364845,-14.845526252960553,0.0,434.39097729114206,449.2513507207242,435.7929310661919,0.03299999999998704,2.5161464153677287,0.03299999999998704,46.76031497190405,142.61323911287832,37.386760887121625,1.871732234954834,1.9219253063201904,1.9795256853103638,0.6570387166500667,0.6473542562885418,0.6359744855792664,0.013540487115581831,0.013237277666727701,0.0003032094488541297,,gpu_mesh,gpu_mesh,gpu_mesh
68,000068.jpg,previous_frame_refine_only:000067.jpg,swap_xy_freeze_alt_refine_only,True,327.9375729998719,254821.8159153636,3363862.0118183494,88.822,29.19999999999999,254386.22865147094,3363836.562773708,88.805,-8.186760887121636,254383.3906684782,3363826.320304675,99.53608804848045,169.03479462880256,254375.9861824397,3363833.7247907156,88.805,-10.965205371197499,-2.8379829927289393,-10.24246903276071,10.731088048480444,-10.24246903276071,-2.8379829927289393,0.0,436.3300566528376,439.8756429434179,446.7262099892516,0.016999999999995907,10.714088048480448,0.016999999999995907,37.386760887121625,139.83479462880257,40.16520537119749,1.9678739309310913,1.9903180599212646,1.9842073917388916,0.6356946109043504,0.6308374860699342,0.6365777245106079,0.013111332586656014,0.013433878775686026,-0.0003225461890300121,,gpu_mesh,gpu_mesh,gpu_mesh
69,000069.jpg,previous_frame_refine_only:000068.jpg,swap_xy_freeze_alt_refine_only,True,358.33354099986536,254822.3037733832,3363862.8847396756,89.385,29.19999999999999,254375.9861824397,3363833.7247907156,88.805,-10.965205371197499,254374.50526976355,3363829.307502891,96.41854827385396,169.18362277636302,254371.5688946157,3363832.24387804,88.805,-10.816377223637005,-1.480912676139269,-4.417287824675441,7.613548273853951,-4.417287824675441,-1.480912676139269,0.0,447.2691523109589,449.05559864462913,451.77515794843765,0.5799999999999983,7.0335482738539525,0.5799999999999983,40.16520537119749,139.98362277636306,40.016377223636994,1.9485849142074585,1.905826210975647,1.9079201221466064,0.6420455743164907,0.6337190918864226,0.6469782246674677,0.013117104613532623,0.013217470763872067,-0.00010036615033944332,,gpu_mesh,gpu_mesh,gpu_mesh
70,000070.jpg,previous_frame_refine_only:000069.jpg,swap_xy_freeze_alt_refine_only,True,335.3705810000065,254822.79163132946,3363863.7576610204,89.733,29.19999999999999,254371.5688946157,3363832.24387804,88.805,-10.816377223637005,254372.80491763874,3363825.6419743835,96.04866215400398,168.88479631599455,254364.966990959,3363833.4799010633,88.805,-11.11520368400545,1.2360230230551679,-6.601903656497598,7.243662154003971,-6.601903656497598,1.2360230230551679,0.0,452.3218728352596,451.5981045863326,458.8247422255807,0.9279999999999973,6.315662154003974,0.9279999999999973,40.016377223636994,139.68479631599456,40.31520368400544,1.9397163391113281,1.9417263269424438,1.9066097736358643,0.6458700949500042,0.637446433072851,0.6443996302831695,0.013088292752703031,0.013221888337284327,-0.00013359558458129507,,gpu_mesh,gpu_mesh,gpu_mesh
71,000071.jpg,previous_frame_refine_only:000070.jpg,swap_xy_freeze_alt_refine_only,True,344.67557500011026,254823.27949881527,3363864.6305821645,90.0,29.19999999999999,254364.966990959,3363833.4799010633,88.805,-11.11520368400545,254366.5434377704,3363824.949617413,100.99728628154844,170.20010283023302,254356.4367073081,3363835.0563478745,88.805,-9.79989716976695,1.5764468114066403,-8.530283650383353,12.192286281548434,-8.530283650383353,1.5764468114066403,0.0,459.36991607047133,458.45655020123127,467.77860929722516,1.1949999999999932,10.99728628154844,1.1949999999999932,40.31520368400544,141.000102830233,38.99989716976694,1.887861967086792,1.9013091325759888,1.896894097328186,0.6427023121387283,0.6448274396463788,0.6417035022101326,0.013276374898850918,0.013472543098032475,-0.0001961681991815567,,gpu_mesh,gpu_mesh,gpu_mesh
72,000072.jpg,previous_frame_refine_only:000071.jpg,swap_xy_freeze_alt_refine_only,True,329.6084830001291,254823.7673566181,3363865.5035035443,90.043,29.19999999999999,254356.4367073081,3363835.0563478745,88.805,-9.79989716976695,254360.63745410566,3363827.1566785616,101.17640462704003,167.52893425183427,254348.53703799547,3363839.257094671,88.805,-12.471065748165756,4.200746797549073,-7.899669312871993,12.371404627040022,-7.899669312871993,4.200746797549073,0.0,468.3214334972111,464.71473571153246,475.95454585171467,1.2379999999999995,11.133404627040022,1.2379999999999995,38.99989716976694,138.3289342518343,41.671065748165745,1.8941354751586914,1.9132463932037354,1.8533693552017212,0.6433814224247026,0.6439298067999663,0.6463553530751709,0.013448179389039675,0.013293799168119827,0.0001543802209198475,,gpu_mesh,gpu_mesh,gpu_mesh
73,000073.jpg,previous_frame_refine_only:000072.jpg,swap_xy_freeze_alt_refine_only,True,356.0455689998889,254824.25521434742,3363866.376424942,89.892,29.19999999999999,254348.53703799547,3363839.257094671,88.805,-12.471065748165756,254353.2873437155,3363834.734432045,97.0696677826345,168.50266341789302,254344.0143753694,3363844.0074003916,88.805,-11.497336582106982,4.7503057200228795,-4.522662626113743,8.26466778263449,-4.522662626113743,4.7503057200228795,0.0,476.4905470058962,472.0296080566129,480.76151747164516,1.086999999999989,7.177667782634501,1.086999999999989,41.671065748165745,139.30266341789303,40.69733658210697,1.850197672843933,1.8574360609054565,1.8957862854003906,0.6484471258019289,0.6510600331393126,0.6452394102901814,0.013385598547756672,0.013442266887674728,-5.6668339918056546e-05,,gpu_mesh,gpu_mesh,gpu_mesh
74,000074.jpg,previous_frame_refine_only:000073.jpg,swap_xy_freeze_alt_refine_only,True,334.8949620001349,254824.74307200324,3363867.249346359,89.895,29.19999999999999,254344.0143753694,3363844.0074003916,88.805,-11.497336582106982,254346.77377381132,3363834.413125409,100.48231424484402,165.66856244674196,254334.42010038695,3363846.766798832,88.805,-14.33143755325807,2.7593984419072513,-9.59427498281002,11.677314244844013,-9.59427498281002,2.7593984419072513,0.0,481.29021163910875,479.09588541374313,490.7505998445971,1.0899999999999892,10.587314244844023,1.0899999999999892,40.69733658210697,136.468562446742,43.53143755325806,1.885360598564148,1.7730457782745361,1.8093287944793701,0.645352029395616,0.6555518013261815,0.652975461418254,0.013593108393251896,0.013561727634320656,3.1380758931240024e-05,,gpu_mesh,gpu_mesh,gpu_mesh
75,000075.jpg,previous_frame_refine_only:000074.jpg,swap_xy_freeze_alt_refine_only,True,345.84874100005436,254825.23092958916,3363868.1222677915,89.92,29.19999999999999,254334.42010038695,3363846.766798832,88.805,-14.33143755325807,254344.1007400856,3363842.125121506,95.96064229868352,163.88672947901495,254329.7784230606,3363856.4474385306,88.805,-16.113270520984997,9.680639698635787,-4.641677326057106,7.155642298683517,-4.641677326057106,9.680639698635787,0.0,491.27520405231235,481.8320359489793,495.5900401175354,1.1149999999999949,6.040642298683522,1.1149999999999949,43.53143755325806,134.68672947901496,45.313270520984986,1.7978416681289673,1.7467972040176392,1.8091356754302979,0.6579118368373614,0.658708365648647,0.6591275913387973,0.01376535122593244,0.013517636184891066,0.0002477150410413742,,gpu_mesh,gpu_mesh,gpu_mesh
76,000076.jpg,previous_frame_refine_only:000075.jpg,swap_xy_freeze_alt_refine_only,True,344.16504399996484,254825.7187967149,3363868.995189025,89.463,29.19999999999999,254329.7784230606,3363856.4474385306,88.805,-16.113270520984997,254334.41802222742,3363849.204100393,100.48904082458466,166.84686476006968,254322.5350849229,3363861.0870376974,88.805,-13.153135239930293,4.6395991668105125,-7.243338137399405,11.684040824584656,-7.243338137399405,4.6395991668105125,0.0,496.09908311025947,491.6992355101267,503.24585112069065,0.657999999999987,11.026040824584669,0.657999999999987,45.313270520984986,137.64686476006966,42.35313523993028,1.8119555711746216,1.8532947301864624,1.8510866165161133,0.6580384055985329,0.6490588309689931,0.6549187411732468,0.013990474864840508,0.013727316322426,0.00026315854241450685,,gpu_mesh,gpu_mesh,gpu_mesh
77,000077.jpg,previous_frame_refine_only:000076.jpg,swap_xy_freeze_alt_refine_only,True,327.2578720000183,254826.20665415624,3363869.8681104938,89.109,29.19999999999999,254322.5350849229,3363861.0870376974,88.805,-13.153135239930293,254329.34310029045,3363855.079970788,96.51052674930543,165.6233554910422,254316.52801801355,3363867.895053064,88.805,-14.376644508957838,6.808015367540065,-6.007066909223795,7.70552674930542,-6.007066909223795,6.808015367540065,0.0,503.74810857551915,497.0835746995541,509.68245515800993,0.30399999999998784,7.401526749305432,0.30399999999998784,42.35313523993028,136.42335549104223,43.57664450895783,1.8261902332305908,1.7960940599441528,1.8505815267562866,0.6591508299761659,0.6504397713610766,0.6502288498449726,0.013803763159861168,0.014000069350004196,-0.00019630619014302832,,gpu_mesh,gpu_mesh,gpu_mesh
78,000078.jpg,previous_frame_refine_only:000077.jpg,swap_xy_freeze_alt_refine_only,True,321.32235700009915,254826.69451152292,3363870.74103198,89.058,29.19999999999999,254316.52801801355,3363867.895053064,88.805,-14.376644508957838,254317.089555332,3363872.9236169863,84.25999127048999,166.5772980700138,254321.55658193532,3363868.4565903824,88.805,-13.42270192998626,0.561537318455521,5.0285639222711325,-4.545008729510016,5.0285639222711325,0.561537318455521,0.0,510.1744316365134,509.6096300617317,505.14309515369655,0.2530000000000001,4.798008729510016,0.2530000000000001,43.57664450895783,137.3772980700138,42.62270192998625,1.8452786207199097,1.81735360622406,1.8183436393737793,0.6503405089713045,0.657403698159354,0.6527862700035844,0.013664275097350279,0.01395417315264543,-0.00028989805529515064,,gpu_mesh,gpu_mesh,gpu_mesh
79,000079.jpg,previous_frame_refine_only:000078.jpg,swap_xy_freeze_alt_refine_only,True,354.08085099993514,254827.18236906832,3363871.613964571,89.304,29.19999999999999,254321.55658193532,3363868.4565903824,88.805,-13.42270192998626,254327.71157811844,3363865.235555843,96.93781724851578,166.6539358751885,254318.33554739744,3363874.6115865656,88.805,-13.346064124811505,6.154996183118783,-3.221034539397806,8.132817248515778,-3.221034539397806,6.154996183118783,0.0,505.6356451296085,499.5115164938694,508.8556511056788,0.4989999999999952,7.633817248515783,0.4989999999999952,42.62270192998625,137.4539358751885,42.546064124811494,1.8373206853866577,1.8367582559585571,1.8446803092956543,0.6477774506917868,0.6528870011354556,0.6543799150510955,0.013727907712260881,0.013943534965316454,-0.0002156272530555725,,gpu_mesh,gpu_mesh,gpu_mesh
80,000080.jpg,previous_frame_refine_only:000079.jpg,swap_xy_freeze_alt_refine_only,True,337.252837999813,254827.6702359061,3363872.486885878,89.498,29.19999999999999,254318.33554739744,3363874.6115865656,88.805,-13.346064124811505,254318.58171545778,3363872.1819567033,91.57801277842373,169.94237061373687,254315.9059175353,3363874.8577546254,88.805,-10.057629386263102,0.2461680603446439,-2.429629862308502,2.7730127784237197,-2.429629862308502,0.2461680603446439,0.0,509.3391201068466,509.088611770138,511.76981014527576,0.6929999999999978,2.080012778423722,0.6929999999999978,42.546064124811494,140.74237061373685,39.25762938626309,1.8405089378356934,1.8322087526321411,1.8655979633331299,0.6556001002255074,0.6558715443080264,0.6539505554163535,0.01383228755245606,0.014078482830276092,-0.000246195277820032,,gpu_mesh,gpu_mesh,gpu_mesh
81,000081.jpg,previous_frame_refine_only:000080.jpg,swap_xy_freeze_alt_refine_only,True,328.7994580000486,254828.15809305603,3363873.3598074173,89.47,29.19999999999999,254315.9059175353,3363874.8577546254,88.805,-10.057629386263102,254317.97563710043,3363869.85391928,94.58763334620744,170.0946148175332,254310.90208219006,3363876.92747419,88.805,-9.90538518246683,2.0697195651300717,-5.0038353451527655,5.782633346207433,-5.0038353451527655,2.0697195651300717,0.0,512.2543656930179,510.1945017505718,517.2683143429289,0.664999999999992,5.117633346207441,0.664999999999992,39.25762938626309,140.89461481753324,39.10538518246682,1.8478463888168335,1.8008440732955933,1.775041937828064,0.6586195962371842,0.6539266462318993,0.6648768629108973,0.013788376624385515,0.013665551319718361,0.00012282530466715437,,gpu_mesh,gpu_mesh,gpu_mesh
82,000082.jpg,previous_frame_refine_only:000081.jpg,swap_xy_freeze_alt_refine_only,True,338.25584400005937,254828.6459501347,3363874.232728974,89.362,29.19999999999999,254310.90208219006,3363876.92747419,88.805,-9.90538518246683,254304.42543403924,3363872.5505941403,96.44590786285698,172.67605519313443,254306.52520214036,3363870.4508260386,88.805,-7.3239448068655975,-6.476648150826804,-4.376880049705505,7.640907862856977,-4.376880049705505,-6.476648150826804,0.0,517.7508806810965,524.2232149313791,522.134444636611,0.556999999999988,7.083907862856989,0.556999999999988,39.10538518246682,143.47605519313447,36.523944806865586,1.796097993850708,1.7928990125656128,1.8262856006622314,0.6597520764639593,0.6508618890604784,0.6488375975625026,0.01360757757599155,0.013655918960769972,-4.834138477842129e-05,,gpu_mesh,gpu_mesh,gpu_mesh
83,000083.jpg,previous_frame_refine_only:000082.jpg,swap_xy_freeze_alt_refine_only,True,340.0131630000942,254829.13380714235,3363875.105650548,89.531,29.19999999999999,254306.52520214036,3363870.4508260386,88.805,-7.3239448068655975,254313.86853290492,3363863.542770372,101.18034736718982,170.98109168759123,254299.6171464734,3363877.794156803,88.805,-9.018908312408712,7.34333076456096,-6.908055666834116,12.375347367189818,-6.908055666834116,7.34333076456096,0.0,522.6293346276531,515.3949970973188,529.5234857793126,0.7259999999999991,11.649347367189819,0.7259999999999991,36.523944806865586,141.78109168759124,38.2189083124087,1.8495506048202515,1.8694745302200317,1.9383798837661743,0.6455875213711294,0.6491335458133694,0.6387487599468097,0.013671830296516418,0.013551444436113039,0.00012038586040337938,,gpu_mesh,gpu_mesh,gpu_mesh
84,000084.jpg,previous_frame_refine_only:000083.jpg,swap_xy_freeze_alt_refine_only,True,339.46744099966963,254829.62167368858,3363875.978571924,89.833,29.19999999999999,254299.6171464734,3363877.794156803,88.805,-9.018908312408712,254301.60229143218,3363870.791725318,100.03993851318955,170.72329325811683,254292.61471498804,3363879.779301761,88.805,-9.276706741883118,1.9851449587731622,-7.002431484870613,11.234938513189547,-7.002431484870613,1.9851449587731622,0.0,530.0076369421814,528.0448573901158,537.0204085880736,1.0279999999999916,10.206938513189556,1.0279999999999916,38.2189083124087,141.52329325811684,38.476706741883106,1.945127248764038,1.8825021982192993,1.872578740119934,0.6428091679959701,0.634497523297792,0.6497775165813114,0.013418581491957108,0.01330621944119533,0.00011236205076177799,,gpu_mesh,gpu_mesh,gpu_mesh
85,000085.jpg,previous_frame_refine_only:000084.jpg,swap_xy_freeze_alt_refine_only,True,322.89238000021214,254830.10953055168,3363876.851493535,89.577,29.19999999999999,254292.61471498804,3363879.779301761,88.805,-9.276706741883118,254297.3417766704,3363874.294202331,93.11211831029505,171.47602243919636,254287.12961555773,3363884.5063634426,88.805,-8.523977560803587,4.727061682351632,-5.485099430195987,4.3071183102950386,-5.485099430195987,4.727061682351632,0.0,537.5027895916425,532.7738913591891,543.0338710615927,0.7719999999999914,3.535118310295047,0.7719999999999914,38.476706741883106,142.27602243919637,37.723977560803576,1.9073158502578735,1.9741348028182983,1.8641108274459839,0.6444562446898896,0.6341971112999151,0.6476635514018692,0.01341296328852574,0.013462850823998451,-4.9887535472711506e-05,,gpu_mesh,gpu_mesh,gpu_mesh
86,000086.jpg,previous_frame_refine_only:000085.jpg,swap_xy_freeze_alt_refine_only,True,307.61633000020083,254830.59738734123,3363877.7244151635,89.24,29.19999999999999,254287.12961555773,3363884.5063634426,88.805,-8.523977560803587,254290.95690506315,3363876.9719600035,95.11873498279601,174.9076160002554,254279.59521211855,3363888.3336529476,88.805,-5.092383999744584,3.827289505425142,-7.534403439145535,6.3137349827960065,-7.534403439145535,3.827289505425142,0.0,543.5100861895604,539.6410068759427,551.1043032189805,0.43499999999998806,5.8787349827960185,0.43499999999998806,37.723977560803576,145.70761600025537,34.29238399974457,1.8314131498336792,1.8965097665786743,1.858838677406311,0.653164930628769,0.6377092733943407,0.6443933707249189,0.01366405359779795,0.013686375537266334,-2.232193946838379e-05,,gpu_mesh,gpu_mesh,gpu_mesh
87,000087.jpg,previous_frame_refine_only:000086.jpg,swap_xy_freeze_alt_refine_only,True,374.93438899991816,254831.08525367052,3363878.5973365935,88.926,29.19999999999999,254279.59521211855,3363888.3336529476,88.805,-5.092383999744584,254289.26686035158,3363884.0872470816,95.59900829195976,172.85652263705376,254275.34880625256,3363898.0053011803,88.805,-7.143477362946214,9.671648233023006,-4.246405865997076,6.794008291959756,-4.246405865997076,9.671648233023006,0.0,551.5759800672384,541.846205537962,556.0752359871268,0.12099999999999511,6.673008291959761,0.12099999999999511,34.29238399974457,143.65652263705374,36.3434773629462,1.8372557163238525,1.8156540393829346,1.9907395839691162,0.6493547570850202,0.6563343454790823,0.6399502361673415,0.014081798338641724,0.013567104935646057,0.0005146934029956664,,gpu_mesh,gpu_mesh,gpu_mesh
88,000088.jpg,previous_frame_refine_only:000087.jpg,swap_xy_freeze_alt_refine_only,True,317.68933900002594,254831.57311031688,3363879.470258257,88.766,29.19999999999999,254275.34880625256,3363898.0053011803,88.805,-7.143477362946214,254285.07608790873,3363889.2590665133,96.49974775593728,166.08042416894978,254266.6025715859,3363907.7325828364,88.805,-13.919575831050224,9.727281656174455,-8.746234667021781,7.6947477559372714,-8.746234667021781,9.727281656174455,0.0,556.5330396733087,546.5846835285931,565.6770002612766,0.03900000000000148,7.733747755937273,0.03900000000000148,36.3434773629462,136.8804241689498,43.11957583105021,1.9811047315597534,1.9077250957489014,1.9467692375183105,0.6427283023616762,0.6357439489911489,0.6420361592348672,0.014359419699758291,0.013678340086092552,0.0006810796136657391,,gpu_mesh,gpu_mesh,gpu_mesh
89,000089.jpg,previous_frame_refine_only:000088.jpg,swap_xy_freeze_alt_refine_only,True,310.5127289995835,254832.06096688955,3363880.343179938,88.739,29.19999999999999,254266.6025715859,3363907.7325828364,88.805,-13.919575831050224,254256.7882502163,3363902.286092106,93.34325038082898,171.88945885445423,254261.15608085462,3363897.9182614665,88.805,-8.110541145545767,-9.814321369602112,-5.446490730624646,4.53825038082897,-5.446490730624646,-9.814321369602112,0.0,566.1213440690057,575.6910542495973,571.1753429458355,0.0660000000000025,4.604250380828972,0.0660000000000025,43.11957583105021,142.68945885445424,37.310541145545756,1.9264390468597412,1.9136353731155396,1.9516279697418213,0.6468039683536355,0.6444179329398468,0.6530411486458203,0.014396232397605976,0.014347901412596306,4.833098500967026e-05,,gpu_mesh,gpu_mesh,gpu_mesh
90,000090.jpg,previous_frame_refine_only:000089.jpg,swap_xy_freeze_alt_refine_only,True,316.16091499972754,254832.54882339,3363881.2161016376,88.695,29.19999999999999,254261.15608085462,3363897.9182614665,88.805,-8.110541145545767,254263.74518991073,3363891.084502182,100.17428957857192,171.31716956762682,254254.32232157,3363900.5073705222,88.805,-8.68283043237318,2.5891090561053716,-6.833759284578264,11.369289578571909,-6.833759284578264,2.5891090561053716,0.0,571.6367975953502,568.8892324420822,578.5482179232537,0.11000000000001364,11.479289578571922,0.11000000000001364,37.310541145545756,142.11716956762683,37.88283043237317,1.959020972251892,1.9889488220214844,1.9865977764129639,0.6505020610929078,0.6311383574674981,0.6429764295529014,0.014484568654249111,0.014240973629057407,0.00024359502519170385,,gpu_mesh,gpu_mesh,gpu_mesh
91,000091.jpg,previous_frame_refine_only:000090.jpg,swap_xy_freeze_alt_refine_only,True,366.8098230000396,254833.0366894315,3363882.089023139,88.481,29.19999999999999,254254.32232157,3363900.5073705222,88.805,-8.68283043237318,254266.71071300042,3363900.392230033,88.26316485926509,166.7836208253576,254254.20718108115,3363912.895761952,88.805,-13.216379174642384,12.388391430402407,-0.11514048930257559,-0.5418351407349178,-0.11514048930257559,12.388391430402407,0.0,579.007387767763,566.6216718086437,579.648734056578,0.3240000000000123,0.2178351407349055,0.3240000000000123,37.88283043237317,137.58362082535757,42.41637917464237,1.9950650930404663,1.9236701726913452,1.8600348234176636,0.6429024215019228,0.6434940624603812,0.6452478553015256,0.014434631448239088,0.01447410819431146,-3.947674607237238e-05,,gpu_mesh,gpu_mesh,gpu_mesh
92,000092.jpg,previous_frame_refine_only:000091.jpg,swap_xy_freeze_alt_refine_only,True,319.5373829998971,254833.52454578748,3363882.961944872,88.635,29.19999999999999,254254.20718108115,3363912.895761952,88.805,-13.216379174642384,254269.12630576128,3363906.2405801555,97.6644448461011,166.6270987168048,254247.55199928497,3363927.8148866314,88.805,-13.372901283195233,14.9191246801347,-6.65518179628998,8.859444846101098,-6.65518179628998,14.9191246801347,0.0,580.0902019990168,564.8781003060184,587.6866611036102,0.1700000000000017,9.0294448461011,0.1700000000000017,42.41637917464237,137.42709871680484,42.57290128319522,1.8709111213684082,1.9878406524658203,1.9033520221710205,0.6423392943450943,0.6359299808771303,0.6496732300838465,0.01434066550185283,0.014188475596408049,0.00015218990544478214,,gpu_mesh,gpu_mesh,gpu_mesh
93,000093.jpg,previous_frame_refine_only:000092.jpg,swap_xy_freeze_alt_refine_only,True,375.4127460001655,254834.0124020723,3363883.8348666257,89.048,29.19999999999999,254247.55199928497,3363927.8148866314,88.805,-13.372901283195233,254254.50686984815,3363920.4160210113,100.89718385692686,174.55507523914648,254240.15313366445,3363934.769757194,88.805,-5.444924760853496,6.954870563175064,-7.398865620139986,12.092183856926852,-7.398865620139986,6.954870563175064,0.0,588.1071723735072,580.6589728356602,596.0395907581021,0.242999999999995,11.849183856926857,0.242999999999995,42.57290128319522,145.35507523914646,34.644924760853485,1.9060730934143066,1.9269284009933472,1.9856984615325928,0.649348179762936,0.6483128737137906,0.6488199623909231,0.014152720415343841,0.013741783332079649,0.0004109370832641925,,gpu_mesh,gpu_mesh,gpu_mesh
94,000094.jpg,previous_frame_refine_only:000093.jpg,swap_xy_freeze_alt_refine_only,True,345.3464589997566,254834.50026789555,3363884.707788179,89.379,29.19999999999999,254240.15313366445,3363934.769757194,88.805,-5.444924760853496,254245.12120767805,3363927.3331929343,101.32002899050713,176.6363574007664,254232.71656940432,3363939.737831207,88.805,-3.3636425992335717,4.968074013595469,-7.436564259696752,12.515028990507119,-7.436564259696752,4.968074013595469,0.0,596.4517723256052,590.9184391719391,604.2945684063578,0.5739999999999981,11.941028990507121,0.5739999999999981,34.644924760853485,147.43635740076638,32.56364259923356,1.9979534149169922,1.9280198812484741,1.9412305355072021,0.6462249357057729,0.6471240094507287,0.6424822798837476,0.013780072952310244,0.013763356332977613,1.6716619332630273e-05,,gpu_mesh,gpu_mesh,gpu_mesh
95,000095.jpg,previous_frame_refine_only:000094.jpg,swap_xy_freeze_alt_refine_only,True,353.53314699978,254834.98812403463,3363885.5807099678,89.611,29.19999999999999,254232.71656940432,3363939.737831207,88.805,-3.3636425992335717,254236.88406515963,3363938.444047999,87.35098216496408,-178.04757049057432,254231.42278619634,3363943.905326963,88.805,1.9524295094256843,4.167495755304117,-1.2937832078896463,-1.454017835035927,-1.2937832078896463,4.167495755304117,0.0,604.7015952498626,600.4356732828004,606.3768448642122,0.8059999999999974,2.2600178350359243,0.8059999999999974,32.56364259923356,152.75242950942572,27.247570490574304,1.9250507354736328,1.8978289365768433,2.01334285736084,0.649315588551663,0.6504123341699534,0.6436631303650897,0.013867564188937346,0.01388737978413701,-1.9815595199665012e-05,,gpu_mesh,gpu_mesh,gpu_mesh
96,000096.jpg,previous_frame_refine_only:000095.jpg,swap_xy_freeze_alt_refine_only,True,340.1434729998982,254835.4759897146,3363886.453631557,89.83,29.19999999999999,254231.42278619634,3363943.905326963,88.805,1.9524295094256843,254237.92182403393,3363933.123627079,101.08870940841734,-177.3212502843005,254220.64108631274,3363950.4043648,88.805,2.678749715699496,6.499037837580545,-10.781699883751571,12.283709408417337,-10.781699883751571,6.499037837580545,0.0,606.7791772842025,599.3738978337142,618.1518055651977,1.0249999999999915,11.258709408417346,1.0249999999999915,27.247570490574304,153.4787497156995,26.521250284300493,2.006211042404175,1.9148051738739014,1.9615243673324585,0.6454329922635388,0.65445886365527,0.6434364861492389,0.013870456411192814,0.013696773288150629,0.00017368312304218494,,gpu_mesh,gpu_mesh,gpu_mesh
97,000097.jpg,previous_frame_refine_only:000096.jpg,swap_xy_freeze_alt_refine_only,True,365.60984700008703,254835.96384570905,3363887.3265533797,89.957,29.19999999999999,254220.64108631274,3363950.4043648,88.805,2.678749715699496,254229.63168406623,3363948.959997589,89.81481760647148,-175.76743352403142,254219.1967191015,3363959.3949625534,88.805,4.232566475968582,8.990597753494512,-1.4443672113120556,1.0098176064714721,-1.4443672113120556,8.990597753494512,0.0,618.5474181699246,609.4566200210862,620.963399939601,1.1519999999999868,0.1421823935285147,1.1519999999999868,26.521250284300493,155.03256647596857,24.967433524031406,1.9620054960250854,1.875148892402649,1.9652153253555298,0.6427396913736403,0.6514250779998314,0.6418964499536217,0.014420625443259874,0.013988287498553595,0.00043233794470627987,,gpu_mesh,gpu_mesh,gpu_mesh
98,000098.jpg,previous_frame_refine_only:000097.jpg,swap_xy_freeze_alt_refine_only,True,347.65849699988394,254836.45170163122,3363888.199475221,90.146,29.19999999999999,254219.1967191015,3363959.3949625534,88.805,4.232566475968582,254228.2473729716,3363957.689223095,97.34834341797978,-179.4112655803295,254217.4909796438,3363968.445616423,88.805,0.5887344196704873,9.050653870071983,-1.7057394585572183,8.54334341797977,-1.7057394585572183,9.050653870071983,0.0,621.3473351308913,612.1611964669931,624.1408643415683,1.340999999999994,7.202343417979776,1.340999999999994,24.967433524031406,151.38873441967053,28.6112655803295,1.9607024192810059,1.821670651435852,1.8379721641540527,0.6412887081639037,0.6493379209675738,0.6558440204358252,0.014339065179228783,0.013771204588313898,0.0005678605909148846,,gpu_mesh,gpu_mesh,gpu_mesh
99,000099.jpg,previous_frame_refine_only:000098.jpg,swap_xy_freeze_alt_refine_only,True,328.2634060001328,254836.93956709432,3363889.0723968633,90.84,29.19999999999999,254217.4909796438,3363968.445616423,88.805,0.5887344196704873,254224.34345723462,3363962.264634918,96.43448010552675,-178.44758822228445,254211.30999813916,3363975.2980940146,88.805,1.5524117777155482,6.852477590815397,-6.1809815051965415,7.6294801055267385,-6.1809815051965415,6.852477590815397,0.0,624.5131387551005,616.9530756278782,631.5435285079444,2.0349999999999966,5.594480105526742,2.0349999999999966,28.6112655803295,152.3524117777156,27.64758822228444,1.838441252708435,1.8908097743988037,1.7872728109359741,0.65617617279784,0.6483504893688828,0.6528434019574755,0.014166195566455523,0.014043318883826336,0.00012287668262918675,,gpu_mesh,gpu_mesh,gpu_mesh
