candidate,xy_transform,alt_mode,east_m,north_m,alt_m,delta_norm_xy_m,delta_norm_3d_m,cosine_vs_p13_xy,cosine_vs_p12_xy,distance_to_p13_xy_m,distance_to_p12_xy_m,distance_to_p13_3d_m,distance_to_p12_3d_m,axis_sign_east_matches_p13,axis_sign_north_matches_p13,axis_sign_alt_matches_p13,axis_sign_east_matches_p12,axis_sign_north_matches_p12,axis_sign_alt_matches_p12,chamfer,overlap,valid_depth_ratio,beats_initial_chamfer,beats_initial_overlap,objective_chamfer_minus_overlap
identity__raw_alt,identity,raw_alt,1.0790679772035219,-6.1980915744788945,-9.527802128985513,6.29132155155436,11.417519006953885,-0.33114601711477837,-0.17151690123626298,10.095827144937278,7.419914738612128,13.881813251501162,12.076181024536456,False,False,False,False,False,False,10.122520446777344,0.32804642166344294,0.9993217607702349,False,False,9.794474025113901
identity__neg_alt,identity,neg_alt,1.0790679772035219,-6.1980915744788945,9.527802128985513,6.29132155155436,11.417519006953885,-0.33114601711477837,-0.17151690123626298,10.095827144937278,7.419914738612128,13.881813251501162,12.076181024536456,False,False,False,False,False,False,7.468568325042725,0.46704774714189645,0.9961396458877284,False,False,7.001520577900828
identity__freeze_alt,identity,freeze_alt,1.0790679772035219,-6.1980915744788945,0.0,6.29132155155436,6.29132155155436,-0.33114601711477837,-0.17151690123626298,10.095827144937278,7.419914738612128,10.095827144937278,7.419914738612128,False,False,True,False,False,True,8.600885391235352,0.35356489945155395,0.9980264768276762,False,False,8.247320491783798
identity__small_alt,identity,small_alt,1.0790679772035219,-6.1980915744788945,-2.3819505322463783,6.29132155155436,6.7271401949952825,-0.33114601711477837,-0.17151690123626298,10.095827144937278,7.419914738612128,10.373013741363751,7.792870014721297,False,False,False,False,False,False,8.891752243041992,0.3330871491875923,0.9983987434725848,False,False,8.5586650938544
flip_east__raw_alt,flip_east,raw_alt,-1.0790679772035219,-6.1980915744788945,-9.527802128985513,6.29132155155436,11.417519006953885,0.0072204413131570526,0.17151690123626298,8.719409056098232,6.4889382029598055,12.915382599701363,11.527590052171881,True,False,False,True,False,False,9.170933723449707,0.3977186311787072,0.9990514849869452,False,False,8.773215092271
flip_east__neg_alt,flip_east,neg_alt,-1.0790679772035219,-6.1980915744788945,9.527802128985513,6.29132155155436,11.417519006953885,0.0072204413131570526,0.17151690123626298,8.719409056098232,6.4889382029598055,12.915382599701363,11.527590052171881,True,False,False,True,False,False,7.4401140213012695,0.5182113234763793,0.9955124020887729,False,False,6.9219026978248905
flip_east__freeze_alt,flip_east,freeze_alt,-1.0790679772035219,-6.1980915744788945,0.0,6.29132155155436,6.29132155155436,0.0072204413131570526,0.17151690123626298,8.719409056098232,6.4889382029598055,8.719409056098232,6.4889382029598055,True,False,True,True,False,True,8.128523826599121,0.4080058758721998,0.9975573188642297,False,False,7.720517950726921
flip_east__small_alt,flip_east,small_alt,-1.0790679772035219,-6.1980915744788945,-2.3819505322463783,6.29132155155436,6.7271401949952825,0.0072204413131570526,0.17151690123626298,8.719409056098232,6.4889382029598055,9.038903839826856,6.912308394443931,True,False,False,True,False,False,8.787327766418457,0.3823870220162225,0.9979805809399478,False,False,8.404940744402234
flip_north__raw_alt,flip_north,raw_alt,1.0790679772035219,6.1980915744788945,-9.527802128985513,6.29132155155436,11.417519006953885,-0.0072204413131570526,-0.17151690123626298,8.782559959518457,7.419914738612128,12.958100665284157,12.076181024536456,False,True,False,False,False,False,10.029426574707031,0.31052420968387356,0.9992095708224543,False,False,9.718902365023158
flip_north__neg_alt,flip_north,neg_alt,1.0790679772035219,6.1980915744788945,9.527802128985513,6.29132155155436,11.417519006953885,-0.0072204413131570526,-0.17151690123626298,8.782559959518457,7.419914738612128,12.958100665284157,12.076181024536456,False,True,False,False,False,False,6.695219039916992,0.6206896551724138,0.9959101664490861,True,True,6.0745293847445785
flip_north__freeze_alt,flip_north,freeze_alt,1.0790679772035219,6.1980915744788945,0.0,6.29132155155436,6.29132155155436,-0.0072204413131570526,-0.17151690123626298,8.782559959518457,7.419914738612128,8.782559959518457,7.419914738612128,False,True,True,False,False,True,7.625365257263184,0.45897339827650807,0.9978428932767625,False,False,7.1663918589866755
flip_north__small_alt,flip_north,small_alt,1.0790679772035219,6.1980915744788945,-2.3819505322463783,6.29132155155436,6.7271401949952825,-0.0072204413131570526,-0.17151690123626298,8.782559959518457,7.419914738612128,9.099837788697425,7.792870014721297,False,True,False,False,False,False,8.371561050415039,0.3941908713692946,0.9982457571801566,False,False,7.977370179045744
flip_both__raw_alt,flip_both,raw_alt,-1.0790679772035219,6.1980915744788945,-9.527802128985513,6.29132155155436,11.417519006953885,0.33114601711477837,0.17151690123626298,7.157913661790865,6.4889382029598055,11.916993807112311,11.527590052171881,True,True,False,True,False,False,8.995513916015625,0.33705179282868525,0.9989035982375979,False,False,8.65846212318694
flip_both__neg_alt,flip_both,neg_alt,-1.0790679772035219,6.1980915744788945,9.527802128985513,6.29132155155436,11.417519006953885,0.33114601711477837,0.17151690123626298,7.157913661790865,6.4889382029598055,11.916993807112311,11.527590052171881,True,True,False,True,False,False,5.999765396118164,0.743099006256901,0.9952829226501305,True,True,5.256666389861263
flip_both__freeze_alt,flip_both,freeze_alt,-1.0790679772035219,6.1980915744788945,0.0,6.29132155155436,6.29132155155436,0.33114601711477837,0.17151690123626298,7.157913661790865,6.4889382029598055,7.157913661790865,6.4889382029598055,True,True,True,True,False,True,6.933740139007568,0.5547112462006079,0.9973788348563969,True,True,6.379028892806961
flip_both__small_alt,flip_both,small_alt,-1.0790679772035219,6.1980915744788945,-2.3819505322463783,6.29132155155436,6.7271401949952825,0.33114601711477837,0.17151690123626298,7.157913661790865,6.4889382029598055,7.543832999723755,6.912308394443931,True,True,False,True,False,False,7.519356727600098,0.47809377401998465,0.9978071964751958,False,False,7.041262953580113
swap__raw_alt,swap,raw_alt,-6.1980915744788945,1.0790679772035219,-9.527802128985513,6.29132155155436,11.417519006953885,0.9999739322738586,0.9851811775456888,0.21328857657779998,3.375229980042693,9.530189160032421,10.107976594120105,True,True,False,True,False,False,7.371341705322266,0.6488362596978359,0.9980519745430809,False,True,6.72250544562443
swap__neg_alt,swap,neg_alt,-6.1980915744788945,1.0790679772035219,9.527802128985513,6.29132155155436,11.417519006953885,0.9999739322738586,0.9851811775456888,0.21328857657779998,3.375229980042693,9.530189160032421,10.107976594120105,True,True,False,True,False,False,5.489757061004639,0.7986846912678115,0.9936714670365535,True,True,4.691072369736827
swap__freeze_alt,swap,freeze_alt,-6.1980915744788945,1.0790679772035219,0.0,6.29132155155436,6.29132155155436,0.9999739322738586,0.9851811775456888,0.21328857657779998,3.375229980042693,0.21328857657779998,3.375229980042693,True,True,True,True,False,True,5.574981212615967,0.890015015015015,0.9961243472584856,True,True,4.684966197600952
swap__small_alt,swap,small_alt,-6.1980915744788945,1.0790679772035219,-2.3819505322463783,6.29132155155436,6.7271401949952825,0.9999739322738586,0.9851811775456888,0.21328857657779998,3.375229980042693,2.3914807870788737,4.131085300044989,True,True,False,True,False,False,5.900573253631592,0.8534545454545455,0.9966496001958225,True,True,5.047118708177046
neg_swap__raw_alt,neg_swap,raw_alt,6.1980915744788945,-1.0790679772035219,-9.527802128985513,6.29132155155436,11.417519006953885,-0.9999739322738586,-0.9851811775456888,12.374003463439234,9.261170353250485,15.61713722557073,13.287147538919955,False,False,False,False,False,False,10.484301567077637,0.4606783451360417,0.9997705205613577,False,False,10.023623221941595
neg_swap__neg_alt,neg_swap,neg_alt,6.1980915744788945,-1.0790679772035219,9.527802128985513,6.29132155155436,11.417519006953885,-0.9999739322738586,-0.9851811775456888,12.374003463439234,9.261170353250485,15.61713722557073,13.287147538919955,False,False,False,False,False,False,8.092426300048828,0.37372634643377,0.9973482375979112,False,False,7.718699953615058
neg_swap__freeze_alt,neg_swap,freeze_alt,6.1980915744788945,-1.0790679772035219,0.0,6.29132155155436,6.29132155155436,-0.9999739322738586,-0.9851811775456888,12.374003463439234,9.261170353250485,12.374003463439234,9.261170353250485,False,False,True,False,False,True,9.232000350952148,0.4267446108878334,0.9988679014360313,False,False,8.805255740064315
neg_swap__small_alt,neg_swap,small_alt,6.1980915744788945,-1.0790679772035219,-2.3819505322463783,6.29132155155436,6.7271401949952825,-0.9999739322738586,-0.9851811775456888,12.374003463439234,9.261170353250485,12.601176534406418,9.562581484619857,False,False,False,False,False,False,9.504117965698242,0.433050534857986,0.9991381772193212,False,False,9.071067430840257
