frame_id,gt_east,gt_north,gt_alt,gt_yaw,init_east,init_north,init_alt,init_yaw,refined_east,refined_north,refined_alt,refined_yaw,selected_method,init_xy_error_m,refined_xy_error_m,selected_xy_error_m,init_alt_error_m,refined_alt_error_m,selected_alt_error_m,init_yaw_error_deg,refined_yaw_error_deg,selected_yaw_error_deg,init_chamfer,refined_chamfer,gt_chamfer,init_overlap,refined_overlap,gt_overlap,feature_loss_initial,feature_loss_refined,feature_loss_drop,safe_gate_accepted,refine_success,renderer_backend_init,renderer_backend_refined,renderer_backend_gt,corrected_refined_downward_yaw,corrected_yaw_error_deg,elapsed_ms,raw_refined_yaw,raw_yaw_error_deg,renderer_fallback_gt,renderer_fallback_init,renderer_fallback_refined,selected_alt,selected_east,selected_north,selected_yaw
000000.jpg,254476.43692124507,3364552.994355502,109.956,29.19999999999999,254476.53949200793,3364557.073594403,111.18,28.179385999999994,254472.73831786687,3364558.955059821,111.36913006566465,-152.84034801429718,init,4.08052824670161,7.01495993747442,4.08052824670161,1.2240000000000038,1.413130065664646,1.2240000000000038,1.0206139999999948,177.95965198570286,1.0206139999999948,0.9393740892410278,0.9934185147285461,0.05480720475316048,0.8440766706711373,0.8284233741550268,0.9912320022950996,0.003155911690555513,0.004974645019198458,-0.0018187333286429448,False,True,prototype,prototype,prototype,27.159651985702823,2.040348014297166,2277.2924550000084,-152.84034801429718,177.95965198570286,RuntimeError: ModuleNotFoundError: No module named 'nvdiffrast',RuntimeError: ModuleNotFoundError: No module named 'nvdiffrast',RuntimeError: ModuleNotFoundError: No module named 'nvdiffrast',111.18,254476.53949200793,3364557.073594403,28.179385999999994
000001.jpg,254476.92477416995,3364553.8672732455,110.231,29.19999999999999,254476.03086971297,3364552.285125038,110.8,29.087871000000007,254477.6993564563,3364551.9473616746,110.97396087646484,-151.02272968680728,init,1.8172116355129764,2.070274899180827,1.8172116355129764,0.5690000000000026,0.7429608764648492,0.5690000000000026,0.11212899999998172,179.77727031319273,0.11212899999998172,0.8673178553581238,0.8403268456459045,0.0537356473505497,0.8922004824443849,0.8838917180380595,0.9909407665505227,0.0012718576666278143,0.001516126232066502,-0.0002442685654386878,False,True,prototype,prototype,prototype,28.97727031319272,0.2227296868072699,125.58720600000584,-151.02272968680728,179.77727031319273,RuntimeError: ModuleNotFoundError: No module named 'nvdiffrast',RuntimeError: ModuleNotFoundError: No module named 'nvdiffrast',RuntimeError: ModuleNotFoundError: No module named 'nvdiffrast',110.8,254476.03086971297,3364552.285125038,29.087871000000007
000002.jpg,254477.4126366352,3364554.740190791,109.979,29.19999999999999,254479.65329464382,3364549.1982149333,111.546,29.007136000000003,254482.84230900044,3364544.2231763126,111.76489051245153,-151.18419577291874,temporal_predicted,5.977795975003348,11.835917181660722,1.817208970187993,1.5670000000000073,1.7858905124515303,0.5695790000000045,0.19286399999998594,179.6158042270813,0.11212899999998172,0.9503520727157593,0.986121416091919,0.0648108720779419,0.8331758118301621,0.8257396080389464,0.9877668206216452,0.004299301576490204,0.00718278344720602,-0.0028834818707158165,True,True,prototype,prototype,prototype,28.81580422708126,0.38419577291872997,125.83173100000522,-151.18419577291874,179.6158042270813,RuntimeError: ModuleNotFoundError: No module named 'nvdiffrast',RuntimeError: ModuleNotFoundError: No module named 'nvdiffrast',RuntimeError: ModuleNotFoundError: No module named 'nvdiffrast',110.548579,254476.51872971238,3364553.158047038,29.087871000000007
000003.jpg,254477.90049927725,3364555.6131194406,109.536,29.19999999999999,254479.94162956064,3364555.2034170134,109.157,30.12621999999999,254479.12003441408,3364553.1289835707,109.18614391703159,-148.94786061293868,temporal_predicted,2.081842672395745,2.76734475084601,1.817216059639849,0.3790000000000049,0.3498560829684152,0.5698579999999964,0.9262200000000007,178.14786061293867,0.11212899999998172,0.8899412155151367,0.9493932127952576,0.05130583047866821,0.8651033742056744,0.8363734001611026,0.9921596706345654,0.002163318529104193,0.0037067418452352285,-0.0015434233161310353,True,True,prototype,prototype,prototype,31.052139387061317,1.852139387061328,126.41719800001283,-148.94786061293868,178.14786061293867,RuntimeError: ModuleNotFoundError: No module named 'nvdiffrast',RuntimeError: ModuleNotFoundError: No module named 'nvdiffrast',RuntimeError: ModuleNotFoundError: No module named 'nvdiffrast',110.105858,254477.00658971255,3364554.0309690377,29.087871000000007
000004.jpg,254478.38835198412,3364556.486037237,109.094,29.19999999999999,254480.86189791223,3364555.8784438665,108.941,30.57139699999999,254479.8451671854,3364553.3948720493,108.82957240752876,-148.05174411605324,temporal_predicted,2.5470765913995095,3.4172522220045582,1.8172088123925034,0.1529999999999916,0.26442759247123604,0.5696750000000037,1.3713970000000018,177.25174411605323,0.11212899999998172,0.9245753884315491,0.9753314852714539,0.05716824531555176,0.8471458811391572,0.8296422790259175,0.9897362007933543,0.0030920631058203676,0.005155097809620202,-0.002063034703799834,True,True,prototype,prototype,prototype,31.948255883946757,2.7482558839467686,116.99885900003437,-148.05174411605324,177.25174411605323,RuntimeError: ModuleNotFoundError: No module named 'nvdiffrast',RuntimeError: ModuleNotFoundError: No module named 'nvdiffrast',RuntimeError: ModuleNotFoundError: No module named 'nvdiffrast',109.663675,254477.49444971234,3364554.9038910377,29.087871000000007
000005.jpg,254478.87621448273,3364557.358965922,108.652,29.19999999999999,254476.26519601344,3364552.815815422,109.047,27.858868,254481.4483689493,3364552.2688418315,109.01435540057719,-153.48369501542197,temporal_predicted,5.240003235877206,5.703099320389642,1.817215861993646,0.394999999999996,0.3623554005771865,0.5698309999999935,1.3411319999999876,177.31630498457804,0.11212899999998172,0.968603253364563,0.9604068994522095,0.0588674321770668,0.8312979825031245,0.8323513658275308,0.9900910551687199,0.004578313169380029,0.005603308789432049,-0.00102499562005202,True,True,prototype,prototype,prototype,26.516304984578028,2.6836950154219608,114.82381500002248,-153.48369501542197,177.31630498457804,RuntimeError: ModuleNotFoundError: No module named 'nvdiffrast',RuntimeError: ModuleNotFoundError: No module named 'nvdiffrast',RuntimeError: ModuleNotFoundError: No module named 'nvdiffrast',109.221831,254477.98230971274,3364555.776813037,29.087871000000007
000006.jpg,254479.36407665766,3364558.231883538,108.413,29.19999999999999,254473.60305762038,3364555.78972327,107.946,26.813594999999992,254479.06278170395,3364558.7479433445,108.05350673943758,-155.57471616729936,temporal_predicted,6.257274735997921,0.5975754120504777,1.8172131148756787,0.46699999999999875,0.3594932605624166,0.5696650000000005,2.3864049999999963,175.22528383270065,0.11212899999998172,1.0071680545806885,0.9915870428085327,0.05489911884069443,0.8196243580858965,0.8239600547292855,0.9909199139968371,0.005808916408568621,0.007296660138914983,-0.001487743730346362,True,True,prototype,prototype,prototype,24.425283832700643,4.774716167299346,111.74419900004295,-155.57471616729936,175.22528383270065,RuntimeError: ModuleNotFoundError: No module named 'nvdiffrast',RuntimeError: ModuleNotFoundError: No module named 'nvdiffrast',RuntimeError: ModuleNotFoundError: No module named 'nvdiffrast',108.982665,254478.47016971253,3364556.6497350372,29.087871000000007
000007.jpg,254479.85193876142,3364559.104801173,108.167,29.19999999999999,254475.37454710572,3364559.214718537,109.064,28.733735999999993,254477.79623414896,3364562.686641686,109.01232519652694,-151.73496227618676,temporal_predicted,4.478740656197932,4.129830858064145,1.817210349976763,0.8969999999999914,0.845325196526943,0.5690389999999894,0.46626399999999535,179.06503772381325,0.11212899999998172,0.9941924810409546,0.9200338125228882,0.05877966433763504,0.8185067232837934,0.8537508846426044,0.989897381457891,0.0032334491067255535,0.0029374325337509313,0.00029601657297462225,True,True,prototype,prototype,prototype,28.265037723813236,0.9349622761867522,117.21356600003219,-151.73496227618676,179.06503772381325,RuntimeError: ModuleNotFoundError: No module named 'nvdiffrast',RuntimeError: ModuleNotFoundError: No module named 'nvdiffrast',RuntimeError: ModuleNotFoundError: No module named 'nvdiffrast',108.73603899999999,254478.95802971194,3364557.522657037,29.087871000000007
000008.jpg,254480.3397914293,3364559.977730127,108.096,29.19999999999999,254478.10900810472,3364561.132706504,108.813,28.59997899999999,254478.04658789892,3364563.413766805,109.00360284559429,-152.0021920438614,init,2.512043923212948,4.130996306517921,2.512043923212948,0.7169999999999987,0.9076028455942833,0.7169999999999987,0.6000209999999981,178.79780795613863,0.6000209999999981,0.8452165126800537,0.9129374027252197,0.05624542757868767,0.8749600369436255,0.8546055202301872,0.991137082164044,0.0018686540618849297,0.0031655380153097212,-0.0012968839534247916,False,True,prototype,prototype,prototype,27.997807956138587,1.2021920438614018,119.25384400001349,-152.0021920438614,178.79780795613863,RuntimeError: ModuleNotFoundError: No module named 'nvdiffrast',RuntimeError: ModuleNotFoundError: No module named 'nvdiffrast',RuntimeError: ModuleNotFoundError: No module named 'nvdiffrast',108.813,254478.10900810472,3364561.132706504,28.59997899999999
000009.jpg,254480.82765338855,3364560.850647796,108.107,29.19999999999999,254482.4616538305,3364563.9792714324,107.9,27.572969,254478.50217864863,3364564.336195527,108.0614648712799,-154.0521995669284,temporal_predicted,3.529623677223757,4.190092570842369,2.512047653666242,0.20699999999999363,0.04553512872010401,0.7168570000000045,1.6270309999999881,176.74780043307157,0.6000209999999981,0.9382580518722534,0.9782610535621643,0.05629318207502365,0.842282648973902,0.8291542411462652,0.9906477739937534,0.0036237976358582578,0.0059668240913500386,-0.002343026455491781,True,True,prototype,prototype,prototype,25.947800433071592,3.2521995669283967,110.06743900003357,-154.0521995669284,176.74780043307157,RuntimeError: ModuleNotFoundError: No module named 'nvdiffrast',RuntimeError: ModuleNotFoundError: No module named 'nvdiffrast',RuntimeError: ModuleNotFoundError: No module named 'nvdiffrast',108.823857,254478.59686810512,3364562.005628503,28.59997899999999
000010.jpg,254481.3155152743,3364561.723565482,108.129,29.19999999999999,254482.3584690805,3364562.4662049846,109.227,26.63083800000001,254480.81301695475,3364561.7328923824,109.47515938896686,-155.9383130875671,temporal_predicted,1.2803382648970303,0.5025848706616219,2.512051310620841,1.097999999999999,1.3461593889668535,0.7167060000000021,2.5691619999999773,174.8616869124329,0.6000209999999981,0.9684820771217346,0.9942197799682617,,0.833268564968558,0.824030240938317,,0.004738158313557506,0.0077798144581417246,-0.003041656144584219,True,True,prototype,prototype,,24.06168691243289,5.138313087567099,111.19144499997446,-155.9383130875671,174.8616869124329,,RuntimeError: ModuleNotFoundError: No module named 'nvdiffrast',RuntimeError: ModuleNotFoundError: No module named 'nvdiffrast',108.845706,254479.08472810633,3364562.878550503,28.59997899999999
000011.jpg,254481.8033773379,3364562.5964942747,108.228,29.19999999999999,254479.81853938298,3364560.08198679,106.494,29.452868999999993,254482.6569493824,3364559.9599073785,106.6697431569919,-150.29260530079503,init,3.203487099633923,2.771312991355637,3.203487099633923,1.7339999999999947,1.5582568430080954,1.7339999999999947,0.252869000000004,179.49260530079502,0.252869000000004,0.9296947121620178,0.8827774524688721,,0.8377056705034955,0.8758385707224066,,0.0023842258378863335,0.0020002174035956464,0.0003840084342906871,False,True,prototype,prototype,,29.70739469920497,0.5073946992049798,128.52381599998353,-150.29260530079503,179.49260530079502,,RuntimeError: ModuleNotFoundError: No module named 'nvdiffrast',RuntimeError: ModuleNotFoundError: No module named 'nvdiffrast',106.494,254479.81853938298,3364560.08198679,29.452868999999993
000012.jpg,254482.2912294676,3364563.4694122127,108.417,29.19999999999999,254483.8746456505,3364561.253041241,109.803,30.843849000000006,254484.68366847042,3364558.7668692837,109.82029949128628,-147.5146588769661,init,2.723877216987456,5.276141997810704,2.723877216987456,1.3859999999999957,1.4032994912862762,1.3859999999999957,1.6438490000000172,176.7146588769661,1.6438490000000172,0.9326409697532654,0.9847738146781921,,0.843853175373859,0.8240964706297781,,0.003388788551092148,0.005905946561445792,-0.0025171580103536444,False,True,prototype,prototype,,32.48534112303389,3.285341123033902,124.00618300000588,-147.5146588769661,176.7146588769661,,RuntimeError: ModuleNotFoundError: No module named 'nvdiffrast',RuntimeError: ModuleNotFoundError: No module named 'nvdiffrast',109.803,254483.8746456505,3364561.253041241,30.843849000000006
000013.jpg,254482.77909138665,3364564.3423410403,108.25,29.19999999999999,254484.66122530203,3364565.547452807,109.206,26.536040000000014,254482.3189798702,3364564.4220276847,109.46359317470342,-156.12410330125982,temporal_predicted,2.2348875689085874,0.4669609928792829,2.723881657982394,0.9560000000000031,1.2135931747034192,1.3860289999999935,2.6639599999999746,174.6758966987402,1.6438490000000172,0.9625040888786316,0.9867364168167114,,0.8339515331355094,0.8264978098064152,,0.004945076924438278,0.00800099673991402,-0.0030559198154757423,True,True,prototype,prototype,,23.875896698740178,5.324103301259811,114.54722700000275,-156.12410330125982,174.6758966987402,,RuntimeError: ModuleNotFoundError: No module named 'nvdiffrast',RuntimeError: ModuleNotFoundError: No module named 'nvdiffrast',109.636029,254484.3625056511,3364562.12596324,30.843849000000006
000014.jpg,254483.26695298447,3364565.2152587976,108.18,29.19999999999999,254485.1087452324,3364567.0235949475,106.413,29.894059999999996,254482.2090920505,3364566.0930484347,106.72596221603453,-149.40934388353247,init,2.5811389570430356,1.3746215488555475,2.5811389570430356,1.7670000000000101,1.4540377839654752,1.7670000000000101,0.6940600000000074,178.60934388353246,0.6940600000000074,0.8819584250450134,0.9199717044830322,,0.8640974710034406,0.848934132586103,,0.0023416741557108858,0.002759083484609922,-0.00041740932889903614,False,True,prototype,prototype,,30.590656116467528,1.3906561164675395,111.66328799998837,-149.40934388353247,178.60934388353246,,RuntimeError: ModuleNotFoundError: No module named 'nvdiffrast',RuntimeError: ModuleNotFoundError: No module named 'nvdiffrast',106.413,254485.1087452324,3364567.0235949475,29.894059999999996
000015.jpg,254483.75481450863,3364566.0881765727,108.223,29.19999999999999,254483.00355278433,3364568.43274937,107.784,29.16351800000001,254481.07452099517,3364569.913250186,108.17572724167258,-150.8768436232188,init,2.4619942690420635,4.6706703443531135,2.4619942690420635,0.43899999999999295,0.0472727583274235,0.43899999999999295,0.03648199999997814,179.9231563767812,0.03648199999997814,0.8748925924301147,0.9370474219322205,,0.8677986444507201,0.8469535441965547,,0.0017106530819243442,0.0031291237683035433,-0.0014184706863791992,False,True,prototype,prototype,,29.123156376781196,0.07684362321879235,121.65834900002892,-150.8768436232188,179.9231563767812,,RuntimeError: ModuleNotFoundError: No module named 'nvdiffrast',RuntimeError: ModuleNotFoundError: No module named 'nvdiffrast',107.784,254483.00355278433,3364568.43274937,29.16351800000001
000016.jpg,254484.24267621207,3364566.9611054524,105.565,29.19999999999999,254485.271222078,3364564.332316524,106.164,28.990073999999993,254486.51746141716,3364561.7816306045,106.62516882549971,-151.2268068801254,init,2.822842154450397,5.656996325687366,2.822842154450397,0.5990000000000038,1.0601688254997157,0.5990000000000038,0.20992599999999584,179.57319311987465,0.20992599999999584,0.8801686763763428,0.9378566741943359,,0.8590912303017455,0.8389513108614233,,0.0020108479948248714,0.004127617537354429,-0.002116769542529558,False,True,prototype,prototype,,28.773193119874605,0.42680688012538326,122.95644800002492,-151.2268068801254,179.57319311987465,,RuntimeError: ModuleNotFoundError: No module named 'nvdiffrast',RuntimeError: ModuleNotFoundError: No module named 'nvdiffrast',106.164,254485.271222078,3364564.332316524,28.990073999999993
000017.jpg,254484.73052797906,3364567.8340234812,104.692,29.19999999999999,254486.20797691398,3364566.2685146267,105.778,30.410404,254486.39773749668,3364563.932098531,106.26239304896444,-148.37388055677508,temporal_predicted,2.1525968802951216,4.2431834619328805,2.8228414558787605,1.0860000000000127,1.5703930489644478,0.5990180000000151,1.2104040000000111,177.57388055677507,0.20992599999999584,0.9011416435241699,0.9635072946548462,,0.8591457162052262,0.8347300307627029,,0.0025680806526603797,0.004805416722471516,-0.002237336069811136,True,True,prototype,prototype,,31.626119443224923,2.426119443224934,117.29816199999732,-148.37388055677508,177.57388055677507,,RuntimeError: ModuleNotFoundError: No module named 'nvdiffrast',RuntimeError: ModuleNotFoundError: No module named 'nvdiffrast',105.29101800000001,254485.75908207853,3364565.2052385244,28.990073999999993
000018.jpg,254485.2183895379,3364568.7069523972,98.985,29.19999999999999,254484.68431592503,3364570.60282092,100.245,32.782351000000006,254482.89051807713,3364571.7770871874,100.06874506734312,-143.6396973801238,temporal_predicted,1.9696578583330149,3.852883746965466,2.822847328908269,1.2600000000000051,1.0837450673431164,0.5989950000000022,3.582351000000017,172.8396973801238,0.20992599999999584,0.9773531556129456,0.9959266781806946,,0.8255221644487529,0.819159249140742,,0.006208625001211961,0.00870345626026392,-0.002494831259051959,True,True,prototype,prototype,,36.360302619876194,7.160302619876205,108.04504200001475,-143.6396973801238,172.8396973801238,,RuntimeError: ModuleNotFoundError: No module named 'nvdiffrast',RuntimeError: ModuleNotFoundError: No module named 'nvdiffrast',99.583995,254486.2469420786,3364566.078160524,28.990073999999993
000019.jpg,254485.70625077296,3364569.579870243,99.026,29.19999999999999,254480.98551870402,3364572.22926911,99.491,29.01227800000001,254480.99484282988,3364577.4280243632,99.57377127557993,-151.1818819707923,temporal_predicted,5.4133746982210145,9.153736280867022,2.822843010563168,0.4650000000000034,0.5477712755799331,0.5984499999999997,0.18772199999997952,179.61811802920772,0.20992599999999584,0.9694787859916687,0.9675360321998596,,0.8267564454682378,0.8333303800832816,,0.0036342061745623746,0.0057908897288143635,-0.002156683554251989,True,True,prototype,prototype,,28.81811802920771,0.3818819707922785,134.55548900003578,-151.1818819707923,179.61811802920772,,RuntimeError: ModuleNotFoundError: No module named 'nvdiffrast',RuntimeError: ModuleNotFoundError: No module named 'nvdiffrast',99.62445,254486.7348020793,3364566.951082524,28.990073999999993
000020.jpg,254486.1941119357,3364570.4527881066,99.04,29.19999999999999,254483.17411780026,3364574.2243611068,97.778,30.333890999999994,254481.328846401,3364578.7926346427,97.69214655458927,-148.53165987578345,temporal_predicted,4.831679570647073,9.655249813857228,2.8228387344562216,1.2620000000000005,1.3478534454107347,0.5985609999999895,1.1338910000000055,177.73165987578344,0.20992599999999584,0.9344969987869263,0.9792560935020447,,0.8433147139927879,0.8248603549459096,,0.0036279632865140834,0.006447119172662497,-0.002819155886148413,True,True,prototype,prototype,,31.468340124216553,2.2683401242165644,108.25316300002896,-148.53165987578345,177.73165987578344,,RuntimeError: ModuleNotFoundError: No module named 'nvdiffrast',RuntimeError: ModuleNotFoundError: No module named 'nvdiffrast',99.638561,254487.22266207958,3364567.8240045244,28.990073999999993
000021.jpg,254486.6819732777,3364571.3257170757,98.949,29.19999999999999,254490.58757483566,3364566.5267074187,98.647,26.58156600000001,254491.9214665221,3364560.337034389,98.54647646192461,-156.03208877848098,temporal_predicted,6.187424118118592,12.173883384093758,2.8228447358021604,0.3019999999999925,0.40252353807538555,0.5993519999999961,2.6184339999999793,174.76791122151906,0.20992599999999584,0.9541279077529907,0.9684984683990479,,0.8340078122250766,0.829380300524334,,0.005449602846056223,0.007677483061949412,-0.0022278802158931894,True,True,prototype,prototype,,23.967911221519017,5.232088778480971,117.4618260000102,-156.03208877848098,174.76791122151906,,RuntimeError: ModuleNotFoundError: No module named 'nvdiffrast',RuntimeError: ModuleNotFoundError: No module named 'nvdiffrast',99.548352,254487.7105220793,3364568.696926524,28.990073999999993
000022.jpg,254487.1698342946,3364572.1986349765,98.853,29.19999999999999,254487.90199036128,3364576.7417608076,100.876,25.643771000000015,254483.7507828014,3364579.06038878,100.977993180044,-157.9084640654353,temporal_predicted,4.601743672001107,7.666392787708337,2.8228405475786227,2.0230000000000103,2.124993180044001,0.5986970000000014,3.5562289999999734,172.89153593456467,0.20992599999999584,0.9875261783599854,1.010286569595337,,0.8275916868257023,0.8200519131954868,,0.006375281761089961,0.009407645712296167,-0.0030323639512062064,True,True,prototype,prototype,,22.09153593456469,7.1084640654352995,112.26422400000047,-157.9084640654353,172.89153593456467,,RuntimeError: ModuleNotFoundError: No module named 'nvdiffrast',RuntimeError: ModuleNotFoundError: No module named 'nvdiffrast',99.451697,254488.1983820797,3364569.5698485244,28.990073999999993
000023.jpg,254487.65768563029,3364573.0715531097,98.747,29.19999999999999,254485.93284718867,3364575.1821985436,100.326,30.04242099999999,254484.7914101151,3364577.606046631,100.2462530694902,-149.1147329922619,init,2.7257827861494097,5.3644353685915585,2.7257827861494097,1.5789999999999935,1.4992530694901944,1.5789999999999935,0.8424210000000016,178.3147329922619,0.8424210000000016,0.8774701952934265,0.9342074990272522,,0.8654976937431781,0.8441780219006373,,0.0022828292955333986,0.004401970266674955,-0.0021191409711415568,False,True,prototype,prototype,,30.885267007738094,1.685267007738105,120.54341800001112,-149.1147329922619,178.3147329922619,,RuntimeError: ModuleNotFoundError: No module named 'nvdiffrast',RuntimeError: ModuleNotFoundError: No module named 'nvdiffrast',100.326,254485.93284718867,3364575.1821985436,30.04242099999999
000024.jpg,254488.14554675412,3364573.944482133,98.727,29.19999999999999,254485.90709415788,3364574.8358719144,98.711,28.792519,254486.2904776686,3364577.134285232,98.78714482393116,-151.6171692218531,init,2.4094077629936126,3.6900034043474177,2.4094077629936126,0.016000000000005343,0.060144823931153724,0.016000000000005343,0.40748099999999,179.18283077814692,0.40748099999999,0.8774460554122925,0.9171733856201172,,0.8731106088430569,0.8558588783726515,,0.001742110859292249,0.002758126317833861,-0.001016015458541612,False,True,prototype,prototype,,28.38283077814691,0.8171692218530779,123.66784699997879,-151.6171692218531,179.18283077814692,,RuntimeError: ModuleNotFoundError: No module named 'nvdiffrast',RuntimeError: ModuleNotFoundError: No module named 'nvdiffrast',98.711,254485.90709415788,3364574.8358719144,28.792519
000025.jpg,254488.63340755538,3364574.8174000834,98.748,29.19999999999999,254486.42999527688,3364575.979178011,99.056,29.014031999999986,254486.34804248944,3364578.4094905052,99.07491594739258,-151.1685447085292,init,2.4909342869597335,4.257464865756972,2.4909342869597335,0.3079999999999927,0.32691594739257823,0.3079999999999927,0.18596800000000258,179.63145529147084,0.18596800000000258,0.8637592196464539,0.9128186702728271,,0.8703373208700723,0.8513420387680455,,0.0017045660060830414,0.0030242373274328807,-0.0013196713213498392,False,True,prototype,prototype,,28.831455291470803,0.3685447085291855,111.21245800001134,-151.1685447085292,179.63145529147084,,RuntimeError: ModuleNotFoundError: No module named 'nvdiffrast',RuntimeError: ModuleNotFoundError: No module named 'nvdiffrast',99.056,254486.42999527688,3364575.979178011,29.014031999999986
000026.jpg,254489.12126853588,3364575.6903291424,98.767,29.19999999999999,254488.4562069574,3364571.835577877,98.281,31.612899,254491.8018401477,3364570.19804565,98.42178720515221,-145.97629755929955,temporal_predicted,3.9117022155153895,6.1115171705930065,2.4909318617514336,0.48599999999999,0.34521279484778233,0.30791600000000585,2.41289900000001,175.17629755929954,0.18596800000000258,0.9641966819763184,0.9925269484519958,,0.8339333696282116,0.8200242356123004,,0.00477364961989224,0.0074096669753392535,-0.002636017355447014,True,True,prototype,prototype,,34.02370244070045,4.823702440700458,115.14841700000034,-145.97629755929955,175.17629755929954,,RuntimeError: ModuleNotFoundError: No module named 'nvdiffrast',RuntimeError: ModuleNotFoundError: No module named 'nvdiffrast',99.074916,254486.91785527713,3364576.852100011,29.014031999999986
000027.jpg,254489.60912919132,3364576.5632471307,98.764,29.19999999999999,254489.03745466477,3364572.2441506623,100.098,30.260531000000015,254492.5290211615,3364570.3844316998,100.14118784014136,-148.6822804157435,temporal_predicted,4.356765551135366,6.833998042681508,2.490934312603894,1.3340000000000032,1.3771878401413602,0.3077820000000031,1.0605310000000259,177.88228041574348,0.18596800000000258,0.9483323097229004,0.970737874507904,,0.8372347755419324,0.8306626857233715,,0.003410633459376792,0.004961239756084979,-0.0015506062967081866,True,True,prototype,prototype,,31.31771958425651,2.1177195842565197,127.61311000002706,-148.6822804157435,177.88228041574348,,RuntimeError: ModuleNotFoundError: No module named 'nvdiffrast',RuntimeError: ModuleNotFoundError: No module named 'nvdiffrast',99.071782,254487.40571527687,3364577.7250220105,29.014031999999986
000028.jpg,254490.096989777,3364577.4361651368,98.712,29.19999999999999,254496.42125349495,3364577.623706178,98.25,26.304710999999998,254492.18229594236,3364572.2829559287,98.42884661071002,-156.5918432088473,init,6.327043797561451,5.55914264479481,6.327043797561451,0.4620000000000033,0.28315338928997846,0.4620000000000033,2.895288999999991,174.2081567911527,2.895288999999991,0.9729653596878052,0.9804425239562988,,0.8313223213497041,0.8269057503754086,,0.005361479241400957,0.00803048194696506,-0.002669002705564102,False,True,prototype,prototype,,23.40815679115269,5.791843208847297,119.22255799998993,-156.5918432088473,174.2081567911527,,RuntimeError: ModuleNotFoundError: No module named 'nvdiffrast',RuntimeError: ModuleNotFoundError: No module named 'nvdiffrast',98.25,254496.42125349495,3364577.623706178,26.304710999999998
000029.jpg,254490.5848505393,3364578.309094248,98.79,29.19999999999999,254494.55635870708,3364586.0176285086,97.969,27.905824999999993,254485.69829898683,3364587.1444722707,98.05990332085639,-153.38939402197562,init,8.671469170548388,10.096647507067544,8.671469170548388,0.8210000000000122,0.7300966791436139,0.8210000000000122,1.2941749999999956,177.41060597802436,1.2941749999999956,0.9849799275398254,1.0028115510940552,,0.8274287930062042,0.8189685561195713,,0.0060715243841211,0.006238685610393683,-0.000167161226272583,False,True,prototype,prototype,,26.61060597802438,2.5893940219756075,114.7388339999793,-153.38939402197562,177.41060597802436,,RuntimeError: ModuleNotFoundError: No module named 'nvdiffrast',RuntimeError: ModuleNotFoundError: No module named 'nvdiffrast',97.969,254494.55635870708,3364586.0176285086,27.905824999999993
000030.jpg,254491.07271098028,3364579.1820122893,99.143,29.19999999999999,254492.86127000826,3364576.6909749797,98.873,28.500325000000004,254493.37946048562,3364573.3269510865,99.01478192210197,-152.2046170600482,init,3.066628486555273,6.293078338034254,3.066628486555273,0.269999999999996,0.1282180778980262,0.269999999999996,0.699674999999985,178.59538293995183,0.699674999999985,0.8890638947486877,0.9620320200920105,,0.8628893492994346,0.833444534185483,,0.0023617190696919956,0.0048274146392941475,-0.002465695569602152,False,True,prototype,prototype,,27.795382939951793,1.4046170600481958,113.57370000001765,-152.2046170600482,178.59538293995183,,RuntimeError: ModuleNotFoundError: No module named 'nvdiffrast',RuntimeError: ModuleNotFoundError: No module named 'nvdiffrast',98.873,254492.86127000826,3364576.6909749797,28.500325000000004
000031.jpg,254491.56057134792,3364580.0549303493,100.06,29.19999999999999,254492.1364406346,3364583.339386812,100.082,31.03782000000001,254488.5604978222,3364584.0154991257,100.0915676979348,-147.132898654042,temporal_predicted,3.3345583950605704,4.968555745070194,3.066625071500767,0.02199999999999136,0.03156769793480407,0.2702330000000046,1.837820000000022,176.332898654042,0.699674999999985,0.9416055679321289,0.9809770584106445,,0.8409199216336904,0.8264645145348324,,0.004129876305038731,0.006250319381554921,-0.0021204430765161906,True,True,prototype,prototype,,32.86710134595799,3.6671013459580024,122.02706699997634,-147.132898654042,176.332898654042,,RuntimeError: ModuleNotFoundError: No module named 'nvdiffrast',RuntimeError: ModuleNotFoundError: No module named 'nvdiffrast',99.789767,254493.34913000793,3364577.5638969797,28.500325000000004
000032.jpg,254492.0484222808,3364580.9278597296,100.365,29.19999999999999,254490.78875752963,3364581.91125158,98.227,26.300104000000005,254490.42405049442,3364583.3905527606,98.55814519431442,-156.59032082043328,temporal_predicted,1.5980659612311043,2.950159430441249,3.0666363553921996,2.137999999999991,1.8068548056855747,0.27051999999999055,2.899895999999984,174.2096791795667,0.699674999999985,0.9845866560935974,1.0128129720687866,,0.8274647887323944,0.8221478873239436,,0.005509958136826754,0.008421755706270536,-0.0029117975694437827,True,True,prototype,prototype,,23.409679179566723,5.790320820433266,134.17877099999487,-156.59032082043328,174.2096791795667,,RuntimeError: ModuleNotFoundError: No module named 'nvdiffrast',RuntimeError: ModuleNotFoundError: No module named 'nvdiffrast',100.09448,254493.83699000833,3364578.436818979,28.500325000000004
000033.jpg,254492.53628250488,3364581.800777825,100.6,29.19999999999999,254494.92402733798,3364580.030330129,101.18,30.284689000000014,254495.04046371748,3364576.6016292623,101.54360800795257,-148.62594794231472,init,2.972509113967172,5.770794514011694,2.972509113967172,0.5800000000000125,0.9436080079525766,0.5800000000000125,1.0846890000000258,177.8259479423147,1.0846890000000258,0.8794280290603638,0.955751359462738,,0.8617053117132344,0.8365464180707407,,0.0026838199119083583,0.004854022990912199,-0.0021702030790038407,False,True,prototype,prototype,,31.374052057685276,2.1740520576852873,107.11546400000316,-148.62594794231472,177.8259479423147,,RuntimeError: ModuleNotFoundError: No module named 'nvdiffrast',RuntimeError: ModuleNotFoundError: No module named 'nvdiffrast',101.18,254494.92402733798,3364580.030330129,30.284689000000014
000034.jpg,254493.02414265557,3364582.6736959373,102.523,29.19999999999999,254496.99098011493,3364585.1092775986,103.54,28.97665699999999,254492.50092706704,3364582.832378293,103.67348658852279,-151.24581449015494,temporal_predicted,4.654874590987484,0.5467491582794098,2.972506677470677,1.0170000000000101,1.1504865885227957,0.5799340000000086,0.22334299999999985,179.55418550984507,1.0846890000000258,0.9607400298118591,0.735080361366272,,0.8341817413206982,0.9337361069522484,,0.0031497655048345528,0.0008454078536791106,0.002304357651155442,True,True,prototype,prototype,,28.75418550984506,0.44581449015493035,114.96137699998599,-151.24581449015494,179.55418550984507,,RuntimeError: ModuleNotFoundError: No module named 'nvdiffrast',RuntimeError: ModuleNotFoundError: No module named 'nvdiffrast',103.102934,254495.41188733783,3364580.9032521285,30.284689000000014
000035.jpg,254493.51200298526,3364583.546625154,109.709,29.19999999999999,254491.4171550231,3364581.3519457392,109.221,26.940341999999987,254494.4532711375,3364581.5035105753,109.2938576694578,-155.32770806055814,temporal_predicted,3.0339752336628685,2.249511706257762,2.972510711172308,0.48799999999999955,0.41514233054220995,0.5797120000000007,2.2596580000000017,175.4722919394419,1.0846890000000258,0.9711259603500366,0.9874552488327026,,0.8324104119638827,0.8305234198645598,,0.00483383455624183,0.007220624558006723,-0.0023867900017648935,True,True,prototype,prototype,,24.672291939441862,4.527708060558126,115.0475079999751,-155.32770806055814,175.4722919394419,,RuntimeError: ModuleNotFoundError: No module named 'nvdiffrast',RuntimeError: ModuleNotFoundError: No module named 'nvdiffrast',110.288712,254495.89974733835,3364581.776174129,30.284689000000014
000036.jpg,254493.9998629914,3364584.419543303,109.246,29.19999999999999,254492.35753232913,3364584.1418327345,109.498,28.52221800000001,254493.42717065584,3364585.199730325,109.55198718421161,-152.1526498530196,init,1.6656449694115103,0.9678162534322143,1.6656449694115103,0.25200000000000955,0.30598718421161664,0.25200000000000955,0.6777819999999792,178.64735014698044,0.6777819999999792,0.8596808910369873,0.9119058847427368,,0.8784586027774833,0.8552245662390897,,0.0017298431678985555,0.002758476029460629,-0.0010286328615620734,False,True,prototype,prototype,,27.847350146980403,1.3526498530195852,111.3380180000263,-152.1526498530196,178.64735014698044,,RuntimeError: ModuleNotFoundError: No module named 'nvdiffrast',RuntimeError: ModuleNotFoundError: No module named 'nvdiffrast',109.498,254492.35753232913,3364584.1418327345,28.52221800000001
000037.jpg,254494.4877231754,3364585.2924725553,108.735,29.19999999999999,254488.71667938455,3364585.0756172,108.96,31.36895100000001,254491.35399876226,3364589.9608090753,109.18422797415406,-146.4632316421923,temporal_predicted,5.775116681156617,5.622596780956869,1.6656463603893095,0.22499999999999432,0.4492279741540557,0.25162400000000673,2.168951000000021,175.6632316421923,0.6777819999999792,0.9519370794296265,0.9853153824806213,,0.8364881759433713,0.824725748798225,,0.004525828718518217,0.007034881816556056,-0.002509053098037839,True,True,prototype,prototype,,33.53676835780769,4.336768357807699,110.43746199999305,-146.4632316421923,175.6632316421923,,RuntimeError: ModuleNotFoundError: No module named 'nvdiffrast',RuntimeError: ModuleNotFoundError: No module named 'nvdiffrast',108.986624,254492.84539232883,3364585.014754734,28.52221800000001
000038.jpg,254494.97558303815,3364586.1653907383,108.295,29.19999999999999,254496.70917623877,3364584.234702948,107.571,33.221194999999994,254497.50137124254,3364581.5614487384,107.53141843248159,-142.7591093852179,temporal_predicted,2.5947833683667025,5.251274892001596,1.6656455882361318,0.7240000000000038,0.7635815675184148,0.2519929999999988,4.021195000000006,171.9591093852179,0.6777819999999792,0.9825019836425781,0.9965212345123291,,0.8245932558918404,0.8214380144894325,,0.006836351162443559,0.009377600935598215,-0.0025412497731546564,True,True,prototype,prototype,,37.2408906147821,8.040890614782114,106.9204789999958,-142.7591093852179,171.9591093852179,,RuntimeError: ModuleNotFoundError: No module named 'nvdiffrast',RuntimeError: ModuleNotFoundError: No module named 'nvdiffrast',108.546993,254493.33325232923,3364585.887676734,28.52221800000001
000039.jpg,254495.46344282592,3364587.03830894,108.283,29.19999999999999,254497.73336219703,3364592.5326271076,110.412,27.56383299999999,254491.80397835415,3364593.920817449,110.39921170566231,-154.07248382134384,temporal_predicted,5.944751136847968,7.794908825707961,1.6656447459466446,2.129000000000005,2.116211705662309,0.25182399999999916,1.6361670000000004,176.72751617865617,0.6777819999999792,0.9719345569610596,0.9986218810081482,,0.8320267567998018,0.822223008724274,,0.004761276533827186,0.0062963843035201235,-0.0015351077696929378,True,True,prototype,prototype,,25.927516178656163,3.272483821343826,116.12172200000259,-154.07248382134384,176.72751617865617,,RuntimeError: ModuleNotFoundError: No module named 'nvdiffrast',RuntimeError: ModuleNotFoundError: No module named 'nvdiffrast',108.534824,254493.8211123291,3364586.760598733,28.52221800000001
000040.jpg,254495.95130279433,3364587.911238245,108.271,29.19999999999999,254497.10711519374,3364589.285735573,108.831,30.283804000000003,254495.0856146258,3364588.9262869377,108.8207085300237,-148.6275375258657,temporal_predicted,1.7958689281700833,1.3340689087212723,1.6656459322151989,0.5600000000000023,0.5497085300236932,0.2524630000000059,1.0838040000000149,177.8275375258657,0.6777819999999792,0.8899040818214417,0.940911591053009,,0.8622120625989098,0.8419905046597503,,0.002561702082554499,0.004185632802546024,-0.0016239307199915252,True,True,prototype,prototype,,31.372462474134295,2.1724624741343064,115.06642699998793,-148.6275375258657,177.8275375258657,,RuntimeError: ModuleNotFoundError: No module named 'nvdiffrast',RuntimeError: ModuleNotFoundError: No module named 'nvdiffrast',108.523463,254494.3089723298,3364587.6335207326,28.52221800000001
000041.jpg,254496.43916243885,3364588.7841564827,108.26,29.19999999999999,254497.0453270637,3364589.3065422764,106.758,28.86919800000001,254496.18604405178,3364588.813072491,106.90473566297442,-151.4612636767705,refined_freeze_alt_init_yaw,0.800201518323074,0.25476470205138896,0.25476470194568307,1.5020000000000095,1.355264337025588,1.5020000000000095,0.33080199999997717,179.3387363232295,0.33080199999997717,0.6982875466346741,0.7859650254249573,,0.9456874678400965,0.9092247910715237,,0.000734604875712345,0.0012897298050423462,-0.0005551249293300012,True,True,prototype,prototype,,28.5387363232295,0.6612636767704885,118.88807100001486,-151.4612636767705,179.3387363232295,,RuntimeError: ModuleNotFoundError: No module named 'nvdiffrast',RuntimeError: ModuleNotFoundError: No module named 'nvdiffrast',106.758,254496.18604405178,3364588.81307249,28.86919800000001
000042.jpg,254496.92702201233,3364589.6570747383,108.246,29.19999999999999,254494.68416327782,3364590.035344064,107.778,30.43704199999999,254495.27075028693,3364591.9812564813,107.83436294924468,-148.32577364133212,temporal_predicted,2.274533575383041,2.8539545901592414,0.2547647028376977,0.4679999999999893,0.4116370507553171,1.5022500000000036,1.2370420000000024,177.5257736413321,0.33080199999997717,0.9056333899497986,0.9497297406196594,,0.8569132400734775,0.8382612688992511,,0.0025987248518504202,0.0047986583861832815,-0.002199933534332861,True,True,prototype,prototype,,31.67422635866788,2.4742263586678916,136.94333300003336,-148.32577364133212,177.5257736413321,,RuntimeError: ModuleNotFoundError: No module named 'nvdiffrast',RuntimeError: ModuleNotFoundError: No module named 'nvdiffrast',106.74374999999999,254496.67390405203,3364589.685994489,28.86919800000001
000043.jpg,254497.4148817626,3364590.5300040958,108.195,29.19999999999999,254499.87211059433,3364591.456081738,108.511,29.38589300000001,254497.28174353225,3364589.3710123776,108.8282676404342,-150.43305096877887,temporal_predicted,2.6259461782954245,1.1666137283770948,0.25476361992553054,0.3160000000000025,0.6332676404342124,1.5017940000000038,0.1858930000000214,179.63305096877886,0.33080199999997717,0.869205892086029,0.7462424039840698,,0.8652875348607336,0.9186465209870441,,0.001795277154694001,0.0009965431527234614,0.0007987340019705396,True,True,prototype,prototype,,29.566949031221128,0.3669490312211394,123.5070430000178,-150.43305096877887,179.63305096877886,,RuntimeError: ModuleNotFoundError: No module named 'nvdiffrast',RuntimeError: ModuleNotFoundError: No module named 'nvdiffrast',106.69320599999999,254497.1617640517,3364590.5589164887,28.86919800000001
000044.jpg,254497.90274119028,3364591.402922387,108.131,29.19999999999999,254496.55934769177,3364590.9094133656,107.635,29.975974000000008,254497.36693788887,3364591.4673990053,107.96588731184602,-149.24411464173446,temporal_predicted,1.4311733807480536,0.5396687985567573,0.25476347175018155,0.4959999999999951,0.1651126881539824,1.5024640000000176,0.7759740000000193,178.44411464173444,0.33080199999997717,0.8247736692428589,0.9198547005653381,,0.8871346164023497,0.8495422230846579,,0.001687987707555294,0.003078012882421414,-0.0013900251748661199,True,True,prototype,prototype,,30.755885358265544,1.5558853582655559,121.23335600000473,-149.24411464173446,178.44411464173444,,RuntimeError: ModuleNotFoundError: No module named 'nvdiffrast',RuntimeError: ModuleNotFoundError: No module named 'nvdiffrast',106.62853599999998,254497.64962405225,3364591.431838489,28.86919800000001
000045.jpg,254498.3906005469,3364592.275840694,107.985,29.19999999999999,254498.43294668294,3364594.019718475,106.657,30.975558000000007,254496.4789258359,3364594.27450469,107.00929874181747,-147.24960615148214,temporal_predicted,1.744391845490635,2.7657111145493594,0.25476325175106856,1.328000000000003,0.9757012581825251,1.5015350000000183,1.775558000000018,176.44960615148213,0.33080199999997717,0.9292885065078735,0.9767149090766907,,0.8458862994350282,0.8292196327683616,,0.00370428249395142,0.006181914048890273,-0.0024776315549388532,True,True,prototype,prototype,,32.75039384851786,3.5503938485178708,114.08271900000955,-147.24960615148214,176.44960615148213,,RuntimeError: ModuleNotFoundError: No module named 'nvdiffrast',RuntimeError: ModuleNotFoundError: No module named 'nvdiffrast',106.48346499999998,254498.1374840522,3364592.304760489,28.86919800000001
000046.jpg,254498.87846007897,3364593.148770106,107.963,29.19999999999999,254496.59037741576,3364590.9459172846,107.766,28.073230999999993,254499.46532196982,3364591.3818570888,108.16167125757784,-153.05742375576747,temporal_predicted,3.1761427591638522,1.8618239684503797,0.2547619460126148,0.19699999999998852,0.19867125757784265,1.5016920000000198,1.126768999999996,177.7425762442325,0.33080199999997717,0.9140989184379578,0.9628075361251831,,0.8519383961763144,0.8379005133651973,,0.003166252359127005,0.004433491344874104,-0.0012672389857470985,True,True,prototype,prototype,,26.942576244232527,2.257423755767462,108.4282560000247,-153.05742375576747,177.7425762442325,,RuntimeError: ModuleNotFoundError: No module named 'nvdiffrast',RuntimeError: ModuleNotFoundError: No module named 'nvdiffrast',106.46130799999997,254498.6253440517,3364593.1776824887,28.86919800000001
000047.jpg,254499.3663192911,3364594.0216884497,108.063,29.19999999999999,254500.23969541822,3364592.2991917715,106.994,27.50839400000001,254500.75023736493,3364590.309796634,107.11039280612022,-154.1809834838769,temporal_predicted,1.9312640072184801,3.9614858431305042,0.2547615781271922,1.0690000000000026,0.9526071938797855,1.5018730000000318,1.6916059999999788,176.6190165161231,0.33080199999997717,0.9274570345878601,0.9974632859230042,,0.8507446808510638,0.8256028368794326,,0.0034861405535290637,0.006143991369754076,-0.0026578508162250123,True,True,prototype,prototype,,25.8190165161231,3.3809834838768893,130.85515599999553,-154.1809834838769,176.6190165161231,,RuntimeError: ModuleNotFoundError: No module named 'nvdiffrast',RuntimeError: ModuleNotFoundError: No module named 'nvdiffrast',106.56112699999997,254499.11320405177,3364594.0506044887,28.86919800000001
000048.jpg,254499.8541784295,3364594.894606811,108.127,29.19999999999999,254503.79012815637,3364595.027389651,106.96,29.216755000000006,254501.12686083422,3364591.2811435983,107.44159823283553,-150.76796581885876,temporal_predicted,3.9381888648368575,3.831036007805126,0.2547611354009057,1.1670000000000016,0.6854017671644641,1.5017250000000217,0.016755000000017617,179.96796581885874,0.33080199999997717,0.9527958035469055,0.9242308735847473,,0.8356348462612939,0.8436975087080291,,0.0027223110664635897,0.0028528194719304643,-0.00013050840546687459,True,True,prototype,prototype,,29.232034181141245,0.03203418114125611,112.08676900002956,-150.76796581885876,179.96796581885874,,RuntimeError: ModuleNotFoundError: No module named 'nvdiffrast',RuntimeError: ModuleNotFoundError: No module named 'nvdiffrast',106.62527499999997,254499.60106405139,3364594.923526488,28.86919800000001
000049.jpg,254500.342037746,3364595.7675362774,108.423,29.19999999999999,254495.6741981027,3364601.1362355524,106.899,30.157505000000015,254493.26473308064,3364607.6369413915,107.27177355252206,-148.88098019654302,temporal_predicted,7.114187152486687,13.819226428748001,0.2547596084868443,1.524000000000001,1.1512264474779386,1.5016300000000342,0.957505000000026,178.080980196543,0.33080199999997717,0.9685739278793335,1.0141279697418213,,0.8308320028383892,0.81648039737449,,0.004787134006619453,0.007735921535640955,-0.0029487875290215015,True,True,prototype,prototype,,31.11901980345698,1.9190198034569903,125.6327199999987,-148.88098019654302,178.080980196543,,RuntimeError: ModuleNotFoundError: No module named 'nvdiffrast',RuntimeError: ModuleNotFoundError: No module named 'nvdiffrast',106.92136999999997,254500.08892405173,3364595.7964484873,28.86919800000001
000050.jpg,254500.8298967411,3364596.6404546727,108.986,29.19999999999999,254502.4607754522,3364592.2904305407,109.286,31.194344,254505.27439155645,3364588.276497358,109.57032510079443,-146.80470647046147,temporal_predicted,4.645694277476121,9.471500204644167,0.2547590193714861,0.29999999999999716,0.5843251007944303,1.5021820000000332,1.9943440000000123,176.00470647046146,0.33080199999997717,0.933617115020752,0.9721576571464539,,0.8460582386363636,0.8305575284090909,,0.00446720343704025,0.0067581906914711,-0.00229098725443085,True,True,prototype,prototype,,33.19529352953853,3.995293529538543,111.4458090000312,-146.80470647046147,176.00470647046146,,RuntimeError: ModuleNotFoundError: No module named 'nvdiffrast',RuntimeError: ModuleNotFoundError: No module named 'nvdiffrast',107.48381799999997,254500.57678405155,3364596.6693704873,28.86919800000001
000051.jpg,254501.31775566272,3364597.513373088,109.47,29.19999999999999,254502.72048852473,3364598.2964227013,110.419,29.52180899999999,254500.89945815376,3364597.3423143257,110.75116473902017,-150.16303279942622,refined_freeze_alt_init_yaw,1.6064949981140477,0.45192245594068653,0.45192245594068653,0.9489999999999981,1.28116473902017,0.9489999999999981,0.3218090000000018,179.3630327994262,0.3218090000000018,0.8015150427818298,0.7610891461372375,,0.9070975289821676,0.9139043499840465,,0.0012085735603856544,0.0012755902910915513,-6.701673070589687e-05,True,True,prototype,prototype,,29.83696720057378,0.6369672005737925,102.86668600002713,-150.16303279942622,179.3630327994262,,RuntimeError: ModuleNotFoundError: No module named 'nvdiffrast',RuntimeError: ModuleNotFoundError: No module named 'nvdiffrast',110.419,254500.89945815376,3364597.3423143257,29.52180899999999
000052.jpg,254501.8056243737,3364598.3863023897,109.903,29.19999999999999,254502.8148914028,3364598.006163149,110.535,27.31723199999999,254502.43361914123,3364596.7362654177,110.6701799472794,-154.562568612981,temporal_predicted,1.078483091317743,1.7655026018310704,0.4519332821926853,0.6319999999999908,0.7671799472793879,0.9489499999999964,1.8827679999999987,176.237431387019,0.3218090000000018,0.9473922252655029,0.9975489974021912,,0.8410584328410937,0.8264148943686851,,0.0036684289031351605,0.006504338700324297,-0.0028359097971891365,True,True,prototype,prototype,,25.43743138701899,3.762568612980999,109.82094500002404,-154.562568612981,176.237431387019,,RuntimeError: ModuleNotFoundError: No module named 'nvdiffrast',RuntimeError: ModuleNotFoundError: No module named 'nvdiffrast',110.85195,254501.38731815413,3364598.2152363257,29.52180899999999
000053.jpg,254502.29348315197,3364599.25922084,105.101,29.19999999999999,254504.66876680404,3364597.743319407,104.01,29.930498,254504.19654112495,3364594.4668829623,104.37390446662903,-149.33905099726005,init,2.8177880654662877,5.156368099967244,2.8177880654662877,1.090999999999994,0.7270955333709708,1.090999999999994,0.7304980000000114,178.53905099726003,0.7304980000000114,0.8563929200172424,0.9298683404922485,,0.873042000743376,0.8450592045876918,,0.002232455493261417,0.004030411092874904,-0.0017979555996134873,False,True,prototype,prototype,,30.660949002739954,1.4609490027399659,110.56821899995839,-149.33905099726005,178.53905099726003,,RuntimeError: ModuleNotFoundError: No module named 'nvdiffrast',RuntimeError: ModuleNotFoundError: No module named 'nvdiffrast',104.01,254504.66876680404,3364597.743319407,29.930498
000054.jpg,254502.78134185664,3364600.132139307,100.478,29.19999999999999,254507.86020275837,3364603.0171724036,99.962,30.596118999999987,254502.34222058803,3364599.9595989715,100.03033633902669,-148.01559820126195,temporal_predicted,5.841082436323703,0.4718025602900234,2.817787256850383,0.5159999999999911,0.4476636609733049,1.0913079999999837,1.3961189999999988,177.21559820126194,0.7304980000000114,0.9700512290000916,0.9713022112846375,,0.8325760533882361,0.830428454793937,,0.004704439469302694,0.005161867515804867,-0.00045742804650217295,True,True,prototype,prototype,,31.98440179873805,2.7844017987380596,122.57424599999922,-148.01559820126195,177.21559820126194,,RuntimeError: ModuleNotFoundError: No module named 'nvdiffrast',RuntimeError: ModuleNotFoundError: No module named 'nvdiffrast',99.38669200000001,254505.1566268039,3364598.6162414066,29.930498
000055.jpg,254503.2692007406,3364601.00506888,98.951,29.19999999999999,254501.906576115,3364600.63300189,99.04,24.565563999999995,254502.93116052114,3364601.2326380787,99.13600159436464,-160.06802266428954,temporal_predicted,1.4125083062805972,0.4075032885269119,2.8177922719130937,0.08900000000001285,0.1850015943646497,1.09113499999998,4.634435999999994,170.73197733571044,0.7304980000000114,1.0228310823440552,1.0327166318893433,,0.8190647290062079,0.8164499546416691,,0.007495057924340169,0.010047133701543013,-0.0025520757772028438,True,True,prototype,prototype,,19.931977335710457,9.268022664289532,114.51699300005203,-160.06802266428954,170.73197733571044,,RuntimeError: ModuleNotFoundError: No module named 'nvdiffrast',RuntimeError: ModuleNotFoundError: No module named 'nvdiffrast',97.85986500000001,254505.64448680438,3364599.489163407,29.930498
000056.jpg,254503.75705929942,3364601.8779873825,102.354,29.19999999999999,254504.3319063919,3364598.789162376,101.656,26.251218999999992,254506.45229634133,3364596.369214821,101.5103101823479,-156.69901090205033,temporal_predicted,3.1418607703918777,6.132770812980455,2.817791605142461,0.6979999999999933,0.8436898176521055,1.09132799999999,2.9487809999999968,174.10098909794965,0.7304980000000114,0.9869682788848877,1.0538077354431152,,0.8294548818673498,0.8169121833191005,,0.005578315040717523,0.0082484045997262,-0.0026700895590086775,True,True,prototype,prototype,,23.300989097949667,5.899010902050321,138.3618949999459,-156.69901090205033,174.10098909794965,,RuntimeError: ModuleNotFoundError: No module named 'nvdiffrast',RuntimeError: ModuleNotFoundError: No module named 'nvdiffrast',101.26267200000001,254506.13234680437,3364600.362085407,29.930498
000057.jpg,254504.24491778726,3364602.750905902,103.056,29.19999999999999,254499.69524332203,3364599.9211164443,103.882,32.532083,254503.76643079627,3364602.4701635307,104.33341675717384,-144.14265845387376,temporal_predicted,5.357914343783149,0.5547666894103429,2.8177910073407118,0.8260000000000076,1.2774167571738388,1.0908339999999868,3.3320830000000115,173.34265845387375,0.7304980000000114,0.9635525345802307,0.9997439980506897,,0.8328133078966605,0.8191916130297573,,0.006085902840519945,0.008860033005475998,-0.002774130164956053,True,True,prototype,prototype,,35.857341546126236,6.657341546126247,125.1495339999451,-144.14265845387376,173.34265845387375,,RuntimeError: ModuleNotFoundError: No module named 'nvdiffrast',RuntimeError: ModuleNotFoundError: No module named 'nvdiffrast',101.96516600000001,254506.6202068039,3364601.2350074067,29.930498
000058.jpg,254504.73277645436,3364603.623835528,102.969,29.19999999999999,254504.65716325736,3364606.8992046188,102.705,25.37605400000001,254502.2062846458,3364609.054105765,102.54823932796717,-158.44889047432173,temporal_predicted,3.2762417550560237,5.989239994333214,2.817796233609577,0.2639999999999958,0.4207606720328272,1.0905899999999775,3.823945999999978,172.35110952567828,0.7304980000000114,1.0276787281036377,1.0638362169265747,,0.8181283632087238,0.8085421047004739,,0.006733534624800086,0.00942361168563366,-0.0026900770608335733,True,True,prototype,prototype,,21.55110952567827,7.648890474321718,112.26855799998248,-158.44889047432173,172.35110952567828,,RuntimeError: ModuleNotFoundError: No module named 'nvdiffrast',RuntimeError: ModuleNotFoundError: No module named 'nvdiffrast',101.87841000000002,254507.1080668042,3364602.1079294067,29.930498
000059.jpg,254505.22063479756,3364604.4967540847,102.227,29.19999999999999,254505.67038451316,3364605.833701678,101.799,29.804448000000008,254504.04350097958,3364606.1485965424,101.89762334153056,-149.5979671564689,init,1.41056856412715,2.028355868807177,1.41056856412715,0.42799999999999727,0.3293766584694424,0.42799999999999727,0.6044480000000192,178.7979671564689,0.6044480000000192,0.8151782751083374,0.889854907989502,,0.8947106409458618,0.8627255756067206,,0.0015292491783232738,0.0026242098150153956,-0.0010949606366921218,False,True,prototype,prototype,,30.40203284353109,1.2020328435311,111.89658500001087,-149.5979671564689,178.7979671564689,,RuntimeError: ModuleNotFoundError: No module named 'nvdiffrast',RuntimeError: ModuleNotFoundError: No module named 'nvdiffrast',101.799,254505.67038451316,3364605.833701678,29.804448000000008
000060.jpg,254505.70849306977,3364605.3696726593,98.96,29.19999999999999,254507.4261682398,3364602.779450815,97.483,28.757492000000013,254508.2399627402,3364599.688276463,97.69105465710163,-151.68858367441445,temporal_predicted,3.107998904696465,6.2198554187087804,1.4105723614318884,1.4769999999999897,1.2689453428983626,0.42815799999998205,0.44250799999997525,179.11141632558554,0.6044480000000192,0.8975259065628052,0.9616783261299133,,0.8587616926503341,0.8333541202672606,,0.002286316710524261,0.004511583984519045,-0.002225267273994784,True,True,prototype,prototype,,28.311416325585554,0.8885836744144342,111.51994100004003,-151.68858367441445,179.11141632558554,,RuntimeError: ModuleNotFoundError: No module named 'nvdiffrast',RuntimeError: ModuleNotFoundError: No module named 'nvdiffrast',98.53184200000001,254506.15824451388,3364606.7066236776,29.804448000000008
000061.jpg,254506.19636113007,3364606.2426021206,98.721,29.19999999999999,254505.5631732929,3364605.1846127613,99.708,32.651178000000016,254506.2534424736,3364605.0405094307,99.98469323292375,-143.9017541090778,temporal_predicted,1.2329916146010917,1.2034471799607354,1.410562720064595,0.9869999999999948,1.2636932329237425,0.4285289999999975,3.451178000000027,173.1017541090778,0.6044480000000192,0.9952539801597595,0.9978267550468445,,0.8215537331222316,0.8183338373685802,,0.00614298755923907,0.009042948950082064,-0.0028999613908429938,True,True,prototype,prototype,,36.098245890922186,6.8982458909221975,118.88211199999432,-143.9017541090778,173.1017541090778,,RuntimeError: ModuleNotFoundError: No module named 'nvdiffrast',RuntimeError: ModuleNotFoundError: No module named 'nvdiffrast',98.292471,254506.64610451533,3364607.5795456776,29.804448000000008
000062.jpg,254506.68421925642,3364607.115520729,98.698,29.19999999999999,254505.43428045476,3364609.212182415,99.639,30.62631300000001,254503.93755856567,3364611.0367187075,99.76614052895457,-147.946050997542,temporal_predicted,2.4409705514998064,4.78747726211527,1.4105665313044695,0.9410000000000025,1.0681405289545722,0.42782499999998436,1.4263130000000217,177.14605099754198,0.6044480000000192,0.9097986221313477,0.9791609048843384,,0.8563900103612133,0.8292364857622637,,0.003136859624646604,0.005413636875649293,-0.002276777251002689,True,True,prototype,prototype,,32.05394900245801,2.853949002458023,127.69639499998675,-147.946050997542,177.14605099754198,,RuntimeError: ModuleNotFoundError: No module named 'nvdiffrast',RuntimeError: ModuleNotFoundError: No module named 'nvdiffrast',98.27017500000001,254507.13396451494,3364608.452467677,29.804448000000008
000063.jpg,254507.1720773116,3364607.988439356,98.715,29.19999999999999,254510.31453358376,3364606.820709934,99.455,33.248964,254509.67556806875,3364603.3359287274,99.80973787978292,-142.70209463347052,temporal_predicted,3.352405617664904,5.2833058893117,1.4105703487398193,0.7399999999999949,1.0947378797829117,0.42826699999999107,4.048964000000012,171.9020946334705,0.6044480000000192,0.9877394437789917,1.0013030767440796,,0.8247754103338036,0.8172742047829116,,0.007056742596129577,0.009636946332951387,-0.0025802037368218107,True,True,prototype,prototype,,37.29790536652948,8.097905366529488,110.59607300001062,-142.70209463347052,171.9020946334705,,RuntimeError: ModuleNotFoundError: No module named 'nvdiffrast',RuntimeError: ModuleNotFoundError: No module named 'nvdiffrast',98.28673300000001,254507.62182451543,3364609.325389677,29.804448000000008
000064.jpg,254507.65993529343,3364608.861358001,98.707,29.19999999999999,254510.07093405444,3364607.0016813395,99.315,31.724761,254510.29502878722,3364603.8711105627,99.19293621648103,-145.75066120000847,temporal_predicted,3.044882971593019,5.643251475475913,1.4105741716591387,0.6080000000000041,0.48593621648103635,0.42790899999998544,2.5247610000000122,174.95066120000845,0.6044480000000192,0.9645676016807556,0.9837765693664551,,0.8327895887857168,0.8270354569246764,,0.005100677216735979,0.007683543488383293,-0.0025828662716473145,True,True,prototype,prototype,,34.249338799991534,5.049338799991546,121.16083400002253,-145.75066120000847,174.95066120000845,,RuntimeError: ModuleNotFoundError: No module named 'nvdiffrast',RuntimeError: ModuleNotFoundError: No module named 'nvdiffrast',98.27909100000001,254508.1096845165,3364610.1983116763,29.804448000000008
000065.jpg,254508.14779345438,3364609.734287751,98.712,29.19999999999999,254509.25475385156,3364608.0440785135,100.255,26.700466000000006,254509.52943506156,3364605.909745137,100.43804270680994,-155.7942199016027,temporal_predicted,2.020437721659263,4.0664554263749855,1.4105674131688295,1.5429999999999922,1.7260427068099347,0.4285019999999946,2.499533999999983,175.00578009839728,0.6044480000000192,0.9911785125732422,1.0500507354736328,,0.8294554234105338,0.8151301081999464,,0.004780674430852135,0.00770730044071873,-0.0029266260098665953,True,True,prototype,prototype,,24.205780098397298,4.9942199016026905,120.49754200000962,-155.7942199016027,175.00578009839728,,RuntimeError: ModuleNotFoundError: No module named 'nvdiffrast',RuntimeError: ModuleNotFoundError: No module named 'nvdiffrast',98.28349800000001,254508.59754451716,3364611.0712336767,29.804448000000008
000066.jpg,254508.6356512916,3364610.6072064326,98.912,29.19999999999999,254510.14593470003,3364610.5586843425,97.718,31.63889900000001,254509.0140371733,3364609.0109926625,98.00460703484714,-145.92871077680402,temporal_predicted,1.5110626615027245,1.6404494126048619,1.4105712474323269,1.1940000000000026,0.9073929651528658,0.4283569999999912,2.4388990000000206,175.128710776804,0.6044480000000192,0.9662997722625732,0.9842051863670349,,0.8309044686336293,0.8246562589515898,,0.00487221940420568,0.007638025563210249,-0.002765806159004569,True,True,prototype,prototype,,34.071289223195976,4.871289223195987,113.51748600003475,-145.92871077680402,175.128710776804,,RuntimeError: ModuleNotFoundError: No module named 'nvdiffrast',RuntimeError: ModuleNotFoundError: No module named 'nvdiffrast',98.48364300000001,254509.0854045172,3364611.9441556763,29.804448000000008
000067.jpg,254509.12351866785,3364611.480124913,99.093,29.19999999999999,254510.16717395943,3364607.979734102,99.694,28.336798999999985,254511.9838062321,3364604.790793894,99.75288769043982,-152.52717338585813,temporal_predicted,3.652663712946468,7.27519033675109,1.4105722320733292,0.6009999999999991,0.6598876904398168,0.4284749999999917,0.8632010000000037,178.27282661414188,0.6044480000000192,0.90498286485672,0.9916260242462158,,0.8599214180311839,0.8266396430031824,,0.00296865306639423,0.0053638437918076915,-0.0023951907254134617,True,True,prototype,prototype,,27.472826614141866,1.7271733858581229,112.13412799997968,-152.52717338585813,178.27282661414188,,RuntimeError: ModuleNotFoundError: No module named 'nvdiffrast',RuntimeError: ModuleNotFoundError: No module named 'nvdiffrast',98.66452500000001,254509.57326451805,3364612.8170776768,29.804448000000008
000068.jpg,254509.61137661187,3364612.3530547153,99.234,29.19999999999999,254503.9030082926,3364610.2863399507,99.498,30.471406,254508.3873142708,3364613.979709113,99.57431411277503,-148.2583378602985,temporal_predicted,6.070978404380088,2.0357635285931193,1.4105654927406477,0.26400000000001,0.3403141127750331,0.42777599999998017,1.2714060000000131,177.45833786029849,0.6044480000000192,0.9850740432739258,0.9726760983467102,,0.8258339729059203,0.8309743516518822,,0.004238460096530616,0.004824630528067549,-0.0005861704315369325,True,True,prototype,prototype,,31.741662139701504,2.541662139701515,127.63226399999894,-148.2583378602985,177.45833786029849,,RuntimeError: ModuleNotFoundError: No module named 'nvdiffrast',RuntimeError: ModuleNotFoundError: No module named 'nvdiffrast',98.80622400000001,254510.0611245183,3364613.689999677,29.804448000000008
000069.jpg,254510.09923423218,3364613.225973449,99.111,29.19999999999999,254510.59593040636,3364613.3614717303,99.581,28.778048000000013,254509.83417491234,3364612.855202048,99.87709031812847,-151.64379293074214,init,0.5148464563544212,0.45577173553153305,0.5148464563544212,0.46999999999999886,0.7660903181284624,0.46999999999999886,0.4219519999999761,179.1562070692579,0.4219519999999761,0.7119081020355225,0.8397977352142334,,0.9386076744895944,0.8840387136162037,,0.0008123324660118669,0.0017421457741875201,-0.0009298133081756532,False,True,prototype,prototype,,28.356207069257863,0.8437929307421257,116.8392600000061,-151.64379293074214,179.1562070692579,,RuntimeError: ModuleNotFoundError: No module named 'nvdiffrast',RuntimeError: ModuleNotFoundError: No module named 'nvdiffrast',99.581,254510.59593040636,3364613.3614717303,28.778048000000013
000070.jpg,254510.58709177902,3364614.0988922003,98.932,29.19999999999999,254514.11795562058,3364614.5448238812,99.226,30.281598000000002,254511.849419882,3364611.3913277243,99.47713644616306,-148.64319241082558,temporal_predicted,3.5589119870711006,2.9873696843512647,0.5148496785271974,0.29399999999999693,0.5451364461630561,0.4693230000000028,1.0815980000000138,177.84319241082557,0.4219519999999761,0.9426968693733215,0.9605630040168762,,0.8366894777279468,0.8352064609502028,,0.00322723132558167,0.004410721594467759,-0.0011834902688860893,True,True,prototype,prototype,,31.356807589174423,2.1568075891744343,126.73155699997096,-148.64319241082558,177.84319241082557,,RuntimeError: ModuleNotFoundError: No module named 'nvdiffrast',RuntimeError: ModuleNotFoundError: No module named 'nvdiffrast',99.401323,254511.08379040667,3364614.2343937308,28.778048000000013
000071.jpg,254511.07494950615,3364614.9718220565,98.872,29.19999999999999,254507.9034518324,3364612.8441378423,100.401,29.87061700000001,254511.1847763094,3364614.2163590067,100.75457116123289,-149.45782075802342,temporal_predicted,3.8190885836541297,0.7634044447399133,0.5148498044806463,1.5289999999999964,1.8825711612328888,0.4696350000000109,0.6706170000000213,178.6578207580234,0.4219519999999761,0.9533565640449524,0.9036427736282349,,0.8352382658545324,0.8585632389824436,,0.0028620795346796513,0.0027113468192207315,0.00015073271545891975,True,True,prototype,prototype,,30.542179241976584,1.342179241976595,124.05246800000214,-149.45782075802342,178.6578207580234,,RuntimeError: ModuleNotFoundError: No module named 'nvdiffrast',RuntimeError: ModuleNotFoundError: No module named 'nvdiffrast',99.34163500000001,254511.57165040774,3364615.10731573,28.778048000000013
000072.jpg,254511.56281652206,3364615.844740627,98.944,29.19999999999999,254510.71496848,3364616.8691949225,98.462,29.75713300000001,254509.99754791244,3364617.7423500246,98.85401656944305,-149.6877998228509,temporal_predicted,1.3297943097600868,2.459875453502856,0.5148439390411659,0.4819999999999993,0.08998343055695557,0.46932100000000787,0.5571330000000216,178.8877998228509,0.4219519999999761,0.7736610770225525,0.8864362835884094,,0.9147872816838334,0.8650067174205105,,0.0013461560107922803,0.0026091637943560877,-0.0012630077835638074,True,True,prototype,prototype,,30.312200177149094,1.1122001771491057,138.5541119999516,-149.6877998228509,178.8877998228509,,RuntimeError: ModuleNotFoundError: No module named 'nvdiffrast',RuntimeError: ModuleNotFoundError: No module named 'nvdiffrast',99.41332100000001,254512.05951040832,3364615.98023773,28.778048000000013
000073.jpg,254512.05067385323,3364616.717659431,106.201,29.19999999999999,254510.0530599298,3364617.545716725,104.624,31.86184,254509.64645395492,3364619.665405218,104.59645504597574,-145.47667883500478,init,2.162438500588091,3.803876778245704,2.162438500588091,1.5769999999999982,1.6045449540242487,1.5769999999999982,2.661840000000012,174.67667883500476,2.661840000000012,0.9718809127807617,1.0128599405288696,,0.8323553615513972,0.8186160506637089,,0.00496860903998216,0.007957583914200464,-0.0029889748742183047,False,True,prototype,prototype,,34.523321164995224,5.323321164995235,113.9691150000317,-145.47667883500478,174.67667883500476,,RuntimeError: ModuleNotFoundError: No module named 'nvdiffrast',RuntimeError: ModuleNotFoundError: No module named 'nvdiffrast',104.624,254510.0530599298,3364617.545716725,31.86184
000074.jpg,254512.53853136222,3364617.5905893403,106.466,29.19999999999999,254510.99966365195,3364612.846860645,106.243,28.458008000000007,254515.69670323606,3364611.2233964805,106.24199434369802,-152.2826193424872,init,4.987090912109113,7.107404202523748,4.987090912109113,0.22299999999999898,0.22400565630196922,0.22299999999999898,0.741991999999982,178.51738065751283,0.741991999999982,0.9712345600128174,0.9990888833999634,,0.8283305589861999,0.8221196012099733,,0.0038890216189126172,0.005176273795465629,-0.0012872521765530114,False,True,prototype,prototype,,27.71738065751279,1.4826193424871974,112.03344900002321,-152.2826193424872,178.51738065751283,,RuntimeError: ModuleNotFoundError: No module named 'nvdiffrast',RuntimeError: ModuleNotFoundError: No module named 'nvdiffrast',106.243,254510.99966365195,3364612.846860645,28.458008000000007
000075.jpg,254513.02638854878,3364618.4635081813,106.69,29.19999999999999,254513.48358482402,3364615.0277581275,107.088,36.447135,254516.21569089746,3364613.2543508313,107.46819736529142,-136.3158641775657,temporal_predicted,3.4660361893373532,6.107943170038105,4.987087039384736,0.39799999999999613,0.7781973652914189,0.22314500000000237,7.247135000000014,165.51586417756567,0.741991999999982,1.00564706325531,1.0201905965805054,,0.8185524245458446,0.8162280074381347,,0.00929503965501984,0.011206484710176786,-0.0019114450551569462,True,True,prototype,prototype,,43.684135822434314,14.484135822434325,109.97794399997929,-136.3158641775657,165.51586417756567,,RuntimeError: ModuleNotFoundError: No module named 'nvdiffrast',RuntimeError: ModuleNotFoundError: No module named 'nvdiffrast',106.466855,254511.48752365238,3364613.7197826444,28.458008000000007
000076.jpg,254513.51425527554,3364619.336426822,106.938,29.19999999999999,254509.6782479821,3364620.349573616,106.627,29.585217,254510.43185805084,3364623.930793616,106.58971785567701,-150.02956564591406,init,3.967545636953788,5.532574345504428,3.967545636953788,0.31100000000000705,0.34828214432299376,0.31100000000000705,0.38521700000001147,179.22956564591405,0.38521700000001147,0.9408407807350159,0.9703361392021179,,0.838837304628326,0.8317263994582168,,0.0027354552876204252,0.003943655562276642,-0.0012082002746562166,False,True,prototype,prototype,,29.97043435408594,0.7704343540859497,110.49506099999462,-150.02956564591406,179.22956564591405,,RuntimeError: ModuleNotFoundError: No module named 'nvdiffrast',RuntimeError: ModuleNotFoundError: No module named 'nvdiffrast',106.627,254509.6782479821,3364620.349573616,29.585217
000077.jpg,254514.00211231748,3364620.2093456965,107.183,29.19999999999999,254508.56668620012,3364616.756323733,107.643,29.123164000000003,254514.15348689986,3364619.154268845,107.66722519416362,-150.95354786891565,temporal_predicted,6.439504465275706,1.0658805874865587,3.9675435744232104,0.45999999999999375,0.48422519416361354,0.31069400000001224,0.07683599999998592,179.84645213108433,0.38521700000001147,0.98265141248703,0.7386658787727356,,0.833261679564345,0.9459372312983663,,0.004165916936472058,0.0007540705458571514,0.003411846390614907,True,True,prototype,prototype,,29.04645213108435,0.15354786891563776,109.44215500001064,-150.95354786891565,179.84645213108433,,RuntimeError: ModuleNotFoundError: No module named 'nvdiffrast',RuntimeError: ModuleNotFoundError: No module named 'nvdiffrast',106.872306,254510.1661079828,3364621.222495616,29.585217
000078.jpg,254514.4899695374,3364621.0822756784,107.352,29.19999999999999,254519.39568650533,3364618.9678782835,107.526,35.026242999999994,254519.10153803922,3364613.3160391185,107.84384526498616,-139.1501127498268,init,5.341978595359967,9.032219790961284,5.341978595359967,0.17399999999999238,0.49184526498615355,0.17399999999999238,5.826243000000005,168.3501127498268,5.826243000000005,1.0263375043869019,1.0251853466033936,,0.8174588927981619,0.8148380842966899,,0.00846239629512032,0.010720383996764818,-0.002257987701644499,False,True,prototype,prototype,,40.8498872501732,11.649887250173208,107.51265499999363,-139.1501127498268,168.3501127498268,,RuntimeError: ModuleNotFoundError: No module named 'nvdiffrast',RuntimeError: ModuleNotFoundError: No module named 'nvdiffrast',107.526,254519.39568650533,3364618.9678782835,35.026242999999994
000079.jpg,254514.97782643588,3364621.9551945888,107.516,29.19999999999999,254512.68114691807,3364619.2436964037,107.48,29.110874999999993,254515.9830535777,3364619.3904133444,107.57648226246238,-150.97609117522504,init,3.5534432899799873,2.75473854261111,3.5534432899799873,0.036000000000001364,0.060482262462372205,0.036000000000001364,0.08912499999999568,179.823908824775,0.08912499999999568,0.9298014044761658,0.8824454545974731,,0.8498347463716052,0.8635220577669205,,0.00259142933646217,0.002038065062758202,0.0005533642737039677,False,True,prototype,prototype,,29.023908824774963,0.17609117522502515,124.81662099997948,-150.97609117522504,179.823908824775,,RuntimeError: ModuleNotFoundError: No module named 'nvdiffrast',RuntimeError: ModuleNotFoundError: No module named 'nvdiffrast',107.48,254512.68114691807,3364619.2436964037,29.110874999999993
000080.jpg,254515.46569287233,3364622.8281133007,107.625,29.19999999999999,254517.99818890498,3364623.2168479743,106.869,29.62284299999999,254515.99269731413,3364621.1349677453,107.21521250531077,-149.95307286555143,init,2.562157450642094,1.7732669154969982,2.562157450642094,0.7560000000000002,0.40978749468922615,0.7560000000000002,0.4228430000000003,179.15307286555142,0.4228430000000003,0.9006134867668152,0.8576589822769165,,0.85607691203903,0.8787666810159277,,0.001967618823982775,0.001943146208456407,2.447261552636815e-05,False,True,prototype,prototype,,30.046927134448566,0.8469271344485776,110.04823900003657,-149.95307286555143,179.15307286555142,,RuntimeError: ModuleNotFoundError: No module named 'nvdiffrast',RuntimeError: ModuleNotFoundError: No module named 'nvdiffrast',106.869,254517.99818890498,3364623.2168479743,29.62284299999999
000081.jpg,254515.95354987658,3364623.701043335,107.699,29.19999999999999,254523.86934244988,3364627.516360666,104.917,28.915965999999997,254515.95253849597,3364622.5513135637,105.20418254192919,-151.36553247398118,init,8.787287317620725,1.1497302159134504,8.787287317620725,2.7819999999999965,2.4948174580708127,2.7819999999999965,0.28403399999999124,179.4344675260188,0.28403399999999124,0.9718449115753174,0.8001953959465027,,0.8338935774567301,0.9035724502932342,,0.0053774453699588776,0.0013766732687751453,0.004000772101183732,False,True,prototype,prototype,,28.634467526018824,0.5655324739811647,113.84961099997781,-151.36553247398118,179.4344675260188,,RuntimeError: ModuleNotFoundError: No module named 'nvdiffrast',RuntimeError: ModuleNotFoundError: No module named 'nvdiffrast',104.917,254523.86934244988,3364627.516360666,28.915965999999997
000082.jpg,254516.44140655696,3364624.5739622987,107.742,29.19999999999999,254513.8161415884,3364626.4407482594,107.569,33.065391000000005,254512.99982799817,3364629.1970059327,107.95670120418072,-143.07981913895415,init,3.2213205333053527,5.763418726604788,3.2213205333053527,0.17300000000000182,0.21470120418071303,0.17300000000000182,3.8653910000000167,172.27981913895414,3.8653910000000167,1.0078002214431763,1.057157278060913,,0.8235758075502815,0.8121571720503352,,0.006728986433396737,0.00940798114364346,-0.002678994710246722,False,True,prototype,prototype,,36.92018086104585,7.720180861045861,116.34068099999695,-143.07981913895415,172.27981913895414,,RuntimeError: ModuleNotFoundError: No module named 'nvdiffrast',RuntimeError: ModuleNotFoundError: No module named 'nvdiffrast',107.569,254513.8161415884,3364626.4407482594,33.065391000000005
000083.jpg,254516.92927277644,3364625.4468810637,107.725,29.19999999999999,254519.72297610994,3364628.1180878044,107.911,29.119405,254515.4581750279,3364627.087537512,108.18824307620525,-150.9559577406247,refined_freeze_alt_corrected_yaw,3.8652456282868726,2.2036066272332246,2.2036066272332246,0.18600000000000705,0.4632430762052593,0.18600000000000705,0.0805949999999882,179.84404225937533,0.15595774062470014,0.9391739964485168,0.8273887634277344,,0.8374711368070596,0.8753110064975747,,0.0026913417192796865,0.0016455072133491437,0.0010458345059305427,True,True,prototype,prototype,,29.04404225937529,0.15595774062470014,108.42016899999862,-150.9559577406247,179.84404225937533,,RuntimeError: ModuleNotFoundError: No module named 'nvdiffrast',RuntimeError: ModuleNotFoundError: No module named 'nvdiffrast',107.911,254515.4581750279,3364627.087537512,29.04404225937529
000084.jpg,254517.41712931352,3364626.319800064,107.706,29.19999999999999,254518.4376644952,3364630.205640848,108.24,28.497735000000006,254514.30808376215,3364631.4694354446,108.28827733080834,-152.21621979904813,temporal_predicted,4.017617534597836,6.015389330173804,2.203606548553758,0.5339999999999918,0.5822773308083384,0.18632800000000316,0.7022649999999828,178.58378020095188,0.15595774062470014,0.9338825345039368,0.9661827683448792,,0.8423102464238922,0.8324389324622646,,0.0030806627861844995,0.004481645145763953,-0.0014009823595794537,True,True,prototype,prototype,,27.783780200951867,1.4162197990481218,106.92024899998387,-152.21621979904813,178.58378020095188,,RuntimeError: ModuleNotFoundError: No module named 'nvdiffrast',RuntimeError: ModuleNotFoundError: No module named 'nvdiffrast',107.892328,254515.94603502785,3364627.9604595117,29.04404225937529
000085.jpg,254517.90498602737,3364627.1927301683,107.568,29.19999999999999,254521.7302468302,3364627.7690560403,107.49,27.617245999999994,254518.46400819047,3364624.700646028,107.85291844420135,-153.97175703759808,temporal_predicted,3.868432721461126,2.5540143190255034,2.203598320334246,0.07800000000000296,0.28491844420135237,0.1860850000000056,1.5827539999999942,176.82824296240193,0.15595774062470014,0.9515025615692139,1.0149414539337158,,0.8396501457725948,0.8231652449339524,,0.0036288497503846884,0.00597048473233978,-0.0023416349819550914,True,True,prototype,prototype,,26.02824296240192,3.17175703759807,120.7157150000171,-153.97175703759808,176.82824296240193,,RuntimeError: ModuleNotFoundError: No module named 'nvdiffrast',RuntimeError: ModuleNotFoundError: No module named 'nvdiffrast',107.754085,254516.43389502855,3364628.8333815117,29.04404225937529
000086.jpg,254518.39285203,3364628.065648987,107.419,29.19999999999999,254516.69486906493,3364626.157512979,104.627,31.23369199999999,254518.83328772098,3364626.52426999,104.90059345774353,-146.730898542119,init,2.5542374936715295,1.6030698081078991,2.5542374936715295,2.7920000000000016,2.5184065422564714,2.7920000000000016,2.033692000000002,175.930898542119,2.033692000000002,0.9633691310882568,1.0114657878875732,,0.8349875930521092,0.8195598230661344,,0.004122658011813958,0.007073345128446817,-0.002950687116632859,False,True,prototype,prototype,,33.26910145788099,4.069101457881004,120.04908300002626,-146.730898542119,175.930898542119,,RuntimeError: ModuleNotFoundError: No module named 'nvdiffrast',RuntimeError: ModuleNotFoundError: No module named 'nvdiffrast',104.627,254516.69486906493,3364626.157512979,31.23369199999999
000087.jpg,254518.88070835016,3364628.9385680403,107.277,29.19999999999999,254520.58013813235,3364628.2957548373,108.323,30.075975999999997,254519.8100154711,3364626.0113905864,108.74909560289234,-149.04875414138354,init,1.8169398444817435,3.071152808234709,1.8169398444817435,1.0459999999999923,1.4720956028923382,1.0459999999999923,0.8759760000000085,178.24875414138353,0.8759760000000085,0.8681350946426392,0.9330829381942749,,0.8713724088634739,0.8433523945675483,,0.002100521970229844,0.0038032690451170006,-0.0017027470748871565,False,True,prototype,prototype,,30.95124585861646,1.7512458586164712,126.5765869999882,-149.04875414138354,178.24875414138353,,RuntimeError: ModuleNotFoundError: No module named 'nvdiffrast',RuntimeError: ModuleNotFoundError: No module named 'nvdiffrast',108.323,254520.58013813235,3364628.2957548373,30.075975999999997
000088.jpg,254519.3685648471,3364629.811498198,107.08,29.19999999999999,254520.48326827053,3364622.3872068333,106.847,30.264377999999994,254525.89493959167,3364617.316368612,107.30795255862176,-148.6704774321909,temporal_predicted,7.507507308845879,14.096873081731545,1.8169460083942437,0.2330000000000041,0.2279525586217659,1.0467450000000014,1.064378000000005,177.87047743219088,0.8759760000000085,0.9828149080276489,0.993071436882019,,0.8265693956588309,0.8253264883364856,,0.005308452683190505,0.006903452333062887,-0.0015949996498723822,True,True,prototype,prototype,,31.329522567809107,2.1295225678091185,127.53817899999831,-148.6704774321909,177.87047743219088,,RuntimeError: ModuleNotFoundError: No module named 'nvdiffrast',RuntimeError: ModuleNotFoundError: No module named 'nvdiffrast',108.126745,254521.06799813366,3364629.1686768373,30.075975999999997
000089.jpg,254519.85643063276,3364630.684417068,106.867,29.19999999999999,254524.68548927052,3364636.205301124,108.293,26.876780999999994,254517.10324932964,3364635.7152591255,108.30248698499054,-155.44683046814785,temporal_predicted,7.334846152980117,5.734926250150823,1.8169394888075492,1.426000000000002,1.4354869849905327,1.046416999999991,2.3232189999999946,175.35316953185213,0.8759760000000085,1.0128912925720215,1.0331312417984009,,0.8224728787987643,0.8174437818808823,,0.005972973847140868,0.007270742207765579,-0.001297768360624711,True,True,prototype,prototype,,24.55316953185215,4.64683046814784,113.74333600002728,-155.44683046814785,175.35316953185213,,RuntimeError: ModuleNotFoundError: No module named 'nvdiffrast',RuntimeError: ModuleNotFoundError: No module named 'nvdiffrast',107.913417,254521.5558581331,3364630.041598838,30.075975999999997
000090.jpg,254520.34428673607,3364631.5573361763,106.611,29.19999999999999,254513.7512759876,3364633.2687469604,106.638,31.125107000000014,254515.073741221,3364639.772200742,106.96472115255892,-146.95309197502596,init,6.811513605774411,9.760258698237337,6.811513605774411,0.027000000000001023,0.35372115255891856,0.027000000000001023,1.9251070000000254,176.15309197502594,1.9251070000000254,0.9879341721534729,1.0532407760620117,,0.8298901020480982,0.8103368300863484,,0.004674178082495928,0.006980733635524909,-0.002306555553028981,False,True,prototype,prototype,,33.046908024974044,3.8469080249740557,119.98786099997005,-146.95309197502596,176.15309197502594,,RuntimeError: ModuleNotFoundError: No module named 'nvdiffrast',RuntimeError: ModuleNotFoundError: No module named 'nvdiffrast',106.638,254513.7512759876,3364633.2687469604,31.125107000000014
000091.jpg,254520.8321427658,3364632.4302552994,106.354,29.19999999999999,254520.45449511916,3364633.0895229126,104.854,30.096019000000013,254519.92308557886,3364633.6300462107,104.89794061798602,-149.0086820731388,init,0.7597707093780388,1.5052850892556924,0.7597707093780388,1.5,1.4560593820139758,1.5,0.8960190000000239,178.2086820731388,0.8960190000000239,0.85982346534729,0.9517691135406494,,0.8797662370256171,0.8420845060323038,,0.0019022880005650222,0.00368306552991271,-0.001780777529347688,False,True,prototype,prototype,,30.9913179268612,1.7913179268612112,119.98107200003005,-149.0086820731388,178.2086820731388,,RuntimeError: ModuleNotFoundError: No module named 'nvdiffrast',RuntimeError: ModuleNotFoundError: No module named 'nvdiffrast',104.854,254520.45449511916,3364633.0895229126,30.096019000000013
000092.jpg,254521.32000858616,3364633.3031853116,106.054,29.19999999999999,254519.98531239422,3364634.3531368845,106.513,28.965555999999992,254519.73191939015,3364635.690661223,107.10478409565985,-151.26319076965822,init,1.6981790925085674,2.8674149547308385,1.6981790925085674,0.4590000000000032,1.05078409565985,0.4590000000000032,0.23444399999999632,179.53680923034176,0.23444399999999632,0.8119949698448181,0.856736421585083,,0.9051874181335343,0.87719581561429,,0.0011850738083012402,0.001988755898006881,-0.0008036820897056409,False,True,prototype,prototype,,28.736809230341777,0.4631907696582118,109.54269699999486,-151.26319076965822,179.53680923034176,,RuntimeError: ModuleNotFoundError: No module named 'nvdiffrast',RuntimeError: ModuleNotFoundError: No module named 'nvdiffrast',106.513,254519.98531239422,3364634.3531368845,28.965555999999992
000093.jpg,254521.80786447128,3364634.176104471,105.768,29.19999999999999,254522.75826978098,3364634.135284934,106.528,30.203485999999998,254521.9732126511,3364633.079489809,106.72532342281193,-148.79080258191172,temporal_predicted,0.9512814974057557,1.1090102513877043,1.698177614889822,0.7600000000000051,0.9573234228119247,0.4599050000000062,1.0034860000000094,177.9908025819117,0.23444399999999632,0.8850154280662537,0.970686674118042,,0.8668826493880489,0.8321634269258459,,0.0021509220047543445,0.004046710324473679,-0.0018957883197193346,True,True,prototype,prototype,,31.20919741808828,2.0091974180882914,113.30722799999648,-148.79080258191172,177.9908025819117,,RuntimeError: ModuleNotFoundError: No module named 'nvdiffrast',RuntimeError: ModuleNotFoundError: No module named 'nvdiffrast',106.227905,254520.47317239427,3364635.226058885,28.965555999999992
000094.jpg,254522.29572989547,3364635.0490234317,105.998,29.19999999999999,254520.65407272658,3364633.28531603,107.742,28.996808999999985,254522.80606093345,3364633.3023652337,108.09982442390174,-151.20820774059533,temporal_predicted,2.40950245050013,1.8196847609430202,1.6981837570040164,1.7439999999999998,2.101824423901732,0.4598749999999967,0.2031910000000039,179.59179225940466,0.23444399999999632,0.8616557121276855,0.8228952884674072,,0.8680679062247373,0.8943142010239827,,0.001729663412940378,0.0014861808546508353,0.0002434825582895428,True,True,prototype,prototype,,28.791792259404673,0.4082077405953157,111.54429300000857,-151.20820774059533,179.59179225940466,,RuntimeError: ModuleNotFoundError: No module named 'nvdiffrast',RuntimeError: ModuleNotFoundError: No module named 'nvdiffrast',106.457875,254520.96103239385,3364636.098980884,28.965555999999992
000095.jpg,254522.78358563737,3364635.921942627,106.513,29.19999999999999,254525.75901221222,3364637.102105765,105.949,27.70205200000001,254522.99815937696,3364635.359220284,105.78236959781498,-153.791931415928,temporal_predicted,3.2009292923775057,0.602244406413432,1.698182144502392,0.5640000000000072,0.7306304021850281,0.45961799999999187,1.4979479999999796,177.00806858407202,0.23444399999999632,0.9362887144088745,1.0035269260406494,,0.8434593310904414,0.822643614054657,,0.003372003227317085,0.005701447371393442,-0.002329444144076357,True,True,prototype,prototype,,26.20806858407201,2.9919314159279793,115.39057800001729,-153.791931415928,177.00806858407202,,RuntimeError: ModuleNotFoundError: No module named 'nvdiffrast',RuntimeError: ModuleNotFoundError: No module named 'nvdiffrast',106.972618,254521.4488923941,3364636.9719028845,28.965555999999992
000096.jpg,254523.27144155581,3364636.7948729256,107.023,29.19999999999999,254523.6318235701,3364637.5648355316,107.638,26.666133000000002,254522.62790364126,3364637.470524181,107.43654907215387,-155.8715021891629,temporal_predicted,0.8501279967640029,0.93308395472663,1.6981738049964328,0.6150000000000091,0.41354907215387016,0.4599139999999977,2.5338669999999865,174.92849781083714,0.23444399999999632,1.0017220973968506,1.0426039695739746,,0.8263013008510408,0.8147141906115619,,0.004946117444584767,0.007944939813266197,-0.00299882236868143,True,True,prototype,prototype,,24.128497810837104,5.071502189162885,113.08313199998565,-155.8715021891629,174.92849781083714,,RuntimeError: ModuleNotFoundError: No module named 'nvdiffrast',RuntimeError: ModuleNotFoundError: No module named 'nvdiffrast',107.482914,254521.93675239504,3364637.8448248846,28.965555999999992
000097.jpg,254523.75930676324,3364637.6677919407,107.398,29.19999999999999,254521.9752549637,3364637.3831933797,108.999,24.47964300000001,254523.13204369924,3364638.1921702945,109.19985124561936,-160.24194331249532,temporal_predicted,1.8066093004164898,0.8175766687723627,1.6981797426360155,1.600999999999999,1.8018512456193605,0.45985500000000457,4.720356999999979,170.5580566875047,0.23444399999999632,1.0459191799163818,1.067631483078003,,0.8161917308837595,0.8095143563552363,,0.007754376623779535,0.010036895051598549,-0.0022825184278190136,True,True,prototype,prototype,,19.758056687504677,9.441943312495312,122.12313199995606,-160.24194331249532,170.5580566875047,,RuntimeError: ModuleNotFoundError: No module named 'nvdiffrast',RuntimeError: ModuleNotFoundError: No module named 'nvdiffrast',107.857855,254522.42461239552,3364638.717746884,28.965555999999992
000098.jpg,254524.24716228817,3364638.5407111878,107.332,29.19999999999999,254525.56449762746,3364636.9205742124,107.763,28.216042000000016,254525.81694986706,3364634.509126896,107.86001301091164,-152.76620251608895,temporal_predicted,2.088113075222963,4.326419413796152,1.6981779275892472,0.4310000000000116,0.5280130109116499,0.4592090000000013,0.9839579999999728,178.03379748391103,0.23444399999999632,0.8665876388549805,0.9663634896278381,,0.8732374126564998,0.8364498571967451,,0.0022639925203596554,0.0044581777571390075,-0.002194185236779352,True,True,prototype,prototype,,27.233797483911047,1.9662025160889414,110.94730100001016,-152.76620251608895,178.03379748391103,,RuntimeError: ModuleNotFoundError: No module named 'nvdiffrast',RuntimeError: ModuleNotFoundError: No module named 'nvdiffrast',107.791209,254522.9124723955,3364639.590668884,28.965555999999992
000099.jpg,254524.7350273509,3364639.413630238,106.961,29.19999999999999,254525.82868009683,3364644.1075539007,107.315,30.0668,254521.0430436486,3364645.3263925817,107.2064544018358,-149.06697532746574,temporal_predicted,4.81964684200742,6.970760517569576,1.6981837304096687,0.3539999999999992,0.2454544018358007,0.45922000000000196,0.866800000000012,178.26697532746573,0.23444399999999632,0.9719683527946472,0.9805360436439514,,0.8289400391712936,0.8318149964961458,,0.003736266167834401,0.004914290504530072,-0.001178024336695671,True,True,prototype,prototype,,30.93302467253426,1.7330246725342704,119.48023399997965,-149.06697532746574,178.26697532746573,,RuntimeError: ModuleNotFoundError: No module named 'nvdiffrast',RuntimeError: ModuleNotFoundError: No module named 'nvdiffrast',107.42022,254523.40033239606,3364640.4635908846,28.965555999999992
