frame_id,gt_east,gt_north,gt_alt,gt_yaw,init_east,init_north,init_alt,init_yaw,refined_east,refined_north,refined_alt,refined_yaw,selected_method,init_xy_error_m,refined_xy_error_m,selected_xy_error_m,init_alt_error_m,refined_alt_error_m,selected_alt_error_m,init_yaw_error_deg,refined_yaw_error_deg,selected_yaw_error_deg,init_chamfer,refined_chamfer,gt_chamfer,init_overlap,refined_overlap,gt_overlap,feature_loss_initial,feature_loss_refined,feature_loss_drop,safe_gate_accepted,refine_success,renderer_backend_init,renderer_backend_refined,renderer_backend_gt,corrected_refined_downward_yaw,corrected_yaw_error_deg,raw_refined_yaw,raw_yaw_error_deg,selected_yaw
000000.jpg,,,,29.19999999999999,,,,28.179385999999994,,,,,init,,,,,,,,,1.0206139999999948,,,,,,,,,,,,,,,27.159651985702823,2.040348014297166,-152.84034801429718,177.95965198570286,28.179385999999994
000001.jpg,,,,29.19999999999999,,,,29.087871000000007,,,,,init,,,,,,,,,0.11212899999998172,,,,,,,,,,,,,,,28.97727031319272,0.2227296868072699,-151.02272968680728,179.77727031319273,29.087871000000007
000002.jpg,,,,29.19999999999999,,,,29.007136000000003,,,,,temporal_predicted,,,,,,,,,0.11212899999998172,,,,,,,,,,,,,,,28.81580422708126,0.38419577291872997,-151.18419577291874,179.6158042270813,29.087871000000007
000003.jpg,,,,29.19999999999999,,,,30.12621999999999,,,,,temporal_predicted,,,,,,,,,0.11212899999998172,,,,,,,,,,,,,,,31.052139387061317,1.852139387061328,-148.94786061293868,178.14786061293867,29.087871000000007
000004.jpg,,,,29.19999999999999,,,,30.57139699999999,,,,,temporal_predicted,,,,,,,,,0.11212899999998172,,,,,,,,,,,,,,,31.948255883946757,2.7482558839467686,-148.05174411605324,177.25174411605323,29.087871000000007
000005.jpg,,,,29.19999999999999,,,,27.858868,,,,,temporal_predicted,,,,,,,,,0.11212899999998172,,,,,,,,,,,,,,,26.516304984578028,2.6836950154219608,-153.48369501542197,177.31630498457804,29.087871000000007
000006.jpg,,,,29.19999999999999,,,,26.813594999999992,,,,,temporal_predicted,,,,,,,,,0.11212899999998172,,,,,,,,,,,,,,,24.425283832700643,4.774716167299346,-155.57471616729936,175.22528383270065,29.087871000000007
000007.jpg,,,,29.19999999999999,,,,28.733735999999993,,,,,temporal_predicted,,,,,,,,,0.11212899999998172,,,,,,,,,,,,,,,28.265037723813236,0.9349622761867522,-151.73496227618676,179.06503772381325,29.087871000000007
000008.jpg,,,,29.19999999999999,,,,28.59997899999999,,,,,init,,,,,,,,,0.6000209999999981,,,,,,,,,,,,,,,27.997807956138587,1.2021920438614018,-152.0021920438614,178.79780795613863,28.59997899999999
000009.jpg,,,,29.19999999999999,,,,27.572969,,,,,temporal_predicted,,,,,,,,,0.6000209999999981,,,,,,,,,,,,,,,25.947800433071592,3.2521995669283967,-154.0521995669284,176.74780043307157,28.59997899999999
000010.jpg,,,,29.19999999999999,,,,26.63083800000001,,,,,temporal_predicted,,,,,,,,,0.6000209999999981,,,,,,,,,,,,,,,24.06168691243289,5.138313087567099,-155.9383130875671,174.8616869124329,28.59997899999999
000011.jpg,,,,29.19999999999999,,,,29.452868999999993,,,,,init,,,,,,,,,0.252869000000004,,,,,,,,,,,,,,,29.70739469920497,0.5073946992049798,-150.29260530079503,179.49260530079502,29.452868999999993
000012.jpg,,,,29.19999999999999,,,,30.843849000000006,,,,,init,,,,,,,,,1.6438490000000172,,,,,,,,,,,,,,,32.48534112303389,3.285341123033902,-147.5146588769661,176.7146588769661,30.843849000000006
000013.jpg,,,,29.19999999999999,,,,26.536040000000014,,,,,temporal_predicted,,,,,,,,,1.6438490000000172,,,,,,,,,,,,,,,23.875896698740178,5.324103301259811,-156.12410330125982,174.6758966987402,30.843849000000006
000014.jpg,,,,29.19999999999999,,,,29.894059999999996,,,,,init,,,,,,,,,0.6940600000000074,,,,,,,,,,,,,,,30.590656116467528,1.3906561164675395,-149.40934388353247,178.60934388353246,29.894059999999996
000015.jpg,,,,29.19999999999999,,,,29.16351800000001,,,,,init,,,,,,,,,0.03648199999997814,,,,,,,,,,,,,,,29.123156376781196,0.07684362321879235,-150.8768436232188,179.9231563767812,29.16351800000001
000016.jpg,,,,29.19999999999999,,,,28.990073999999993,,,,,init,,,,,,,,,0.20992599999999584,,,,,,,,,,,,,,,28.773193119874605,0.42680688012538326,-151.2268068801254,179.57319311987465,28.990073999999993
000017.jpg,,,,29.19999999999999,,,,30.410404,,,,,temporal_predicted,,,,,,,,,0.20992599999999584,,,,,,,,,,,,,,,31.626119443224923,2.426119443224934,-148.37388055677508,177.57388055677507,28.990073999999993
000018.jpg,,,,29.19999999999999,,,,32.782351000000006,,,,,temporal_predicted,,,,,,,,,0.20992599999999584,,,,,,,,,,,,,,,36.360302619876194,7.160302619876205,-143.6396973801238,172.8396973801238,28.990073999999993
000019.jpg,,,,29.19999999999999,,,,29.01227800000001,,,,,temporal_predicted,,,,,,,,,0.20992599999999584,,,,,,,,,,,,,,,28.81811802920771,0.3818819707922785,-151.1818819707923,179.61811802920772,28.990073999999993
000020.jpg,,,,29.19999999999999,,,,30.333890999999994,,,,,temporal_predicted,,,,,,,,,0.20992599999999584,,,,,,,,,,,,,,,31.468340124216553,2.2683401242165644,-148.53165987578345,177.73165987578344,28.990073999999993
000021.jpg,,,,29.19999999999999,,,,26.58156600000001,,,,,temporal_predicted,,,,,,,,,0.20992599999999584,,,,,,,,,,,,,,,23.967911221519017,5.232088778480971,-156.03208877848098,174.76791122151906,28.990073999999993
000022.jpg,,,,29.19999999999999,,,,25.643771000000015,,,,,temporal_predicted,,,,,,,,,0.20992599999999584,,,,,,,,,,,,,,,22.09153593456469,7.1084640654352995,-157.9084640654353,172.89153593456467,28.990073999999993
000023.jpg,,,,29.19999999999999,,,,30.04242099999999,,,,,init,,,,,,,,,0.8424210000000016,,,,,,,,,,,,,,,30.885267007738094,1.685267007738105,-149.1147329922619,178.3147329922619,30.04242099999999
000024.jpg,,,,29.19999999999999,,,,28.792519,,,,,init,,,,,,,,,0.40748099999999,,,,,,,,,,,,,,,28.38283077814691,0.8171692218530779,-151.6171692218531,179.18283077814692,28.792519
000025.jpg,,,,29.19999999999999,,,,29.014031999999986,,,,,init,,,,,,,,,0.18596800000000258,,,,,,,,,,,,,,,28.831455291470803,0.3685447085291855,-151.1685447085292,179.63145529147084,29.014031999999986
000026.jpg,,,,29.19999999999999,,,,31.612899,,,,,temporal_predicted,,,,,,,,,0.18596800000000258,,,,,,,,,,,,,,,34.02370244070045,4.823702440700458,-145.97629755929955,175.17629755929954,29.014031999999986
000027.jpg,,,,29.19999999999999,,,,30.260531000000015,,,,,temporal_predicted,,,,,,,,,0.18596800000000258,,,,,,,,,,,,,,,31.31771958425651,2.1177195842565197,-148.6822804157435,177.88228041574348,29.014031999999986
000028.jpg,,,,29.19999999999999,,,,26.304710999999998,,,,,init,,,,,,,,,2.895288999999991,,,,,,,,,,,,,,,23.40815679115269,5.791843208847297,-156.5918432088473,174.2081567911527,26.304710999999998
000029.jpg,,,,29.19999999999999,,,,27.905824999999993,,,,,init,,,,,,,,,1.2941749999999956,,,,,,,,,,,,,,,26.61060597802438,2.5893940219756075,-153.38939402197562,177.41060597802436,27.905824999999993
000030.jpg,,,,29.19999999999999,,,,28.500325000000004,,,,,init,,,,,,,,,0.699674999999985,,,,,,,,,,,,,,,27.795382939951793,1.4046170600481958,-152.2046170600482,178.59538293995183,28.500325000000004
000031.jpg,,,,29.19999999999999,,,,31.03782000000001,,,,,temporal_predicted,,,,,,,,,0.699674999999985,,,,,,,,,,,,,,,32.86710134595799,3.6671013459580024,-147.132898654042,176.332898654042,28.500325000000004
000032.jpg,,,,29.19999999999999,,,,26.300104000000005,,,,,temporal_predicted,,,,,,,,,0.699674999999985,,,,,,,,,,,,,,,23.409679179566723,5.790320820433266,-156.59032082043328,174.2096791795667,28.500325000000004
000033.jpg,,,,29.19999999999999,,,,30.284689000000014,,,,,init,,,,,,,,,1.0846890000000258,,,,,,,,,,,,,,,31.374052057685276,2.1740520576852873,-148.62594794231472,177.8259479423147,30.284689000000014
000034.jpg,,,,29.19999999999999,,,,28.97665699999999,,,,,temporal_predicted,,,,,,,,,1.0846890000000258,,,,,,,,,,,,,,,28.75418550984506,0.44581449015493035,-151.24581449015494,179.55418550984507,30.284689000000014
000035.jpg,,,,29.19999999999999,,,,26.940341999999987,,,,,temporal_predicted,,,,,,,,,1.0846890000000258,,,,,,,,,,,,,,,24.672291939441862,4.527708060558126,-155.32770806055814,175.4722919394419,30.284689000000014
000036.jpg,,,,29.19999999999999,,,,28.52221800000001,,,,,init,,,,,,,,,0.6777819999999792,,,,,,,,,,,,,,,27.847350146980403,1.3526498530195852,-152.1526498530196,178.64735014698044,28.52221800000001
000037.jpg,,,,29.19999999999999,,,,31.36895100000001,,,,,temporal_predicted,,,,,,,,,0.6777819999999792,,,,,,,,,,,,,,,33.53676835780769,4.336768357807699,-146.4632316421923,175.6632316421923,28.52221800000001
000038.jpg,,,,29.19999999999999,,,,33.221194999999994,,,,,temporal_predicted,,,,,,,,,0.6777819999999792,,,,,,,,,,,,,,,37.2408906147821,8.040890614782114,-142.7591093852179,171.9591093852179,28.52221800000001
000039.jpg,,,,29.19999999999999,,,,27.56383299999999,,,,,temporal_predicted,,,,,,,,,0.6777819999999792,,,,,,,,,,,,,,,25.927516178656163,3.272483821343826,-154.07248382134384,176.72751617865617,28.52221800000001
000040.jpg,,,,29.19999999999999,,,,30.283804000000003,,,,,temporal_predicted,,,,,,,,,0.6777819999999792,,,,,,,,,,,,,,,31.372462474134295,2.1724624741343064,-148.6275375258657,177.8275375258657,28.52221800000001
000041.jpg,,,,29.19999999999999,,,,28.86919800000001,,,,,refined_freeze_alt_init_yaw,,,,,,,,,0.33080199999997717,,,,,,,,,,,,,,,28.5387363232295,0.6612636767704885,-151.4612636767705,179.3387363232295,28.86919800000001
000042.jpg,,,,29.19999999999999,,,,30.43704199999999,,,,,temporal_predicted,,,,,,,,,0.33080199999997717,,,,,,,,,,,,,,,31.67422635866788,2.4742263586678916,-148.32577364133212,177.5257736413321,28.86919800000001
000043.jpg,,,,29.19999999999999,,,,29.38589300000001,,,,,temporal_predicted,,,,,,,,,0.33080199999997717,,,,,,,,,,,,,,,29.566949031221128,0.3669490312211394,-150.43305096877887,179.63305096877886,28.86919800000001
000044.jpg,,,,29.19999999999999,,,,29.975974000000008,,,,,temporal_predicted,,,,,,,,,0.33080199999997717,,,,,,,,,,,,,,,30.755885358265544,1.5558853582655559,-149.24411464173446,178.44411464173444,28.86919800000001
000045.jpg,,,,29.19999999999999,,,,30.975558000000007,,,,,temporal_predicted,,,,,,,,,0.33080199999997717,,,,,,,,,,,,,,,32.75039384851786,3.5503938485178708,-147.24960615148214,176.44960615148213,28.86919800000001
000046.jpg,,,,29.19999999999999,,,,28.073230999999993,,,,,temporal_predicted,,,,,,,,,0.33080199999997717,,,,,,,,,,,,,,,26.942576244232527,2.257423755767462,-153.05742375576747,177.7425762442325,28.86919800000001
000047.jpg,,,,29.19999999999999,,,,27.50839400000001,,,,,temporal_predicted,,,,,,,,,0.33080199999997717,,,,,,,,,,,,,,,25.8190165161231,3.3809834838768893,-154.1809834838769,176.6190165161231,28.86919800000001
000048.jpg,,,,29.19999999999999,,,,29.216755000000006,,,,,temporal_predicted,,,,,,,,,0.33080199999997717,,,,,,,,,,,,,,,29.232034181141245,0.03203418114125611,-150.76796581885876,179.96796581885874,28.86919800000001
000049.jpg,,,,29.19999999999999,,,,30.157505000000015,,,,,temporal_predicted,,,,,,,,,0.33080199999997717,,,,,,,,,,,,,,,31.11901980345698,1.9190198034569903,-148.88098019654302,178.080980196543,28.86919800000001
000050.jpg,,,,29.19999999999999,,,,31.194344,,,,,temporal_predicted,,,,,,,,,0.33080199999997717,,,,,,,,,,,,,,,33.19529352953853,3.995293529538543,-146.80470647046147,176.00470647046146,28.86919800000001
000051.jpg,,,,29.19999999999999,,,,29.52180899999999,,,,,refined_freeze_alt_init_yaw,,,,,,,,,0.3218090000000018,,,,,,,,,,,,,,,29.83696720057378,0.6369672005737925,-150.16303279942622,179.3630327994262,29.52180899999999
000052.jpg,,,,29.19999999999999,,,,27.31723199999999,,,,,temporal_predicted,,,,,,,,,0.3218090000000018,,,,,,,,,,,,,,,25.43743138701899,3.762568612980999,-154.562568612981,176.237431387019,29.52180899999999
000053.jpg,,,,29.19999999999999,,,,29.930498,,,,,init,,,,,,,,,0.7304980000000114,,,,,,,,,,,,,,,30.660949002739954,1.4609490027399659,-149.33905099726005,178.53905099726003,29.930498
000054.jpg,,,,29.19999999999999,,,,30.596118999999987,,,,,temporal_predicted,,,,,,,,,0.7304980000000114,,,,,,,,,,,,,,,31.98440179873805,2.7844017987380596,-148.01559820126195,177.21559820126194,29.930498
000055.jpg,,,,29.19999999999999,,,,24.565563999999995,,,,,temporal_predicted,,,,,,,,,0.7304980000000114,,,,,,,,,,,,,,,19.931977335710457,9.268022664289532,-160.06802266428954,170.73197733571044,29.930498
000056.jpg,,,,29.19999999999999,,,,26.251218999999992,,,,,temporal_predicted,,,,,,,,,0.7304980000000114,,,,,,,,,,,,,,,23.300989097949667,5.899010902050321,-156.69901090205033,174.10098909794965,29.930498
000057.jpg,,,,29.19999999999999,,,,32.532083,,,,,temporal_predicted,,,,,,,,,0.7304980000000114,,,,,,,,,,,,,,,35.857341546126236,6.657341546126247,-144.14265845387376,173.34265845387375,29.930498
000058.jpg,,,,29.19999999999999,,,,25.37605400000001,,,,,temporal_predicted,,,,,,,,,0.7304980000000114,,,,,,,,,,,,,,,21.55110952567827,7.648890474321718,-158.44889047432173,172.35110952567828,29.930498
000059.jpg,,,,29.19999999999999,,,,29.804448000000008,,,,,init,,,,,,,,,0.6044480000000192,,,,,,,,,,,,,,,30.40203284353109,1.2020328435311,-149.5979671564689,178.7979671564689,29.804448000000008
000060.jpg,,,,29.19999999999999,,,,28.757492000000013,,,,,temporal_predicted,,,,,,,,,0.6044480000000192,,,,,,,,,,,,,,,28.311416325585554,0.8885836744144342,-151.68858367441445,179.11141632558554,29.804448000000008
000061.jpg,,,,29.19999999999999,,,,32.651178000000016,,,,,temporal_predicted,,,,,,,,,0.6044480000000192,,,,,,,,,,,,,,,36.098245890922186,6.8982458909221975,-143.9017541090778,173.1017541090778,29.804448000000008
000062.jpg,,,,29.19999999999999,,,,30.62631300000001,,,,,temporal_predicted,,,,,,,,,0.6044480000000192,,,,,,,,,,,,,,,32.05394900245801,2.853949002458023,-147.946050997542,177.14605099754198,29.804448000000008
000063.jpg,,,,29.19999999999999,,,,33.248964,,,,,temporal_predicted,,,,,,,,,0.6044480000000192,,,,,,,,,,,,,,,37.29790536652948,8.097905366529488,-142.70209463347052,171.9020946334705,29.804448000000008
000064.jpg,,,,29.19999999999999,,,,31.724761,,,,,temporal_predicted,,,,,,,,,0.6044480000000192,,,,,,,,,,,,,,,34.249338799991534,5.049338799991546,-145.75066120000847,174.95066120000845,29.804448000000008
000065.jpg,,,,29.19999999999999,,,,26.700466000000006,,,,,temporal_predicted,,,,,,,,,0.6044480000000192,,,,,,,,,,,,,,,24.205780098397298,4.9942199016026905,-155.7942199016027,175.00578009839728,29.804448000000008
000066.jpg,,,,29.19999999999999,,,,31.63889900000001,,,,,temporal_predicted,,,,,,,,,0.6044480000000192,,,,,,,,,,,,,,,34.071289223195976,4.871289223195987,-145.92871077680402,175.128710776804,29.804448000000008
000067.jpg,,,,29.19999999999999,,,,28.336798999999985,,,,,temporal_predicted,,,,,,,,,0.6044480000000192,,,,,,,,,,,,,,,27.472826614141866,1.7271733858581229,-152.52717338585813,178.27282661414188,29.804448000000008
000068.jpg,,,,29.19999999999999,,,,30.471406,,,,,temporal_predicted,,,,,,,,,0.6044480000000192,,,,,,,,,,,,,,,31.741662139701504,2.541662139701515,-148.2583378602985,177.45833786029849,29.804448000000008
000069.jpg,,,,29.19999999999999,,,,28.778048000000013,,,,,init,,,,,,,,,0.4219519999999761,,,,,,,,,,,,,,,28.356207069257863,0.8437929307421257,-151.64379293074214,179.1562070692579,28.778048000000013
000070.jpg,,,,29.19999999999999,,,,30.281598000000002,,,,,temporal_predicted,,,,,,,,,0.4219519999999761,,,,,,,,,,,,,,,31.356807589174423,2.1568075891744343,-148.64319241082558,177.84319241082557,28.778048000000013
000071.jpg,,,,29.19999999999999,,,,29.87061700000001,,,,,temporal_predicted,,,,,,,,,0.4219519999999761,,,,,,,,,,,,,,,30.542179241976584,1.342179241976595,-149.45782075802342,178.6578207580234,28.778048000000013
000072.jpg,,,,29.19999999999999,,,,29.75713300000001,,,,,temporal_predicted,,,,,,,,,0.4219519999999761,,,,,,,,,,,,,,,30.312200177149094,1.1122001771491057,-149.6877998228509,178.8877998228509,28.778048000000013
000073.jpg,,,,29.19999999999999,,,,31.86184,,,,,init,,,,,,,,,2.661840000000012,,,,,,,,,,,,,,,34.523321164995224,5.323321164995235,-145.47667883500478,174.67667883500476,31.86184
000074.jpg,,,,29.19999999999999,,,,28.458008000000007,,,,,init,,,,,,,,,0.741991999999982,,,,,,,,,,,,,,,27.71738065751279,1.4826193424871974,-152.2826193424872,178.51738065751283,28.458008000000007
000075.jpg,,,,29.19999999999999,,,,36.447135,,,,,temporal_predicted,,,,,,,,,0.741991999999982,,,,,,,,,,,,,,,43.684135822434314,14.484135822434325,-136.3158641775657,165.51586417756567,28.458008000000007
000076.jpg,,,,29.19999999999999,,,,29.585217,,,,,init,,,,,,,,,0.38521700000001147,,,,,,,,,,,,,,,29.97043435408594,0.7704343540859497,-150.02956564591406,179.22956564591405,29.585217
000077.jpg,,,,29.19999999999999,,,,29.123164000000003,,,,,temporal_predicted,,,,,,,,,0.38521700000001147,,,,,,,,,,,,,,,29.04645213108435,0.15354786891563776,-150.95354786891565,179.84645213108433,29.585217
000078.jpg,,,,29.19999999999999,,,,35.026242999999994,,,,,init,,,,,,,,,5.826243000000005,,,,,,,,,,,,,,,40.8498872501732,11.649887250173208,-139.1501127498268,168.3501127498268,35.026242999999994
000079.jpg,,,,29.19999999999999,,,,29.110874999999993,,,,,init,,,,,,,,,0.08912499999999568,,,,,,,,,,,,,,,29.023908824774963,0.17609117522502515,-150.97609117522504,179.823908824775,29.110874999999993
000080.jpg,,,,29.19999999999999,,,,29.62284299999999,,,,,init,,,,,,,,,0.4228430000000003,,,,,,,,,,,,,,,30.046927134448566,0.8469271344485776,-149.95307286555143,179.15307286555142,29.62284299999999
000081.jpg,,,,29.19999999999999,,,,28.915965999999997,,,,,init,,,,,,,,,0.28403399999999124,,,,,,,,,,,,,,,28.634467526018824,0.5655324739811647,-151.36553247398118,179.4344675260188,28.915965999999997
000082.jpg,,,,29.19999999999999,,,,33.065391000000005,,,,,init,,,,,,,,,3.8653910000000167,,,,,,,,,,,,,,,36.92018086104585,7.720180861045861,-143.07981913895415,172.27981913895414,33.065391000000005
000083.jpg,,,,29.19999999999999,,,,29.119405,,,,,refined_freeze_alt_corrected_yaw,,,,,,,,,0.15595774062470014,,,,,,,,,,,,,,,29.04404225937529,0.15595774062470014,-150.9559577406247,179.84404225937533,29.04404225937529
000084.jpg,,,,29.19999999999999,,,,28.497735000000006,,,,,temporal_predicted,,,,,,,,,0.15595774062470014,,,,,,,,,,,,,,,27.783780200951867,1.4162197990481218,-152.21621979904813,178.58378020095188,29.04404225937529
000085.jpg,,,,29.19999999999999,,,,27.617245999999994,,,,,temporal_predicted,,,,,,,,,0.15595774062470014,,,,,,,,,,,,,,,26.02824296240192,3.17175703759807,-153.97175703759808,176.82824296240193,29.04404225937529
000086.jpg,,,,29.19999999999999,,,,31.23369199999999,,,,,init,,,,,,,,,2.033692000000002,,,,,,,,,,,,,,,33.26910145788099,4.069101457881004,-146.730898542119,175.930898542119,31.23369199999999
000087.jpg,,,,29.19999999999999,,,,30.075975999999997,,,,,init,,,,,,,,,0.8759760000000085,,,,,,,,,,,,,,,30.95124585861646,1.7512458586164712,-149.04875414138354,178.24875414138353,30.075975999999997
000088.jpg,,,,29.19999999999999,,,,30.264377999999994,,,,,temporal_predicted,,,,,,,,,0.8759760000000085,,,,,,,,,,,,,,,31.329522567809107,2.1295225678091185,-148.6704774321909,177.87047743219088,30.075975999999997
000089.jpg,,,,29.19999999999999,,,,26.876780999999994,,,,,temporal_predicted,,,,,,,,,0.8759760000000085,,,,,,,,,,,,,,,24.55316953185215,4.64683046814784,-155.44683046814785,175.35316953185213,30.075975999999997
000090.jpg,,,,29.19999999999999,,,,31.125107000000014,,,,,init,,,,,,,,,1.9251070000000254,,,,,,,,,,,,,,,33.046908024974044,3.8469080249740557,-146.95309197502596,176.15309197502594,31.125107000000014
000091.jpg,,,,29.19999999999999,,,,30.096019000000013,,,,,init,,,,,,,,,0.8960190000000239,,,,,,,,,,,,,,,30.9913179268612,1.7913179268612112,-149.0086820731388,178.2086820731388,30.096019000000013
000092.jpg,,,,29.19999999999999,,,,28.965555999999992,,,,,init,,,,,,,,,0.23444399999999632,,,,,,,,,,,,,,,28.736809230341777,0.4631907696582118,-151.26319076965822,179.53680923034176,28.965555999999992
000093.jpg,,,,29.19999999999999,,,,30.203485999999998,,,,,temporal_predicted,,,,,,,,,0.23444399999999632,,,,,,,,,,,,,,,31.20919741808828,2.0091974180882914,-148.79080258191172,177.9908025819117,28.965555999999992
000094.jpg,,,,29.19999999999999,,,,28.996808999999985,,,,,temporal_predicted,,,,,,,,,0.23444399999999632,,,,,,,,,,,,,,,28.791792259404673,0.4082077405953157,-151.20820774059533,179.59179225940466,28.965555999999992
000095.jpg,,,,29.19999999999999,,,,27.70205200000001,,,,,temporal_predicted,,,,,,,,,0.23444399999999632,,,,,,,,,,,,,,,26.20806858407201,2.9919314159279793,-153.791931415928,177.00806858407202,28.965555999999992
000096.jpg,,,,29.19999999999999,,,,26.666133000000002,,,,,temporal_predicted,,,,,,,,,0.23444399999999632,,,,,,,,,,,,,,,24.128497810837104,5.071502189162885,-155.8715021891629,174.92849781083714,28.965555999999992
000097.jpg,,,,29.19999999999999,,,,24.47964300000001,,,,,temporal_predicted,,,,,,,,,0.23444399999999632,,,,,,,,,,,,,,,19.758056687504677,9.441943312495312,-160.24194331249532,170.5580566875047,28.965555999999992
000098.jpg,,,,29.19999999999999,,,,28.216042000000016,,,,,temporal_predicted,,,,,,,,,0.23444399999999632,,,,,,,,,,,,,,,27.233797483911047,1.9662025160889414,-152.76620251608895,178.03379748391103,28.965555999999992
000099.jpg,,,,29.19999999999999,,,,30.0668,,,,,temporal_predicted,,,,,,,,,0.23444399999999632,,,,,,,,,,,,,,,30.93302467253426,1.7330246725342704,-149.06697532746574,178.26697532746573,28.965555999999992
