frame,gt_pilot_dense_feature_loss,init_pilot_dense_feature_loss,refined_pilot_dense_feature_loss,gt_minus_init_loss,gt_minus_refined_loss,gt_chamfer,gt_overlap,rgb_mae,rgb_mse,rgb_psnr_db,valid_depth_ratio
000000.jpg,6.58418199842951e-05,0.002659324944640199,0.004472908175860842,-0.0025934831246559042,-0.004407066355876546,0.1753319352865219,0.9576363434410752,2.3340945773654513,10.190919876098633,38.048669738111435,1.0
000001.jpg,7.206883795637016e-05,0.0026691521052271128,0.004384124224695067,-0.0025970832672707425,-0.004312055386738697,0.1897817999124527,0.9533151395848246,2.338404337565104,10.202028274536133,38.04393838040317,1.0
000002.jpg,6.415658087159197e-05,0.0026661482794831195,0.004223522186900179,-0.0026019916986115277,-0.004159365606028587,0.18241669237613678,0.9552345761952749,2.339163886176215,10.187844276428223,38.049980628178716,1.0
000003.jpg,5.5254019874458514e-05,0.002706974007499715,0.004487857998659213,-0.002651719987625256,-0.004432603978784755,0.17142996191978455,0.9586573066157196,2.338290744357639,10.19254207611084,38.047978479171235,1.0
000004.jpg,7.887816173024476e-05,0.0026843392212564745,0.004366770347890754,-0.0026054610595262298,-0.0042878921861605095,0.1944078803062439,0.9524517747341783,2.345947265625,10.25490665435791,38.02148649326058,1.0
000005.jpg,0.00010117593774339184,0.0026460112227747836,0.004619292526816328,-0.002544835285031392,-0.004518116589072936,0.18427878618240356,0.9549302016397075,2.347537570529514,10.26113510131836,38.018849551631135,1.0
000006.jpg,0.00010863872012123466,0.0026230773461672166,0.004293634983090063,-0.002514438626045982,-0.004184996262968828,0.18250134587287903,0.9561020758958085,2.343477037217882,10.253633499145508,38.022025706953926,1.0
000007.jpg,0.00010032831050921232,0.0026186072694448135,0.004318397763806085,-0.002518278958935601,-0.004218069453296873,0.17525389790534973,0.9579813494240264,2.343514336480035,10.256264686584473,38.020911405769674,1.0
000008.jpg,8.020720997592434e-05,0.002636942624424895,0.004310938064008951,-0.0025567354144489705,-0.004230730854033027,0.17606163024902344,0.9581980875515396,2.346282958984375,10.281982421875,38.010035038081284,1.0
000009.jpg,0.00011341822998171362,0.0026061146248442433,0.004438019668062528,-0.00249269639486253,-0.004324601438080814,0.17265617847442627,0.9589953757478796,2.3443196614583335,10.265625,38.01694965292017,1.0
000010.jpg,9.543657506583259e-05,0.0026461605254250267,0.004343962956530352,-0.002550723950359194,-0.0042485263814645196,0.19407834112644196,0.9527752762097217,2.352784898546007,10.328075408935547,37.99060960660182,1.0
000011.jpg,7.915336270040522e-05,0.002662331098690629,0.004300028861810763,-0.002583177735990224,-0.004220875499110358,0.1920405775308609,0.9542104574593345,2.3491923014322915,10.306111335754395,37.999855310833745,1.0
000012.jpg,0.00013760908283681297,0.0026111839106306434,0.004398298372204105,-0.0024735748277938305,-0.004260689289367292,0.1741567999124527,0.9584591312779602,2.3549024793836804,10.36146354675293,37.97659257448366,1.0
000013.jpg,0.00011026447949310143,0.0026879169357319674,0.004362769036864241,-0.002577652456238866,-0.0042525045573711395,0.18953287601470947,0.9527232876712328,2.352725558810764,10.35914421081543,37.97756481894225,1.0
000014.jpg,0.00010086855763802305,0.0026246378353486457,0.004410115381081899,-0.0025237692777106227,-0.004309246823443876,0.18793395161628723,0.9541431137986942,2.355765448676215,10.371044158935547,37.9725787741664,1.0
000015.jpg,8.585061611180815e-05,0.0026677946055618427,0.004417198710143566,-0.0025819439894500347,-0.004331348094031758,0.19287504255771637,0.9529142555391757,2.3533460828993054,10.37266731262207,37.971899120776754,1.0
000016.jpg,8.975272188157153e-05,0.0026661109489699206,0.004467659901517133,-0.002576358227088349,-0.004377907179635562,0.201740562915802,0.949942917361904,2.3525627983940973,10.359432220458984,37.97744407609164,1.0
000017.jpg,7.702333581012984e-05,0.0026799853270252547,0.004592819915463527,-0.0026029619912151247,-0.004515796579653397,0.17249362170696259,0.9587170110587302,2.3599378797743054,10.4071044921875,37.95750445764955,1.0
000018.jpg,8.692893970874138e-05,0.0026665606807606914,0.004342585724468033,-0.00257963174105195,-0.004255656784759291,0.1744120568037033,0.9572576207769341,2.3606686062282987,10.440834999084473,37.943451283900174,1.0
000019.jpg,0.0001381461443088483,0.002624498233975222,0.00420542045806845,-0.0024863520896663736,-0.004067274313759602,0.17780005931854248,0.9564667117638074,2.3633236355251737,10.455259323120117,37.93745551719634,1.0
000020.jpg,7.662042601926562e-05,0.0026310382915350297,0.004289824631996453,-0.002554417865515764,-0.0042132042059771875,0.1769852340221405,0.9597281595966239,2.3647596571180554,10.45994758605957,37.93550852545272,1.0
000021.jpg,8.39466859664147e-05,0.0026535398016373315,0.004469495615921915,-0.0025695931156709166,-0.0043855489299555,0.16865605115890503,0.9587510803802939,2.36236572265625,10.451531410217285,37.93900430776925,1.0
000022.jpg,7.923224620753899e-05,0.0026816469229136906,0.004353298805654049,-0.0026024146767061516,-0.00427406655944651,0.19246549904346466,0.953281111758486,2.37054443359375,10.535430908203125,37.904280575419534,1.0
000023.jpg,9.025483692918594e-05,0.0026524457692479095,0.004489571088925004,-0.0025621909323187237,-0.004399316251995818,0.17515616118907928,0.9568271782156683,2.366219414605035,10.492612838745117,37.921967125072946,1.0
000024.jpg,0.00011140616455425818,0.002634996509489914,0.004423792435166736,-0.0025235903449356556,-0.004312386270612478,0.20008012652397156,0.950659757000392,2.370149400499132,10.508601188659668,37.915354504035854,1.0
000025.jpg,8.70903337878796e-05,0.002692474673191706,0.004376732278615236,-0.0026053843394038267,-0.004289641944827356,0.17967109382152557,0.9562111734020217,2.368477715386285,10.514409065246582,37.91295491540703,1.0
000026.jpg,0.00010198483384253147,0.002639961584160725,0.004493629133018355,-0.002537976750318194,-0.004391644299175823,0.17581939697265625,0.956507662421757,2.3726637098524304,10.54692268371582,37.89954598526577,1.0
000027.jpg,0.00012384400179143995,0.0026840815359416106,0.004384017471844952,-0.0025602375341501706,-0.004260173470053512,0.18179063498973846,0.955647364854526,2.3741997612847223,10.54578685760498,37.9000137137118,1.0
000028.jpg,6.922137011618663e-05,0.0026787733271097145,0.004464950179681182,-0.0026095519569935277,-0.0043957288095649956,0.16056102514266968,0.9627465940054496,2.3733707004123263,10.523418426513672,37.909235219421795,1.0
000029.jpg,8.090129752721016e-05,0.002739564147001753,0.0043733560014516115,-0.002658662849474543,-0.004292454703924402,0.18596585094928741,0.9543713067382411,2.3743133544921875,10.569605827331543,37.89021569417327,1.0
000030.jpg,6.274717331204253e-05,0.0026977532155190906,0.004588791324446599,-0.0026350060422070483,-0.004526044151134556,0.17495949566364288,0.9574398606726897,2.3774837917751737,10.584237098693848,37.884208008996275,1.0
000031.jpg,9.130740363616496e-05,0.0026992405376707516,0.0043972597147027654,-0.0026079331340345866,-0.0043059523110666005,0.17474348843097687,0.9571140371808499,2.382227579752604,10.635051727294922,37.86340754280867,1.0
000032.jpg,8.915875029439728e-05,0.002649552441046884,0.004362163521970312,-0.0025603936907524867,-0.0042730047716759145,0.17205317318439484,0.9587463812615141,2.3830362955729165,10.655476570129395,37.855074824020235,1.0
000033.jpg,8.258239298205201e-05,0.0026757099161234996,0.004503659904003143,-0.0025931275231414475,-0.004421077511021092,0.17743846774101257,0.9570239288671926,2.378875732421875,10.61839771270752,37.87021373032906,1.0
000034.jpg,0.00010989718066412024,0.0026638105822106204,0.004433647962287068,-0.0025539134015465,-0.004323750781622948,0.18601112067699432,0.9553686229215246,2.3766309950086804,10.622626304626465,37.86848457248867,1.0
000035.jpg,7.776832353556529e-05,0.002637606036538879,0.004257094968731205,-0.0025598377130033136,-0.00417932664519564,0.17955635488033295,0.956027785592175,2.38360595703125,10.669304847717285,37.849442367232285,1.0
000036.jpg,0.00010967536218231544,0.0026418574076766768,0.004323262837715447,-0.0025321820454943613,-0.0042135874755331315,0.1677188128232956,0.9611987587074933,2.388576931423611,10.70085620880127,37.836618325396124,1.0
000037.jpg,7.297210565108496e-05,0.002657607081346214,0.004350246706356605,-0.002584634975695129,-0.004277274600705519,0.18776217103004456,0.9522232021855572,2.3870985243055554,10.67121410369873,37.84866527334681,1.0
000038.jpg,8.796597952217174e-05,0.002640458114910871,0.004551612228776018,-0.002552492135388699,-0.004463646249253847,0.18205128610134125,0.9545552863817269,2.389334784613715,10.732111930847168,37.82395167358524,1.0
000039.jpg,8.903646206211609e-05,0.0026279136848946414,0.0044447256562610464,-0.002538877222832525,-0.004355689194198931,0.18178153038024902,0.9554538063246181,2.3921017116970487,10.764083862304688,37.81103288201845,1.0
000040.jpg,0.00014362943572147438,0.002609376950810353,0.00442291796207428,-0.0024657475150888786,-0.004279288526352805,0.1816393882036209,0.9556818915950642,2.393244425455729,10.760354042053223,37.812537999482714,1.0
000041.jpg,7.741966934797044e-05,0.002633306721691042,0.0045444301795214415,-0.002555887052343072,-0.004467010510173471,0.1788991242647171,0.9561876140388537,2.3907284206814237,10.718229293823242,37.8295731724998,1.0
000042.jpg,7.256615814791682e-05,0.0026518225010174015,0.00443658900136749,-0.002579256342869485,-0.004364022843219573,0.16709187626838684,0.9609607024491026,2.390494452582465,10.751395225524902,37.816155338788015,1.0
000043.jpg,7.354055924224667e-05,0.002604611567221582,0.004413722936684887,-0.0025310710079793353,-0.00434018237744264,0.16426455974578857,0.9609288849488637,2.3944600423177085,10.77590274810791,37.80626697617595,1.0
000044.jpg,7.433870996464975e-05,0.0026002541417255998,0.004447742908572157,-0.00252591543176095,-0.004373404198607507,0.17062188684940338,0.9601899827288428,2.397584703233507,10.795866012573242,37.79822874976131,1.0
000045.jpg,7.417944046513487e-05,0.0026543891290202737,0.004486640527223547,-0.0025802096885551387,-0.004412461086758412,0.16287845373153687,0.9607872758270928,2.3871273464626737,10.706501007080078,37.834327986821364,1.0
000046.jpg,7.832235375341649e-05,0.0026569232965509095,0.004428629452983539,-0.002578600942797493,-0.004350307099230122,0.16938501596450806,0.9588769082950784,2.3970845540364585,10.79331111907959,37.799256650125045,1.0
000047.jpg,7.821051985956728e-05,0.0026256604469381273,0.0044049161951988935,-0.00254744992707856,-0.004326705675339326,0.17312224209308624,0.9574380523306186,2.4013180202907987,10.798830032348633,37.79703655197523,1.0
000048.jpg,8.819796736740197e-05,0.002674134292950233,0.004540168447420001,-0.002585936325582831,-0.004451970480052599,0.18011924624443054,0.9574099055694739,2.3991207546657987,10.809925079345703,37.79257676881251,1.0
000049.jpg,8.892809880004886e-05,0.002589647968610128,0.004220305592752993,-0.002500719869810079,-0.004131377493952944,0.18226906657218933,0.9552865454700454,2.397669474283854,10.763948440551758,37.81108752047235,1.0
000050.jpg,8.140627445148614e-05,0.002642846006589631,0.0046617208669583006,-0.002561439732138145,-0.004580314592506815,0.19065622985363007,0.953345584261161,2.3980305989583335,10.79115104675293,37.80012589346121,1.0
000051.jpg,0.00010857391074144591,0.0026031739932174482,0.004581567365676165,-0.002494600082476002,-0.004472993454934719,0.1855747401714325,0.9534614737550471,2.3995836046006946,10.8045654296875,37.79473057051163,1.0
000052.jpg,8.548394180252217e-05,0.002616556671758493,0.004476759660368164,-0.0025310727299559708,-0.004391275718565642,0.18176087737083435,0.9554668828951861,2.401735093858507,10.835359573364258,37.7823703283212,1.0
000053.jpg,9.595482940009485e-05,0.0026214778190478683,0.004481545339028041,-0.0025255229896477735,-0.004385590509627946,0.16804508864879608,0.9605285556217551,2.4031609429253473,10.84532642364502,37.77837732885207,1.0
000054.jpg,8.866362865470971e-05,0.002587103323700527,0.00445013795979321,-0.0024984396950458176,-0.0043614743311385,0.1789684295654297,0.9562346927909701,2.4071214463975696,10.86138916015625,37.771949862589416,1.0
000055.jpg,8.339021951542236e-05,0.002664272343584647,0.004541129727537434,-0.0025808821240692246,-0.004457739508022011,0.18496516346931458,0.9550552233406397,2.403438991970486,10.854801177978516,37.77458487761727,1.0
000056.jpg,8.14526744458514e-05,0.0026526573734978833,0.004492398506651322,-0.002571204699052032,-0.004410945832205471,0.16909243166446686,0.9599074133061519,2.4059821234809027,10.87419605255127,37.76683202169697,1.0
000057.jpg,0.00011020001450863977,0.002632788634703805,0.004573918258150418,-0.0025225886201951653,-0.004463718243641779,0.1810007393360138,0.9550561797752809,2.411185370551215,10.923145294189453,37.74732650408934,1.0
000058.jpg,8.02201175247319e-05,0.0026941753458231688,0.00473695108667016,-0.002613955228298437,-0.004656730969145428,0.1609468311071396,0.9620730570387321,2.404322306315104,10.854361534118652,37.774760780211864,1.0
000059.jpg,6.793665306759067e-05,0.0026457335722322264,0.004555348462114732,-0.0025777969191646357,-0.004487411809047141,0.1755589097738266,0.9580793498021603,2.4044053819444446,10.846649169921875,37.777847675471975,1.0
000060.jpg,8.496870092737178e-05,0.0027157580479979515,0.004477980080991983,-0.00263078934707058,-0.004393011380064611,0.1635478287935257,0.9598881782371129,2.4073621961805554,10.87224292755127,37.767612132328445,1.0
000061.jpg,8.308288912909727e-05,0.0026212145069924495,0.00444854237139225,-0.0025381316178633524,-0.0043654594822631525,0.154320627450943,0.9634522517922862,2.4019978841145835,10.83748722076416,37.781517624902065,1.0
000062.jpg,7.282845520724852e-05,0.0026841183037807546,0.004594855786611636,-0.002611289848573506,-0.004522027331404388,0.16589167714118958,0.9593414122382563,2.4041934543185763,10.835885047912598,37.78215971679357,1.0
000063.jpg,7.403353326177846e-05,0.0026100797889133296,0.004327646767099698,-0.0025360462556515513,-0.004253613233837919,0.16383221745491028,0.9603545767611922,2.4098002115885415,10.91622257232666,37.750079788913176,1.0
000064.jpg,8.363271384344746e-05,0.0026514653582125902,0.004452377402534087,-0.0025678326443691426,-0.00436874468869064,0.17106139659881592,0.958955303564183,2.4065687391493054,10.905720710754395,37.75425989407016,1.0
000065.jpg,8.998778624421296e-05,0.0026825201348401606,0.004501096593836944,-0.0025925323485959475,-0.004411108807592731,0.16745401918888092,0.9592634872315238,2.4089847140842013,10.900157928466797,37.756475705451955,1.0
000066.jpg,8.537065635512893e-05,0.0026451924350112677,0.004475288093090057,-0.0025598217786561386,-0.004389917436734929,0.1779523491859436,0.9560221786519933,2.412684122721354,10.937786102294922,37.74150934744021,1.0
000067.jpg,9.105520924398054e-05,0.0026444018779632947,0.004440814334278305,-0.002553346668719314,-0.004349759125034325,0.16013947129249573,0.9622793447625506,2.414791531032986,10.97842788696289,37.725402073567786,1.0
000068.jpg,0.00011407221366728966,0.002630981985324373,0.004461856093257666,-0.002516909771657083,-0.004347783879590376,0.1608504056930542,0.9618368763010156,2.4132792154947915,10.96734619140625,37.72978808394249,1.0
000069.jpg,0.00012414683442329988,0.002623726128755758,0.004438665850708882,-0.002499579294332458,-0.004314519016285582,0.18730637431144714,0.9542570458905121,2.4154730902777777,10.98762035369873,37.721767156838325,1.0
000070.jpg,0.00010174491399084218,0.002646376786287874,0.004560763792445262,-0.002544631872297032,-0.00445901887845442,0.16564466059207916,0.9587429627762373,2.418914794921875,11.017269134521484,37.71006402176435,1.0
000071.jpg,9.216528754526128e-05,0.002637823771995803,0.004519009341796239,-0.0025456584844505414,-0.004426844054250978,0.16281484067440033,0.9614289357361442,2.417265150282118,11.019363403320312,37.7092385513717,1.0
000072.jpg,9.204046000377275e-05,0.0026741012698039412,0.004541456699371338,-0.0025820608098001685,-0.004449416239367565,0.18276244401931763,0.9560237914452038,2.421198527018229,11.043461799621582,37.699751276190824,1.0
000073.jpg,9.525202767690644e-05,0.0026454890612512827,0.004606150245914857,-0.0025502370335743763,-0.0045108982182379504,0.1706608533859253,0.9569826231040489,2.4290568033854165,11.088741302490234,37.68198109254992,1.0
000074.jpg,8.886941213859245e-05,0.0027217560758193335,0.004544226142267386,-0.002632886663680741,-0.004455356730128794,0.167072132229805,0.959665498162774,2.427763197157118,11.120387077331543,37.669604564794774,1.0
000075.jpg,8.01911349602354e-05,0.002615412736001114,0.004359936380448441,-0.0025352216010408784,-0.004279745245488206,0.16882960498332977,0.959754333745572,2.4251827663845487,11.063282012939453,37.691963777811594,1.0
000076.jpg,0.00011228529911022633,0.0026507153330991664,0.004372545673201482,-0.00253843003398894,-0.0042602603740912555,0.16304844617843628,0.9616576379081385,2.4231940375434027,11.02425765991211,37.707310058172084,1.0
000077.jpg,8.430133554308365e-05,0.0026936326369953654,0.004484582847605149,-0.002609331301452282,-0.004400281512062065,0.1831718236207962,0.954672966189281,2.427132500542535,11.097830772399902,37.67842262769764,1.0
000078.jpg,0.00010788303431278716,0.002670047765908142,0.004565188738827904,-0.002562164731595355,-0.004457305704515116,0.18719571828842163,0.9528136793944633,2.427668253580729,11.125686645507812,37.667535369765005,1.0
000079.jpg,9.381150933525835e-05,0.0026754196733236313,0.004654182819649577,-0.002581608163988373,-0.004560371310314319,0.17407561838626862,0.957840952100593,2.4337870279947915,11.13013744354248,37.665798334960485,1.0
000080.jpg,8.768905900069512e-05,0.0026365038744794824,0.004591806481281917,-0.0025488148154787873,-0.0045041174222812215,0.16732235252857208,0.9605153261505053,2.428458319769965,11.125873565673828,37.66746240553608,1.0
000081.jpg,0.00010533832513222781,0.0026611354357252517,0.004429584291453163,-0.0025557971105930237,-0.004324245966320936,0.1677883267402649,0.9593066272064263,2.4300740559895835,11.13051986694336,37.665649117109055,1.0
000082.jpg,0.00011062733634995918,0.0026425484490270414,0.00468665175139904,-0.0025319211126770824,-0.004576024415049081,0.17958222329616547,0.9561751325180516,2.42999267578125,11.152106285095215,37.65723461052785,1.0
000083.jpg,0.00012240866393161318,0.00265161891002208,0.004271259143327673,-0.0025292102460904666,-0.00414885047939606,0.1708499789237976,0.9589885387424277,2.431482950846354,11.135502815246582,37.66370528814713,1.0
000084.jpg,9.602159116184339e-05,0.002684589048537115,0.004632233797262113,-0.0025885674573752717,-0.004536212206100269,0.1657865047454834,0.9594492485937369,2.43682861328125,11.219889640808105,37.63091775661117,1.0
000085.jpg,0.00011027711904413688,0.0026397075271233916,0.004400138355170687,-0.002529430408079255,-0.00428986123612655,0.15712225437164307,0.9614698385726423,2.4375796847873263,11.219087600708008,37.631228217811014,1.0
000086.jpg,0.00010573039374624689,0.0026756987596551576,0.004491237613062064,-0.0025699683659089105,-0.0043855072193158175,0.18230843544006348,0.9547505587652343,2.43595208062066,11.189265251159668,37.64278791573122,1.0
000087.jpg,0.00011617982818279415,0.0026833084411919117,0.004343716039632757,-0.0025671286130091175,-0.004227536211449963,0.16658787429332733,0.9583122469635628,2.441248575846354,11.257631301879883,37.61633339867686,1.0
000088.jpg,7.813790580257773e-05,0.0026814269367605448,0.004629654033730428,-0.002603289030957967,-0.00455151612792785,0.16914880275726318,0.9594571919963085,2.4422166612413196,11.259565353393555,37.61558734852236,1.0
000089.jpg,9.361149326044445e-05,0.0027012990710015097,0.004530200657124321,-0.002607687577741065,-0.004436589163863877,0.17952246963977814,0.9546025367323873,2.434561835394965,11.194331169128418,37.640822100930194,1.0
000090.jpg,0.00010121401404224646,0.002703099511563778,0.004579861493160327,-0.0026018854975215313,-0.004478647479118081,0.17084653675556183,0.9599196702251348,2.4360419379340277,11.18187141418457,37.64565867081473,1.0
000091.jpg,0.00011227501454413868,0.002722211298532784,0.004373281456840535,-0.0026099362839886453,-0.004261006442296396,0.1635928750038147,0.9608249165363648,2.4400448269314237,11.254779815673828,37.61743357823973,1.0
000092.jpg,0.00012462522863643244,0.0027187452651560307,0.004623314598575234,-0.002594120036519598,-0.004498689369938802,0.16925080120563507,0.9599260302183369,2.441435072157118,11.241579055786133,37.62253041890353,1.0
000093.jpg,0.00011684252240229398,0.0026852155181889734,0.004731121007353067,-0.0025683729957866794,-0.004614278484950773,0.16769298911094666,0.9610598153352068,2.4389546712239585,11.238481521606445,37.623727250207104,1.0
000094.jpg,0.00012122798943892121,0.0027152128944483898,0.004976812129219373,-0.0025939849050094685,-0.0048555841397804516,0.1748904287815094,0.9590398728751542,2.442452324761285,11.305601119995117,37.597867020895535,1.0
000095.jpg,0.00010806707359733991,0.0027377051301300526,0.004689372144639492,-0.0026296380565327127,-0.004581305071042152,0.17055882513523102,0.9584923966000886,2.443661159939236,11.304388999938965,37.598332670857786,1.0
000096.jpg,0.00011076244724487576,0.0026965915070225797,0.004610794208322962,-0.002585829059777704,-0.004500031761078086,0.16090840101242065,0.9615048664836536,2.44289313422309,11.281719207763672,37.60705074558163,1.0
000097.jpg,9.631863091878283e-05,0.0027164220227859914,0.004485164458552997,-0.0026201033918672087,-0.0043888458276342135,0.1633622944355011,0.9611687326081457,2.447667439778646,11.326560020446777,37.58982330173103,1.0
000098.jpg,0.0001034195253547902,0.0027265878937517605,0.004612734541296959,-0.0026231683683969704,-0.0045093150159421684,0.1584574580192566,0.9619851944531331,2.4510972764756946,11.341132164001465,37.58423949341423,1.0
000099.jpg,0.00011052126986517881,0.002719605923630297,0.004552573198452592,-0.0026090846537651182,-0.004442051928587413,0.15528833866119385,0.9637824839689504,2.442899915907118,11.304329872131348,37.598355386767274,1.0
