frame_index,frame_id,init_source,selected_method,yaw_policy,yaw_pred,yaw_obs_corrected,yaw_obs_delta_deg,accepted_yaw_delta_deg,yaw_obs_trusted,selected_yaw_source,refine_success,elapsed_ms,gt_east,gt_north,gt_alt,gt_yaw,init_east,init_north,init_alt,init_yaw,raw_refined_east,raw_refined_north,raw_refined_alt,raw_refined_yaw,selected_east,selected_north,selected_alt,selected_yaw,raw_delta_east_m,raw_delta_north_m,raw_delta_alt_m,applied_delta_east_m,applied_delta_north_m,applied_delta_alt_m,init_xy_error_m,raw_refined_xy_error_m,selected_xy_error_m,init_alt_error_m,raw_refined_alt_error_m,selected_alt_error_m,init_yaw_error_deg,raw_refined_yaw_error_deg,selected_yaw_error_deg,init_chamfer,raw_refined_chamfer,selected_chamfer,init_overlap,raw_refined_overlap,selected_overlap,feature_loss_initial,feature_loss_refined,feature_loss_drop,failure_reason,renderer_backend_init,renderer_backend_raw_refined,renderer_backend_selected,selected_yaw_score
0,000000.jpg,gt_first_pose,swap_xy_freeze_alt_constrained_yaw,constrained_search,29.19999999999999,29.199270744498136,-0.0007292555018523217,0.0,True,prediction,True,1492.6115020000168,254788.64145618468,3363802.653119775,88.805,29.19999999999999,254788.64145618468,3363802.653119775,88.805,29.19999999999999,254788.63553369953,3363802.626672204,88.81748256646097,-150.80072925550186,254788.61500861484,3363802.6471972894,88.805,29.19999999999999,-0.005922485142946243,-0.026447570882737637,0.012482566460960243,-0.026447570882737637,-0.005922485142946243,0.0,0.0,0.02710257987472504,0.027102578954065447,0.0,0.012482566460960243,0.0,0.0,179.99927074449818,0.0,0.1753319352865219,0.3299943804740906,0.2589361369609833,0.9576363434410752,0.926668888148395,0.9389981117405309,6.58418199842951e-05,8.72246382641606e-05,-2.1382818279865504e-05,,prototype,prototype,prototype,1.81097665498026
1,000001.jpg,previous_frame_refine_only:000000.jpg,swap_xy_freeze_alt_constrained_yaw,constrained_search,29.19999999999999,29.199218081502295,-0.0007819184976938232,0.0,True,prediction,True,136.98977499998932,254789.12931911834,3363803.5260398947,88.854,29.19999999999999,254788.61500861484,3363802.6471972894,88.805,29.19999999999999,254789.80521973714,3363802.397130349,88.84001935273409,-150.8007819184977,254788.36494167484,3363803.837408411,88.805,29.19999999999999,1.1902111223025713,-0.25006694020703435,0.035019352734082076,-0.25006694020703435,1.1902111223025713,0.0,1.0182728607091733,1.3157805320005118,0.8253624833958978,0.04899999999999238,0.013980647265910306,0.04899999999999238,0.0,179.9992180815023,0.0,0.967678964138031,1.0007845163345337,0.9455859065055847,0.8510871510379384,0.8385379384395133,0.8547780959198282,0.000818236575772365,0.0010939065735631932,-0.00027566999779082824,,prototype,prototype,prototype,1.3757198223095504
2,000002.jpg,previous_frame_refine_only:000001.jpg,swap_xy_freeze_alt_constrained_yaw,constrained_search,29.19999999999999,29.185043272768013,-0.01495672723197572,-0.01495672723197572,True,clamped_raw_observation,True,126.18459699999107,254789.61718198095,3363804.398960034,88.934,29.19999999999999,254788.36494167484,3363803.837408411,88.805,29.19999999999999,254789.81304075668,3363804.998042981,88.98877112939954,-150.814956727232,254789.52557624507,3363805.2855074927,88.805,29.185043272768013,1.4480990818410646,1.1606345702894032,0.18377112939953122,1.1606345702894032,1.4480990818410646,0.0,1.372386975166556,0.630286472729663,0.8912676408317695,0.12899999999999068,0.05477112939954054,0.12899999999999068,0.0,179.98504327276805,0.01495672723197572,0.9961941838264465,0.9079256057739258,0.9115737080574036,0.8424140633747621,0.852379352816034,0.8641585488747061,0.0010602556867524981,0.0007326203340198845,0.0003276353527326137,,prototype,prototype,prototype,1.2282165216953322
3,000003.jpg,previous_frame_refine_only:000002.jpg,swap_xy_freeze_alt_constrained_yaw,constrained_search,29.185043272768013,29.157762814351315,-0.027280458416697684,0.0,True,prediction,True,138.63124399998128,254790.10503515808,3363805.2718804055,88.865,29.19999999999999,254789.52557624507,3363805.2855074927,88.805,29.185043272768013,254789.77635504247,3363806.1767702936,89.09312492888421,-150.84223718564868,254790.41683904742,3363805.5362862893,88.805,29.185043272768013,0.2507787974027451,0.8912628008984029,0.2881249288842014,0.8912628008984029,0.2507787974027451,0.0,0.5796191244016751,0.9627337783807082,0.40881797517247037,0.05999999999998806,0.22812492888421332,0.05999999999998806,0.01495672723197572,179.95776281435133,0.01495672723197572,0.8823215365409851,0.9124191999435425,0.8257900476455688,0.8612653841027236,0.8734615897276403,0.8582885324565691,0.0006974177182807276,0.0007507362558195988,-5.331853753887117e-05,,prototype,prototype,prototype,1.2920233738493818
4,000004.jpg,previous_frame_refine_only:000003.jpg,swap_xy_freeze_alt_constrained_yaw,constrained_search,29.185043272768013,29.153123267821,-0.031920004947011194,0.0,True,prediction,True,118.32939899997541,254790.59289787602,3363806.144800578,88.799,29.19999999999999,254790.41683904742,3363805.5362862893,88.805,29.185043272768013,254790.98302462386,3363805.40009436,89.20184276346117,-150.846876732179,254790.28064711808,3363806.1024718652,88.805,29.185043272768013,0.5661855764337815,-0.13619192922487855,0.39684276346116576,-0.13619192922487855,0.5661855764337815,0.0,0.6334716650043016,0.8407057927754847,0.31510673705599807,0.006000000000000227,0.402842763461166,0.006000000000000227,0.01495672723197572,179.953123267821,0.01495672723197572,0.9156039357185364,0.8926809430122375,0.7913013696670532,0.8508068991542542,0.8827720926102688,0.8578436813247797,0.0007479853132584443,0.0006854222544158498,6.25630588425945e-05,,prototype,prototype,prototype,1.1846346940939418
5,000005.jpg,previous_frame_refine_only:000004.jpg,swap_xy_freeze_alt_constrained_yaw,constrained_search,29.185043272768013,29.18220783794618,-0.002835434821832905,0.0,True,prediction,True,126.70833900000389,254791.0807605194,3363807.017720768,88.816,29.19999999999999,254790.28064711808,3363806.1024718652,88.805,29.185043272768013,254791.6361289669,3363806.33260654,89.22191394586116,-150.81779216205382,254790.5107817933,3363807.4579537134,88.805,29.185043272768013,1.3554818488191813,0.2301346748135984,0.41691394586115393,0.2301346748135984,1.3554818488191813,0.0,1.2156734797528461,0.8819385568829581,0.7201949695669702,0.01099999999999568,0.40591394586115825,0.01099999999999568,0.01495672723197572,179.9822078379462,0.01495672723197572,0.9981808662414551,0.9360496997833252,0.918919563293457,0.8446487923775758,0.8662752049634389,0.8589629957899402,0.0009451851171130935,0.0007938795412580172,0.0001513055758550763,,prototype,prototype,prototype,1.2524154554283695
6,000006.jpg,previous_frame_refine_only:000005.jpg,swap_xy_freeze_alt_constrained_yaw,constrained_search,29.185043272768013,29.1693638796514,-0.015679393116613483,0.0,True,prediction,True,336.4401160000057,254791.5686137308,3363807.8906522817,88.832,29.19999999999999,254790.5107817933,3363807.4579537134,88.805,29.185043272768013,254791.44726706215,3363808.260035175,88.97521021123976,-150.8306361203486,254791.31286325416,3363808.394438982,88.805,29.185043272768013,0.9364852688449901,0.8020814615301788,0.17021021123974833,0.8020814615301788,0.9364852688449901,0.0,1.142907021170391,0.3888042383828826,0.5649861464808188,0.026999999999986812,0.14321021123976152,0.026999999999986812,0.01495672723197572,179.96936387965138,0.01495672723197572,0.9443696141242981,0.8188531398773193,0.8572807908058167,0.8640971395830579,0.85620785402618,0.8613645378817929,0.000769374513765797,0.000573116917318354,0.000196257596447443,,prototype,prototype,prototype,1.2675843039487962
7,000007.jpg,previous_frame_refine_only:000006.jpg,swap_xy_freeze_alt_constrained_yaw,constrained_search,29.185043272768013,29.174436137252627,-0.010607135515385835,-0.010607135515385835,True,clamped_raw_observation,True,126.59450000001016,254792.05647623076,3363808.7635725066,88.842,29.19999999999999,254791.31286325416,3363808.394438982,88.805,29.185043272768013,254792.0904087027,3363808.6134900716,89.1483070505783,-150.82556386274737,254791.53191434345,3363809.1719844304,88.805,29.174436137252627,0.7775454485381488,0.21905108960345387,0.34330705057828936,0.21905108960345387,0.7775454485381488,0.0,0.8301926390591376,0.1538705623093102,0.6648048383722553,0.03699999999999193,0.30630705057829744,0.03699999999999193,0.01495672723197572,179.9744361372526,0.025563862747361554,0.7935773730278015,0.7643802165985107,0.9133881330490112,0.9115962698848052,0.8629731212287438,0.8587164015359298,0.0004682708919669191,0.0005001555740212401,-3.188468205432099e-05,,prototype,prototype,prototype,1.6685391344063698
8,000008.jpg,previous_frame_refine_only:000007.jpg,swap_xy_freeze_alt_constrained_yaw,constrained_search,29.174436137252627,29.1446472777576,-0.029788859495027964,-0.029788859495027964,True,clamped_raw_observation,True,124.9340669999981,254792.54433865723,3363809.636492751,88.836,29.19999999999999,254791.53191434345,3363809.1719844304,88.805,29.174436137252627,254792.47692615676,3363809.7500927607,89.16003588866442,-150.8553527222424,254792.11002267347,3363810.1169962436,88.805,29.1446472777576,0.945011813309975,0.578108330257237,0.3550358886644176,0.578108330257237,0.945011813309975,0.0,1.1138989950224445,0.13209620508618317,0.6476989887867199,0.0309999999999917,0.3240358886644259,0.0309999999999917,0.025563862747361554,179.9446472777576,0.05535272224238952,0.9323452711105347,0.6059083342552185,0.8852238059043884,0.8706026844460041,0.8815685586454952,0.8650978155978595,0.0007109491756030669,0.000316535122692585,0.0003944140529104819,,prototype,prototype,prototype,1.3248215238350132
9,000009.jpg,previous_frame_refine_only:000008.jpg,swap_xy_freeze_alt_constrained_yaw,constrained_search,29.1446472777576,29.101496622412327,-0.04315065534527207,-0.04315065534527207,True,clamped_raw_observation,True,123.90509300001895,254793.0321914019,3363810.5094132307,88.871,29.19999999999999,254792.11002267347,3363810.1169962436,88.805,29.1446472777576,254792.9861978969,3363810.923110471,88.79992949590087,-150.89850337758767,254792.91613690098,3363810.9931714665,88.805,29.101496622412327,0.8761752234422602,0.8061142275109887,-0.005070504099137452,0.8061142275109887,0.8761752234422602,0.0,1.0021907280854607,0.41624609214100444,0.4974843494053295,0.06599999999998829,0.07107050409912574,0.06599999999998829,0.05535272224238952,179.9014966224123,0.09850337758766159,0.8767685294151306,0.8380967378616333,0.7942261695861816,0.8878564071095136,0.8663130903592013,0.8744219684849548,0.0006564916014516106,0.0006331600210008522,2.3331580450758338e-05,,prototype,prototype,prototype,1.2501648538439314
10,000010.jpg,previous_frame_refine_only:000009.jpg,swap_xy_freeze_alt_constrained_yaw,constrained_search,29.101496622412327,29.008263482871627,-0.09323313954070045,0.0,True,prediction,True,137.75525799999855,254793.52005368512,3363811.38233351,89.049,29.19999999999999,254792.91613690098,3363810.9931714665,88.805,29.101496622412327,254793.40369538314,3363811.5149134523,89.12217321526259,-150.99173651712837,254793.43787888627,3363811.4807299483,88.805,29.101496622412327,0.4875584821566008,0.521741985809058,0.317173215262585,0.521741985809058,0.4875584821566008,0.0,0.7184445548003737,0.17639925034578463,0.1281973346512998,0.24399999999999977,0.07317321526258525,0.24399999999999977,0.09850337758766159,179.80826348287167,0.09850337758766159,0.8638825416564941,0.8581386208534241,0.7267088890075684,0.8737452500713863,0.8603905374832517,0.8685395479605509,0.0006805620117423435,0.0006541979188720385,2.6364092870305054e-05,,prototype,prototype,prototype,1.160295981045433
11,000011.jpg,previous_frame_refine_only:000010.jpg,swap_xy_freeze_alt_constrained_yaw,constrained_search,29.101496622412327,28.999676727601923,-0.10181989481040432,0.0,True,prediction,True,122.85639899999978,254794.0079158972,3363812.2552538086,88.89,29.19999999999999,254793.43787888627,3363811.4807299483,88.805,29.101496622412327,254794.17528068696,3363811.517287392,88.92923751752824,-151.00032327239808,254793.47443632994,3363812.2181317485,88.805,29.101496622412327,0.7374018006958067,0.03655744390562177,0.12423751752822909,0.03655744390562177,0.7374018006958067,0.0,0.961680510372656,0.7567069476286118,0.5347695728413299,0.08499999999999375,0.039237517528235344,0.08499999999999375,0.09850337758766159,179.79967672760193,0.09850337758766159,0.9131268858909607,0.9366202354431152,0.8899124264717102,0.8709389036675244,0.854083991103746,0.8521433866817845,0.0007757857189668963,0.0007742995512671769,1.4861676997194326e-06,,prototype,prototype,prototype,1.3372328330195775
12,000012.jpg,previous_frame_refine_only:000011.jpg,swap_xy_freeze_alt_constrained_yaw,constrained_search,29.101496622412327,29.014289089437142,-0.08720753297518513,-0.08720753297518513,True,clamped_raw_observation,True,135.78137799999013,254794.4957782856,3363813.1281852094,88.843,29.19999999999999,254793.47443632994,3363812.2181317485,88.805,29.101496622412327,254794.88828858113,3363812.658720357,88.96900234185159,-150.98571091056286,254793.9150249381,3363813.631984,88.805,29.014289089437142,1.4138522511930205,0.4405886083841324,0.16400234185158524,0.4405886083841324,1.4138522511930205,0.0,1.367968088819296,0.6119326595324711,0.7688222630778787,0.0379999999999967,0.12600234185158854,0.0379999999999967,0.09850337758766159,179.81428908943712,0.18571091056284672,1.0089277029037476,0.886671245098114,0.896756112575531,0.8385084954933116,0.8650417612446835,0.8614055578817462,0.001011006689320008,0.0007486072330114742,0.0002623994563085338,,prototype,prototype,prototype,1.2262867843075123
13,000013.jpg,previous_frame_refine_only:000012.jpg,swap_xy_freeze_alt_constrained_yaw,constrained_search,29.014289089437142,28.83676000497448,-0.17752908446266247,0.0,True,prediction,True,131.39555500001165,254794.98363073997,3363814.001105759,88.98,29.19999999999999,254793.9150249381,3363813.631984,88.805,29.014289089437142,254794.60231724134,3363814.390083051,89.20980255305767,-151.16323999502552,254794.67312398893,3363814.3192763035,88.805,29.014289089437142,0.6872923032497056,0.7580990507267416,0.40480255305766377,0.7580990507267416,0.6872923032497056,0.0,1.13056146784419,0.5447047988789513,0.44457500823419355,0.17499999999999716,0.22980255305766661,0.17499999999999716,0.18571091056284672,179.63676000497446,0.18571091056284672,0.9561665058135986,0.929092526435852,0.8406272530555725,0.8542246575342466,0.8548821917808219,0.866454794520548,0.0009823821407432358,0.0009515871837114295,3.0794957031806346e-05,,prototype,prototype,prototype,1.1769246839466607
14,000014.jpg,previous_frame_refine_only:000013.jpg,swap_xy_freeze_alt_constrained_yaw,constrained_search,29.014289089437142,28.818217725476217,-0.19607136396092528,0.0,True,prediction,True,131.65109799999186,254795.471492734,3363814.87402611,88.941,29.19999999999999,254794.67312398893,3363814.3192763035,88.805,29.014289089437142,254795.50108221357,3363815.026726407,88.84180201683193,-151.18178227452378,254795.38057409253,3363815.1472345283,88.805,29.014289089437142,0.8279582246323116,0.7074501034803689,0.03680201683192763,0.7074501034803689,0.8279582246323116,0.0,0.9721831107501827,0.15554072786673676,0.2879392978572509,0.13599999999999568,0.09919798316806805,0.13599999999999568,0.18571091056284672,179.61821772547626,0.18571091056284672,0.9495026469230652,0.9370352625846863,0.834171712398529,0.8571052977520704,0.8546733271986329,0.8645107576355111,0.0008785810884243498,0.0008671904991691312,1.1390589255218632e-05,,prototype,prototype,prototype,1.2015085726005548
15,000015.jpg,previous_frame_refine_only:000014.jpg,swap_xy_freeze_alt_constrained_yaw,constrained_search,29.014289089437142,28.833668838582867,-0.18062025085427535,0.0,True,prediction,True,124.31199200000265,254795.95935465567,3363815.7469464773,88.798,29.19999999999999,254795.38057409253,3363815.1472345283,88.805,29.014289089437142,254796.23596729434,3363815.0738079986,88.95367987174541,-151.16633116141713,254795.30714756247,3363816.0026277304,88.805,29.014289089437142,0.8553932018112391,-0.07342652976512909,0.14867987174540076,-0.07342652976512909,0.8553932018112391,0.0,0.8334514755219831,0.7277568024238492,0.7005333650666729,0.007000000000005002,0.15567987174540576,0.007000000000005002,0.18571091056284672,179.63366883858288,0.18571091056284672,0.9057455062866211,0.9328151345252991,0.8787457942962646,0.8674778322955401,0.8539461814341349,0.8665097141851306,0.0008335161061647037,0.0009675246838014573,-0.00013400857763675356,,prototype,prototype,prototype,1.3183610987723375
16,000016.jpg,previous_frame_refine_only:000015.jpg,swap_xy_freeze_alt_constrained_yaw,constrained_search,29.014289089437142,28.831923822977387,-0.1823652664597546,0.0,True,prediction,True,130.26338000000237,254796.44721650638,3363816.6198668643,88.813,29.19999999999999,254795.30714756247,3363816.0026277304,88.805,29.014289089437142,254796.6313434323,3363816.9968664055,89.0169289689511,-151.1680761770226,254796.30138623863,3363817.3268235996,88.805,29.014289089437142,1.3241958698199596,0.9942386751063168,0.21192896895109925,0.9942386751063168,1.3241958698199596,0.0,1.2964340882959597,0.41956093586249676,0.7218409053548814,0.007999999999995566,0.20392896895110368,0.007999999999995566,0.18571091056284672,179.6319238229774,0.18571091056284672,0.9723989367485046,0.9199681878089905,0.8461551666259766,0.843593571616756,0.8599499429173619,0.8728813559322034,0.001033532724250108,0.0009615671588107944,7.196556543931365e-05,,prototype,prototype,prototype,1.1722424285564175
17,000017.jpg,previous_frame_refine_only:000016.jpg,swap_xy_freeze_alt_constrained_yaw,constrained_search,29.014289089437142,28.82022249523874,-0.19406659419840366,0.0,True,prediction,True,124.60896300001423,254796.93506867034,3363817.492787484,88.871,29.19999999999999,254796.30138623863,3363817.3268235996,88.805,29.014289089437142,254796.87398782317,3363818.0361198783,89.11699036415666,-151.17977750476126,254797.0106825174,3363817.899425184,88.805,29.014289089437142,0.5726015845430084,0.709296278655529,0.3119903641566566,0.709296278655529,0.5726015845430084,0.0,0.6550552917113437,0.5467549364125327,0.4136081149750289,0.06599999999998829,0.2459903641566683,0.06599999999998829,0.18571091056284672,179.62022249523875,0.18571091056284672,0.8743293285369873,0.9304447770118713,0.8191353678703308,0.8720535753623827,0.85707362206459,0.8729788077719522,0.000776239923046281,0.0009438808968601128,-0.0001676409738138318,,prototype,prototype,prototype,1.2766807817228314
18,000018.jpg,previous_frame_refine_only:000017.jpg,swap_xy_freeze_alt_constrained_yaw,constrained_search,29.014289089437142,28.82711192959826,-0.18717715983888183,0.0,True,prediction,True,122.26057300000548,254797.42293037643,3363818.365707906,88.877,29.19999999999999,254797.0106825174,3363817.899425184,88.805,29.014289089437142,254797.44882565402,3363818.1663198443,89.05212325975299,-151.17288807040174,254797.27757717812,3363818.33756832,88.805,29.014289089437142,0.4381431366200559,0.2668946604244411,0.247123259752982,0.2668946604244411,0.4381431366200559,0.0,0.6223888448382775,0.20106258858899578,0.1480519792691595,0.07199999999998852,0.17512325975299348,0.07199999999998852,0.18571091056284672,179.6271119295983,0.18571091056284672,0.8587477207183838,0.9422251582145691,0.8427882194519043,0.8750962914053043,0.8564542753383955,0.8612083195774183,0.0007265611202456057,0.0008764399875265857,-0.00014987886728098,,prototype,prototype,prototype,1.3692902386387067
19,000019.jpg,previous_frame_refine_only:000018.jpg,swap_xy_freeze_alt_constrained_yaw,constrained_search,29.014289089437142,28.830144881940498,-0.18414420749664373,0.0,True,prediction,True,117.26889999999912,254797.91079225895,3363819.238639433,88.825,29.19999999999999,254797.27757717812,3363818.33756832,88.805,29.014289089437142,254798.41205754876,3363818.3920989726,89.27585699036717,-151.1698551180595,254797.3321078312,3363819.4720486915,88.805,29.014289089437142,1.1344803706451785,0.054530652705579996,0.4708569903671673,0.054530652705579996,1.1344803706451785,0.0,1.1013130751051619,0.9838178905696303,0.6239836126749622,0.01999999999999602,0.4508569903671713,0.01999999999999602,0.18571091056284672,179.6301448819405,0.18571091056284672,0.9479323029518127,0.9645620584487915,0.8862494826316833,0.8600606629279682,0.8456368516376809,0.8670652672005587,0.0009009771844527373,0.0009970477452346433,-9.607056078190601e-05,,prototype,prototype,prototype,1.2566317347274576
20,000020.jpg,previous_frame_refine_only:000019.jpg,swap_xy_freeze_alt_constrained_yaw,constrained_search,29.014289089437142,28.834027238760115,-0.18026185067702727,0.0,True,prediction,True,143.97500000001173,254798.39865382045,3363820.11155989,88.833,29.19999999999999,254797.3321078312,3363819.4720486915,88.805,29.014289089437142,254798.20648927402,3363819.8543253276,89.29950924217701,-151.16597276123989,254797.71438446676,3363820.346430134,88.805,29.014289089437142,0.8743814428162295,0.38227663608267903,0.49450924217700276,0.38227663608267903,0.8743814428162295,0.0,1.243581489284324,0.3210869557131465,0.7234559971616137,0.027999999999991587,0.4665092421770112,0.027999999999991587,0.18571091056284672,179.63402723876015,0.18571091056284672,0.980646550655365,0.9386426210403442,0.8776525259017944,0.8467609339033213,0.8564726515400636,0.8707223501041325,0.0010379704278117667,0.000857597430391858,0.00018037299741990875,,prototype,prototype,prototype,1.195197706198092
21,000021.jpg,previous_frame_refine_only:000020.jpg,swap_xy_freeze_alt_constrained_yaw,constrained_search,29.014289089437142,28.818993961677904,-0.19529512775923763,0.0,True,prediction,True,132.61059600000635,254798.88651530858,3363820.9844803642,88.975,29.19999999999999,254797.71438446676,3363820.346430134,88.805,29.014289089437142,254798.8227058849,3363821.149070985,88.98873824439943,-151.1810060383221,254798.5170253175,3363821.4547515516,88.805,29.014289089437142,1.1083214181417134,0.8026408511213958,0.18373824439942155,0.8026408511213958,1.1083214181417134,0.0,1.3345406725272513,0.1765268111049414,0.5980617385983792,0.1699999999999875,0.013738244399434052,0.1699999999999875,0.18571091056284672,179.61899396167792,0.18571091056284672,0.985989511013031,0.9245263338088989,0.8869630098342896,0.8431503889369057,0.8587510803802939,0.8590751944684529,0.0010527282332380612,0.0008785603082894037,0.00017416792494865752,,prototype,prototype,prototype,1.2044422663657686
22,000022.jpg,previous_frame_refine_only:000021.jpg,swap_xy_freeze_alt_constrained_yaw,constrained_search,29.014289089437142,28.824138892828955,-0.19015019660818666,0.0,True,prediction,True,141.0304789999941,254799.37436711232,3363821.8574010744,89.037,29.19999999999999,254798.5170253175,3363821.4547515516,88.805,29.014289089437142,254799.18264298685,3363822.0061381175,89.2519421428442,-151.17586110717104,254799.06841188445,3363822.12036922,88.805,29.014289089437142,0.6656176693504676,0.551386565901339,0.4469421428441933,0.551386565901339,0.6656176693504676,0.0,0.9471861439679666,0.2426537621594773,0.40343629875767556,0.23199999999999932,0.214942142844194,0.23199999999999932,0.18571091056284672,179.62413889282897,0.18571091056284672,0.9614488482475281,0.9231859445571899,0.8251505494117737,0.8518590449062385,0.857814893938413,0.8726613581925293,0.0009259095240850002,0.0008618653131028017,6.404421098219848e-05,,prototype,prototype,prototype,1.1679545898686312
23,000023.jpg,previous_frame_refine_only:000022.jpg,swap_xy_freeze_alt_constrained_yaw,constrained_search,29.014289089437142,28.837288257955578,-0.1770008314815641,0.0,True,prediction,True,134.15510000001518,254799.86222845587,3363822.7303215843,89.012,29.19999999999999,254799.06841188445,3363822.12036922,88.805,29.014289089437142,254800.0193751587,3363822.237186831,89.26911683380604,-151.16271174204442,254799.1852294962,3363823.0713324943,88.805,29.014289089437142,0.9509632742556278,0.11681761080399156,0.4641168338060311,0.11681761080399156,0.9509632742556278,0.0,1.0010927207530624,0.5175683250921473,0.7580343212161849,0.20699999999999363,0.25711683380603745,0.20699999999999363,0.18571091056284672,179.63728825795556,0.18571091056284672,0.9274479746818542,0.9364005327224731,0.9121808409690857,0.8616512244986733,0.855061116186002,0.8590630301448519,0.0008847088126155237,0.000892566410281385,-7.857597665861249e-06,,prototype,prototype,prototype,1.339352910371115
24,000024.jpg,previous_frame_refine_only:000023.jpg,swap_xy_freeze_alt_constrained_yaw,constrained_search,29.014289089437142,28.826535861955904,-0.18775322748123813,0.0,True,prediction,True,143.04877600000054,254800.350089727,3363823.603242111,88.902,29.19999999999999,254799.1852294962,3363823.0713324943,88.805,29.014289089437142,254800.3351878043,3363823.715814521,89.30816728435457,-151.1734641380441,254799.82971152276,3363824.221290802,88.805,29.014289089437142,1.1499583081167657,0.6444820268079638,0.5031672843545607,0.6444820268079638,1.1499583081167657,0.0,1.280557377717949,0.11355445753308806,0.8079465700946892,0.0969999999999942,0.4061672843545665,0.0969999999999942,0.18571091056284672,179.62653586195592,0.18571091056284672,1.0027949810028076,0.9348731637001038,0.9196603894233704,0.840656708618212,0.8558768453599268,0.8553542655576362,0.0010741199172722797,0.0008253119885921478,0.0002488079286801319,,prototype,prototype,prototype,1.253414720530041
25,000025.jpg,previous_frame_refine_only:000024.jpg,swap_xy_freeze_alt_constrained_yaw,constrained_search,29.014289089437142,28.82832252974933,-0.18596655968781306,0.0,True,prediction,True,193.05289100000778,254800.83795092715,3363824.4761626585,88.922,29.19999999999999,254799.82971152276,3363824.221290802,88.805,29.014289089437142,254800.36867341332,3363825.1537630437,89.10922232456505,-151.17167747025067,254800.7621837642,3363824.7602526927,88.805,29.014289089437142,0.5389618905610405,0.932472241576761,0.30422232456504616,0.932472241576761,0.5389618905610405,0.0,1.039954979675365,0.824235201228601,0.29402008522003004,0.11699999999999022,0.18722232456505594,0.11699999999999022,0.18571091056284672,179.6283225297493,0.18571091056284672,0.9501017332077026,0.974324107170105,0.8283443450927734,0.8586116582610013,0.8402129916231953,0.8642611311933158,0.0009277181040185193,0.0010406454481805365,-0.00011292734416201722,,prototype,prototype,prototype,1.1892805982894055
26,000026.jpg,previous_frame_refine_only:000025.jpg,swap_xy_freeze_alt_constrained_yaw,constrained_search,29.014289089437142,28.838005513871792,-0.1762835755653498,0.0,True,prediction,True,138.99769999997602,254801.3258123037,3363825.349094307,89.106,29.19999999999999,254800.7621837642,3363824.7602526927,88.805,29.014289089437142,254801.3759749613,3363824.851438545,89.3644443443045,-151.1619944861282,254800.8533696173,3363825.37404389,88.805,29.014289089437142,0.6137911971018184,0.09118585241958499,0.5594443443044952,0.09118585241958499,0.6137911971018184,0.0,0.8151144565565754,0.500177518051033,0.4731010183848552,0.3009999999999877,0.25844434430450747,0.3009999999999877,0.18571091056284672,179.6380055138718,0.18571091056284672,0.9221959114074707,0.9229346513748169,0.8658624887466431,0.862594431254047,0.8564213252751997,0.8666738614288798,0.0008004762154693404,0.000851598015287891,-5.112179981855058e-05,,prototype,prototype,prototype,1.279414199269055
27,000027.jpg,previous_frame_refine_only:000026.jpg,swap_xy_freeze_alt_constrained_yaw,constrained_search,29.014289089437142,28.82156407489228,-0.19272501454486246,0.0,True,prediction,True,143.93318300000146,254801.81367335806,3363826.2220148887,89.275,29.19999999999999,254800.8533696173,3363825.37404389,88.805,29.014289089437142,254801.8300477629,3363825.736890939,89.01459075696766,-151.17843592510772,254801.21621666607,3363826.350722036,88.805,29.014289089437142,0.976678145583719,0.36284704925492406,0.20959075696765694,0.36284704925492406,0.976678145583719,0.0,1.2811081489801475,0.48540021384469995,0.6111628494479309,0.46999999999999886,0.2604092430323419,0.46999999999999886,0.18571091056284672,179.62156407489226,0.18571091056284672,0.9702749252319336,0.943572998046875,0.8706130385398865,0.8501322491092312,0.8547882921284455,0.8668327977790894,0.0009500766755081713,0.0008545531697260836,9.552350578208768e-05,,prototype,prototype,prototype,1.2180577462397921
28,000028.jpg,previous_frame_refine_only:000027.jpg,swap_xy_freeze_alt_constrained_yaw,constrained_search,29.014289089437142,28.82944356665908,-0.18484552277806188,0.0,True,prediction,True,135.57700000001205,254802.30152472804,3363827.094935705,89.046,29.19999999999999,254801.21621666607,3363826.350722036,88.805,29.014289089437142,254802.15948042177,3363826.7144814013,89.1566291032359,-151.17055643334092,254801.57997603196,3363827.293985791,88.805,29.014289089437142,0.9432637557038106,0.3637593653984368,0.3516291032358936,0.3637593653984368,0.9432637557038106,0.0,1.3159588043123058,0.4061059740317402,0.7485008066673818,0.24099999999999966,0.11062910323589392,0.24099999999999966,0.18571091056284672,179.62944356665912,0.18571091056284672,0.9761326909065247,0.9200254678726196,0.8852527141571045,0.8449700272479564,0.8571117166212534,0.8687738419618528,0.001047218587094297,0.0008596896659582853,0.0001875289211360116,,prototype,prototype,prototype,1.2111400996688158
29,000029.jpg,previous_frame_refine_only:000028.jpg,swap_xy_freeze_alt_constrained_yaw,constrained_search,29.014289089437142,28.829916754855674,-0.18437233458146807,0.0,True,prediction,True,134.63471700003993,254802.7893856379,3363827.967856321,89.03,29.19999999999999,254801.57997603196,3363827.293985791,88.805,29.014289089437142,254802.49371078153,3363827.77403391,89.1235513035208,-151.17008324514433,254802.0600241513,3363828.207720539,88.805,29.014289089437142,0.9137347495707218,0.4800481190904975,0.31855130352079186,0.4800481190904975,0.9137347495707218,0.0,1.384475744144949,0.3535403055586227,0.7677910010324602,0.22499999999999432,0.09355130352079755,0.22499999999999432,0.18571091056284672,179.62991675485569,0.18571091056284672,0.9761853218078613,0.9229480028152466,0.8919586539268494,0.8444771531851338,0.8592393774757029,0.8677027641290938,0.0010966195065217714,0.000853187870234251,0.0002434316362875204,,prototype,prototype,prototype,1.212803117604277
30,000030.jpg,previous_frame_refine_only:000029.jpg,swap_xy_freeze_alt_constrained_yaw,constrained_search,29.014289089437142,28.832842688116727,-0.18144640132041445,0.0,True,prediction,True,176.23103400001128,254803.27724647656,3363828.8407769557,88.973,29.19999999999999,254802.0600241513,3363828.207720539,88.805,29.014289089437142,254802.98275853394,3363829.16344242,89.51877721678466,-151.16715731188327,254803.01574603232,3363829.130454921,88.805,29.014289089437142,0.9227343826496508,0.955721880774945,0.7137772167846492,0.955721880774945,0.9227343826496508,0.0,1.3720024109999363,0.4368479713739465,0.3902509525992826,0.16799999999999216,0.5457772167846571,0.16799999999999216,0.18571091056284672,179.63284268811674,0.18571091056284672,0.9810885787010193,0.9329869747161865,0.8470944166183472,0.844258190921955,0.854032872537281,0.8637204745836509,0.001056928401036809,0.0009357421852958699,0.00012118621574093902,,prototype,prototype,prototype,1.1591557358138584
31,000031.jpg,previous_frame_refine_only:000030.jpg,swap_xy_freeze_alt_constrained_yaw,constrained_search,29.014289089437142,28.830687768530765,-0.1836013209063765,0.0,True,prediction,True,153.86038100001542,254803.7651072406,3363829.7136976086,88.903,29.19999999999999,254803.01574603232,3363829.130454921,88.805,29.014289089437142,254803.986221924,3363829.4621740924,89.3838184159249,-151.16931223146923,254803.347465203,3363830.1009308123,88.805,29.014289089437142,0.9704758916632272,0.33171917125582695,0.5788184159248999,0.33171917125582695,0.9704758916632272,0.0,0.9495863588158527,0.3348966741961363,0.5695387832636197,0.09799999999999898,0.48081841592490093,0.09799999999999898,0.18571091056284672,179.63068776853078,0.18571091056284672,0.9349939227104187,0.9200936555862427,0.8673768043518066,0.857610794160394,0.8587171088309942,0.8650079177422504,0.0008792678321090838,0.0008504228317178786,2.8845000391205188e-05,,prototype,prototype,prototype,1.2521095708931596
32,000032.jpg,previous_frame_refine_only:000031.jpg,swap_xy_freeze_alt_constrained_yaw,constrained_search,29.014289089437142,28.826254527713957,-0.18803456172318533,0.0,True,prediction,True,142.74721700002146,254804.2529679347,3363830.5866182777,88.863,29.19999999999999,254803.347465203,3363830.1009308123,88.805,29.014289089437142,254804.6581485955,3363830.5706459875,89.09820773173124,-151.17374547228604,254803.81718037976,3363831.4116142048,88.805,29.014289089437142,1.3106833925121464,0.4697151752188802,0.29320773173122916,0.4697151752188802,1.3106833925121464,0.0,1.0275346763901856,0.4054953537877427,0.9330214749353634,0.057999999999992724,0.23520773173123644,0.057999999999992724,0.18571091056284672,179.62625452771397,0.18571091056284672,0.9546108841896057,0.9231187701225281,0.9330370426177979,0.8541100096499693,0.8577726116325993,0.8563909114834635,0.0009438157333837202,0.0009227918635588139,2.1023869824906226e-05,,prototype,prototype,prototype,1.3631612701949096
33,000033.jpg,previous_frame_refine_only:000032.jpg,swap_xy_freeze_alt_constrained_yaw,constrained_search,29.014289089437142,28.826473031202596,-0.18781605823454584,0.0,True,prediction,True,141.8582989999777,254804.74082855543,3363831.459538966,88.761,29.19999999999999,254803.81718037976,3363831.4116142048,88.805,29.014289089437142,254804.5359481044,3363832.4449318848,88.97673255112022,-151.1735269687974,254804.8504980613,3363832.1303819288,88.805,29.014289089437142,0.7187677246402018,1.0333176800049841,0.1717325511202148,1.0333176800049841,0.7187677246402018,0.0,0.9248906611857554,1.0064666927694834,0.6797482484459197,0.04400000000001114,0.21573255112022593,0.04400000000001114,0.18571091056284672,179.62647303120264,0.18571091056284672,0.92494136095047,0.9622862935066223,0.8785877823829651,0.864882534977989,0.8446585015037267,0.8635095671882491,0.0008634996969097605,0.0010208998379918437,-0.00015740014108208322,,prototype,prototype,prototype,1.2872711088136946
34,000034.jpg,previous_frame_refine_only:000033.jpg,swap_xy_freeze_alt_constrained_yaw,constrained_search,29.014289089437142,28.822840424107568,-0.19144866532957394,0.0,True,prediction,True,141.78365599997278,254805.22868935487,3363832.3324707593,88.832,29.19999999999999,254804.8504980613,3363832.1303819288,88.805,29.014289089437142,254805.47771173913,3363832.2312763496,89.07737767882645,-151.17715957589243,254804.951392482,3363832.7575956066,88.805,29.014289089437142,0.6272136778279673,0.10089442087337375,0.2723776788264445,0.10089442087337375,0.6272136778279673,0.0,0.4287989621643582,0.26879817039630566,0.5075674255896567,0.026999999999986812,0.24537767882645767,0.026999999999986812,0.18571091056284672,179.6228404241076,0.18571091056284672,0.8809219598770142,0.9220754504203796,0.8686498403549194,0.858674570139691,0.8598077886983242,0.8584566434938,0.0007197844582454612,0.0008787381909011552,-0.00015895373265569402,,prototype,prototype,prototype,1.3756703423119148
35,000035.jpg,previous_frame_refine_only:000034.jpg,swap_xy_freeze_alt_constrained_yaw,constrained_search,29.014289089437142,28.8399863878451,-0.17430270159204042,0.0,True,prediction,True,131.7363609999802,254805.71654983095,3363833.2053914815,88.794,29.19999999999999,254804.951392482,3363832.7575956066,88.805,29.014289089437142,254806.01313449006,3363833.204800804,89.12224394921213,-151.1600136121549,254805.3985976798,3363833.8193376143,88.805,29.014289089437142,1.0617420080525335,0.44720519753172994,0.31724394921212706,0.44720519753172994,1.0617420080525335,0.0,0.8865590303086193,0.2965852473058355,0.6913923809485937,0.01100000000000989,0.32824394921213695,0.01100000000000989,0.18571091056284672,179.6399863878451,0.18571091056284672,0.9584184288978577,0.918745219707489,0.8717381358146667,0.8457510116638896,0.8636904633096016,0.8638635822639631,0.0008861803507898003,0.0008393282381196817,4.6852112670118574e-05,,prototype,prototype,prototype,1.248557764796933
36,000036.jpg,previous_frame_refine_only:000035.jpg,swap_xy_freeze_alt_constrained_yaw,constrained_search,29.014289089437142,28.83175121174409,-0.18253787769305063,0.0,True,prediction,True,129.58910000003243,254806.20441023482,3363834.078312223,88.796,29.19999999999999,254805.3985976798,3363833.8193376143,88.805,29.014289089437142,254805.9957688976,3363834.3679808364,89.0858804397285,-151.1682487882559,254805.94724090167,3363834.4165088315,88.805,29.014289089437142,0.5971712178143207,0.548643222078681,0.28088043972849164,0.548643222078681,0.5971712178143207,0.0,0.8464051758283042,0.35698615278770196,0.42486822903910393,0.009000000000000341,0.289880439728492,0.009000000000000341,0.18571091056284672,179.63175121174413,0.18571091056284672,0.9042686223983765,0.9191752672195435,0.842046320438385,0.8668431674659838,0.863891842624943,0.8652807013736681,0.0008332516105535129,0.0008719660982023925,-3.8714487648879524e-05,,prototype,prototype,prototype,1.252824518586092
37,000037.jpg,previous_frame_refine_only:000036.jpg,swap_xy_freeze_alt_constrained_yaw,constrained_search,29.014289089437142,28.828895473354237,-0.18539361608290506,0.0,True,prediction,True,139.33237499998086,254806.69227056755,3363834.9512329814,88.873,29.19999999999999,254805.94724090167,3363834.4165088315,88.805,29.014289089437142,254807.16927815508,3363834.538324556,89.1015426395461,-151.17110452664576,254806.0690566263,3363835.638546085,88.805,29.014289089437142,1.2220372534065973,0.12181572429835796,0.2965426395460895,0.12181572429835796,1.2220372534065973,0.0,0.9170600413690151,0.6308958760785565,0.9277903421236451,0.06799999999999784,0.22854263954609166,0.06799999999999784,0.18571091056284672,179.62889547335425,0.18571091056284672,0.9289984703063965,0.9634879231452942,0.943545937538147,0.8591649278292856,0.8449243874631618,0.8544324219674317,0.0008621505403425545,0.0009539039456285536,-9.175340528599918e-05,,prototype,prototype,prototype,1.4198504698882897
38,000038.jpg,previous_frame_refine_only:000037.jpg,swap_xy_freeze_alt_constrained_yaw,constrained_search,29.014289089437142,28.839445530066428,-0.17484355937071427,0.0,True,prediction,True,158.91384099995776,254807.1801212136,3363835.8241539756,89.009,29.19999999999999,254806.0690566263,3363835.638546085,88.805,29.014289089437142,254806.9581815924,3363836.540808236,89.18511744216084,-151.16055446993357,254806.97131877748,3363836.5276710507,88.805,29.014289089437142,0.8891249661101028,0.9022621512413025,0.380117442160838,0.9022621512413025,0.8891249661101028,0.0,1.126461187183932,0.7502336467773786,0.7338492572582708,0.20399999999999352,0.17611744216084446,0.20399999999999352,0.18571091056284672,179.63944553006644,0.18571091056284672,0.9475572109222412,0.9282769560813904,0.8622769713401794,0.862173386399031,0.8548408029070773,0.8672131856722617,0.0009028087564123174,0.0009396106858427326,-3.680192943041516e-05,,prototype,prototype,prototype,1.26304009377075
39,000039.jpg,previous_frame_refine_only:000038.jpg,swap_xy_freeze_alt_constrained_yaw,constrained_search,29.014289089437142,28.826646979221522,-0.18764211021562005,0.0,True,prediction,True,136.13405000000967,254807.6679814017,3363836.6970747686,89.123,29.19999999999999,254806.97131877748,3363836.5276710507,88.805,29.014289089437142,254807.4498076618,3363837.23263918,89.0108790146187,-151.17335302077848,254807.6762869067,3363837.0061599356,88.805,29.014289089437142,0.47848888431326486,0.7049681292846799,0.20587901461868796,0.7049681292846799,0.47848888431326486,0.0,0.7169633404917155,0.5782983828244541,0.3091967365301843,0.31799999999999784,0.11212098538130988,0.31799999999999784,0.18571091056284672,179.6266469792215,0.18571091056284672,0.8948481678962708,0.9349033236503601,0.8436363935470581,0.8659976892464376,0.8545081090333347,0.8615259531858445,0.0007879042920346061,0.0009047379135154188,-0.00011683362148081267,,prototype,prototype,prototype,1.2815379137518357
40,000040.jpg,previous_frame_refine_only:000039.jpg,swap_xy_freeze_alt_constrained_yaw,constrained_search,29.014289089437142,28.83149151956303,-0.18279756987411133,0.0,True,prediction,True,134.78189899996096,254808.15584151633,3363837.5699955802,89.473,29.19999999999999,254807.6762869067,3363837.0061599356,88.805,29.014289089437142,254808.34062658114,3363837.1162148095,88.89767664298415,-151.16850848043697,254807.78634178155,3363837.67049961,88.805,29.014289089437142,0.6643396744329948,0.11005487386137247,0.09267664298414502,0.11005487386137247,0.6643396744329948,0.0,0.7401913656412613,0.48996174145862526,0.38292442329375853,0.6679999999999922,0.5753233570158471,0.6679999999999922,0.18571091056284672,179.63149151956304,0.18571091056284672,0.9067481756210327,0.9142813682556152,0.8560748100280762,0.8597454615931261,0.8607575855460086,0.8632555935999311,0.0007586509260969857,0.0008290977178451916,-7.044679174820589e-05,,prototype,prototype,prototype,1.2965891759950763
41,000041.jpg,previous_frame_refine_only:000040.jpg,swap_xy_freeze_alt_constrained_yaw,constrained_search,29.014289089437142,28.83355566962888,-0.18073341980826285,0.0,True,prediction,True,150.30047499999455,254808.64370155873,3363838.4429164105,89.563,29.19999999999999,254807.78634178155,3363837.67049961,88.805,29.014289089437142,254809.09043182686,3363838.03617621,88.90914034750313,-151.16644433037112,254808.15201838157,3363838.9745896556,88.805,29.014289089437142,1.3040900453052018,0.36567660002037883,0.10414034750311885,0.36567660002037883,1.3040900453052018,0.0,1.1539902519357264,0.604156869805659,0.7241745551223134,0.7579999999999956,0.6538596524968767,0.7579999999999956,0.18571091056284672,179.6335556696289,0.18571091056284672,0.9561153054237366,0.9282594323158264,0.8998705148696899,0.853343350864012,0.8568637973596651,0.861629279811098,0.0009248112619388849,0.000906188894684116,1.8622367254768845e-05,,prototype,prototype,prototype,1.2894518647874726
42,000042.jpg,previous_frame_refine_only:000041.jpg,swap_xy_freeze_alt_constrained_yaw,constrained_search,29.014289089437142,28.82677789333846,-0.18751119609868283,0.0,True,prediction,True,128.36090000001832,254809.1315615301,3363839.3158372594,89.463,29.19999999999999,254808.15201838157,3363838.9745896556,88.805,29.014289089437142,254808.708116924,3363839.5825085905,88.93839897122234,-151.17322210666154,254808.75993731676,3363839.5306881983,88.805,29.014289089437142,0.5560985424381215,0.6079189348965883,0.13339897122233424,0.6079189348965883,0.5560985424381215,0.0,1.0372823660534756,0.500418757927156,0.4292615541682119,0.657999999999987,0.5246010287776528,0.657999999999987,0.18571091056284672,179.6267778933385,0.18571091056284672,0.9534715414047241,0.9462102651596069,0.8442260026931763,0.8582834760900443,0.8541514225455171,0.8689794688589506,0.0009399369009770453,0.0009202715300489217,1.9665370928123593e-05,,prototype,prototype,prototype,1.1906898611840246
43,000043.jpg,previous_frame_refine_only:000042.jpg,swap_xy_freeze_alt_constrained_yaw,constrained_search,29.014289089437142,28.83631077180931,-0.1779783176278329,0.0,True,prediction,True,135.6250999999702,254809.61942167665,3363840.18876921,89.368,29.19999999999999,254808.75993731676,3363839.5306881983,88.805,29.014289089437142,254809.61241627432,3363839.830378887,89.06995814666152,-151.1636892281907,254809.05962800517,3363840.3831671556,88.805,29.014289089437142,0.8524789575603791,0.2996906884945929,0.2649581466615132,0.2996906884945929,0.8524789575603791,0.0,1.0824897149803434,0.3584587835918033,0.5925871377357694,0.5629999999999882,0.298041853338475,0.5629999999999882,0.18571091056284672,179.63631077180935,0.18571091056284672,0.9447265863418579,0.9126756191253662,0.8532745242118835,0.8550238924084845,0.8615970075028649,0.8711755929857943,0.0009149767477841427,0.0008509530355998626,6.402371218428016e-05,,prototype,prototype,prototype,1.2119528359027498
44,000044.jpg,previous_frame_refine_only:000043.jpg,swap_xy_freeze_alt_constrained_yaw,constrained_search,29.014289089437142,28.823575215885626,-0.19071387355151614,0.0,True,prediction,True,142.62895900003514,254810.10728150335,3363841.0616900935,89.286,29.19999999999999,254809.05962800517,3363840.3831671556,88.805,29.014289089437142,254809.97353037994,3363841.0602231757,89.12278155144304,-151.17642478411437,254809.73668402553,3363841.29706953,88.805,29.014289089437142,0.9139023747702595,0.6770560201257467,0.31778155144303355,0.6770560201257467,0.9139023747702595,0.0,1.2481871772937727,0.1337591673975696,0.43902843838212047,0.48099999999999454,0.163218448556961,0.48099999999999454,0.18571091056284672,179.62357521588564,0.18571091056284672,0.9802744388580322,0.9326854348182678,0.8535318374633789,0.8484455958549223,0.8575777202072539,0.8666234887737478,0.0009967168928900112,0.0008633823599666357,0.0001333345329233755,,prototype,prototype,prototype,1.1709974475731186
45,000045.jpg,previous_frame_refine_only:000044.jpg,swap_xy_freeze_alt_constrained_yaw,constrained_search,29.014289089437142,28.835243841996657,-0.17904524744048445,0.0,True,prediction,True,143.76125799998363,254810.5951412566,3363841.934610994,89.275,29.19999999999999,254809.73668402553,3363841.29706953,88.805,29.014289089437142,254810.90524000503,3363841.8044981747,88.9748397283256,-151.16475615800334,254810.24411267042,3363842.46562551,88.805,29.014289089437142,1.1685559795005247,0.5074286446906626,0.16983972832559857,0.5074286446906626,1.1685559795005247,0.0,1.0693025465196595,0.3362894282278341,0.6365512426671628,0.46999999999999886,0.3001602716744003,0.46999999999999886,0.18571091056284672,179.63524384199667,0.18571091056284672,0.9489471912384033,0.8993570804595947,0.8839101791381836,0.8571767701836546,0.8661113149319118,0.8629389041155017,0.0009506335190963,0.0008584150540021559,9.221846509414411e-05,,prototype,prototype,prototype,1.2587542509876644
46,000046.jpg,previous_frame_refine_only:000045.jpg,swap_xy_freeze_alt_constrained_yaw,constrained_search,29.014289089437142,28.82918697139121,-0.18510211804593268,0.0,True,prediction,True,143.92700799999147,254811.08300093882,3363842.807531913,89.146,29.19999999999999,254810.24411267042,3363842.46562551,88.805,29.014289089437142,254810.97234080394,3363843.202539594,89.14036429859698,-151.1708130286088,254810.98102675364,3363843.1938536433,88.805,29.014289089437142,0.7282281335210428,0.736914083827287,0.33536429859697137,0.736914083827287,0.7282281335210428,0.0,0.9058882464596905,0.41021547213545934,0.39955376841862894,0.340999999999994,0.005635701403022608,0.340999999999994,0.18571091056284672,179.62918697139122,0.18571091056284672,0.9329513907432556,0.9389849901199341,0.8385598063468933,0.8580121703853956,0.8534856410803886,0.8644603394896979,0.0008686265985791882,0.0009133965068031102,-4.476990822392202e-05,,prototype,prototype,prototype,1.2155136255466035
47,000047.jpg,previous_frame_refine_only:000046.jpg,swap_xy_freeze_alt_constrained_yaw,constrained_search,29.014289089437142,28.816868263025412,-0.19742082641172942,0.0,True,prediction,True,227.0415340000227,254811.57086054757,3363843.6804528483,89.112,29.19999999999999,254810.98102675364,3363843.1938536433,88.805,29.014289089437142,254811.67396573283,3363843.4257663176,89.29386159032583,-151.1831317369746,254811.21293942796,3363843.8867926225,88.805,29.014289089437142,0.6929389791912399,0.231912674382329,0.48886159032582555,0.231912674382329,0.6929389791912399,0.0,0.7646454674077827,0.27476518727366855,0.4131387542592831,0.30699999999998795,0.1818615903258376,0.30699999999998795,0.18571091056284672,179.61686826302542,0.18571091056284672,0.9036177396774292,0.9261366724967957,0.839651346206665,0.8639533876277942,0.861657425056316,0.8720325766764859,0.0008081399331179758,0.0008492873554738859,-4.114742235591007e-05,,prototype,prototype,prototype,1.2547633654634955
48,000048.jpg,previous_frame_refine_only:000047.jpg,swap_xy_freeze_alt_constrained_yaw,constrained_search,29.014289089437142,28.834165731259958,-0.18012335817718395,0.0,True,prediction,True,137.31499199997188,254812.05872008385,3363844.5533738025,89.192,29.19999999999999,254811.21293942796,3363843.8867926225,88.805,29.014289089437142,254812.07183800777,3363844.3067273647,89.09744382090867,-151.16583426874004,254811.63287417026,3363844.7456912026,88.805,29.014289089437142,0.8588985798123758,0.4199347421526909,0.29244382090865884,0.4199347421526909,0.8588985798123758,0.0,1.0768822532348108,0.24699503072847678,0.467258734013939,0.38699999999998624,0.09455617909132741,0.38699999999998624,0.18571091056284672,179.63416573125994,0.18571091056284672,0.934830367565155,0.9120603799819946,0.8244113922119141,0.8603884285133081,0.8643712126078671,0.874435236932828,0.000919321416101108,0.0008237162061656514,9.560520993545651e-05,,prototype,prototype,prototype,1.1843652068593133
49,000049.jpg,previous_frame_refine_only:000048.jpg,swap_xy_freeze_alt_constrained_yaw,constrained_search,29.014289089437142,28.83500006348845,-0.179289025948691,0.0,True,prediction,True,140.690764999988,254812.5465795493,3363845.4262947743,89.094,29.19999999999999,254811.63287417026,3363844.7456912026,88.805,29.014289089437142,254812.48542105645,3363844.884016986,89.31014010217041,-151.16499993651155,254811.7711999535,3363845.598238088,88.805,29.014289089437142,0.8525468861917034,0.13832578342407942,0.505140102170401,0.13832578342407942,0.8525468861917034,0.0,1.1393325859847268,0.5457156410677274,0.7942153491054493,0.28899999999998727,0.21614010217041368,0.28899999999998727,0.18571091056284672,179.63500006348846,0.18571091056284672,0.9359976649284363,0.9281734228134155,0.9052553772926331,0.8592740990174975,0.8540312440058823,0.8645382664478591,0.0009306390711572021,0.0008863088247987131,4.433024635848903e-05,,prototype,prototype,prototype,1.3052999939593946
50,000050.jpg,previous_frame_refine_only:000049.jpg,swap_xy_freeze_alt_constrained_yaw,constrained_search,29.014289089437142,28.837402063907632,-0.17688702552950986,0.0,True,prediction,True,186.70169600000008,254813.0344389411,3363846.2992157633,89.121,29.19999999999999,254811.7711999535,3363845.598238088,88.805,29.014289089437142,254812.8181605973,3363846.4758383757,89.13618586864322,-151.16259793609237,254812.64880024057,3363846.6451987317,88.805,29.014289089437142,1.0469606437836774,0.877600287552923,0.3311858686432174,0.877600287552923,1.0469606437836774,0.0,1.4446945839306935,0.2792344341465626,0.5180940278884715,0.3159999999999883,0.015185868643229128,0.3159999999999883,0.18571091056284672,179.63740206390764,0.18571091056284672,0.9951739311218262,0.9186651110649109,0.854612410068512,0.8383309912441899,0.8607069505999352,0.8684682737001406,0.0011179263625914853,0.0008679114107508212,0.000250014951840664,,prototype,prototype,prototype,1.1341052264936142
51,000051.jpg,previous_frame_refine_only:000050.jpg,swap_xy_freeze_alt_constrained_yaw,constrained_search,29.014289089437142,28.84429683428931,-0.16999225514783234,0.0,True,prediction,True,140.88699799998494,254813.5222982606,3363847.1721367715,89.26,29.19999999999999,254812.64880024057,3363846.6451987317,88.805,29.014289089437142,254813.3562421478,3363846.8647296624,89.09544316027313,-151.1557031657107,254812.86833117186,3363847.352640638,88.805,29.014289089437142,0.7074419072305318,0.21953093074262142,0.2904431602731279,0.21953093074262142,0.7074419072305318,0.0,1.0201286628580557,0.3493905598338366,0.6784206652295777,0.4549999999999983,0.1645568397268704,0.4549999999999983,0.18571091056284672,179.64429683428932,0.18571091056284672,0.9394344091415405,0.9334206581115723,0.8850977420806885,0.8549377523553163,0.8533815612382234,0.8632234185733513,0.0008901051866511503,0.0008595660328865051,3.053915376464522e-05,,prototype,prototype,prototype,1.2711605820362486
52,000052.jpg,previous_frame_refine_only:000051.jpg,swap_xy_freeze_alt_constrained_yaw,constrained_search,29.014289089437142,28.837943859086607,-0.17634523035053462,0.0,True,prediction,True,143.2343250000372,254814.010157508,3363848.045057796,89.406,29.19999999999999,254812.86833117186,3363847.352640638,88.805,29.014289089437142,254814.10297532057,3363847.8625247222,89.02278405148536,-151.1620561409134,254813.37821525545,3363848.5872847866,88.805,29.014289089437142,1.2346441487025004,0.5098840841092169,0.21778405148535285,0.5098840841092169,1.2346441487025004,0.0,1.3353684518915558,0.2047766327671873,0.8326830849572991,0.6009999999999991,0.38321594851464624,0.6009999999999991,0.18571091056284672,179.6379438590866,0.18571091056284672,0.9890984296798706,0.8898616433143616,0.909843921661377,0.8403251963127347,0.8708176852167976,0.8620476271765107,0.0010494746966287494,0.0007976634078659117,0.00025181128876283765,,prototype,prototype,prototype,1.2558722358833951
53,000053.jpg,previous_frame_refine_only:000052.jpg,swap_xy_freeze_alt_constrained_yaw,constrained_search,29.014289089437142,28.834583688557956,-0.17970540087918607,0.0,True,prediction,True,128.03339999999253,254814.49801693283,3363848.9179899255,89.461,29.19999999999999,254813.37821525545,3363848.5872847866,88.805,29.014289089437142,254814.07144161602,3363849.8282415853,89.24549886584282,-151.16541631144204,254814.61917205396,3363849.2805111473,88.805,29.014289089437142,0.6932263605704065,1.2409567986615002,0.4404988658428124,1.2409567986615002,0.6932263605704065,0.0,1.167613671356843,1.0052485190720915,0.38223055827079583,0.6559999999999917,0.2155011341571793,0.6559999999999917,0.18571091056284672,179.634583688558,0.18571091056284672,0.940241277217865,0.9667799472808838,0.8312036991119385,0.8623925440463018,0.84262490424717,0.8687547876415014,0.0009335925860796124,0.0011443760207233329,-0.00021078343464372051,,prototype,prototype,prototype,1.1885387992194827
54,000054.jpg,previous_frame_refine_only:000053.jpg,swap_xy_freeze_alt_constrained_yaw,constrained_search,29.014289089437142,28.82622129281117,-0.1880677966259725,0.0,True,prediction,True,139.33605800002624,254814.9858760367,3363849.7909109863,89.393,29.19999999999999,254814.61917205396,3363849.2805111473,88.805,29.014289089437142,254815.1108027087,3363849.239808393,89.02037292066962,-151.17377870718883,254814.5784693,3363849.7721418017,88.805,29.014289089437142,0.49163065472384915,-0.04070275416597724,0.21537292066960845,-0.04070275416597724,0.49163065472384915,0.0,0.6284741892127501,0.5650847206134271,0.40783885468404796,0.5879999999999939,0.3726270793303854,0.5879999999999939,0.18571091056284672,179.62622129281118,0.18571091056284672,0.8799321055412292,0.9208679795265198,0.877109169960022,0.8652752635502077,0.8572888936215526,0.8613566180385476,0.0007015606970526278,0.0008637597978425523,-0.0001621991007899245,,prototype,prototype,prototype,1.367084773710626
55,000055.jpg,previous_frame_refine_only:000054.jpg,swap_xy_freeze_alt_constrained_yaw,constrained_search,29.014289089437142,28.8391314228179,-0.17515766661924204,0.0,True,prediction,True,131.33469999996805,254815.47373506706,3363850.663832064,89.457,29.19999999999999,254814.5784693,3363849.7721418017,88.805,29.014289089437142,254815.79559265164,3363849.775923188,89.29928979091346,-151.1608685771821,254814.58225068674,3363850.989265154,88.805,29.014289089437142,1.2171233516419306,0.003781386185437441,0.4942897909134558,0.003781386185437441,1.2171233516419306,0.0,1.2635712553086982,0.9444440040203906,0.9490263940682184,0.6519999999999868,0.157710209086531,0.6519999999999868,0.18571091056284672,179.6391314228179,0.18571091056284672,0.9766064882278442,0.9392841458320618,0.9393081068992615,0.8496520610329638,0.8537166691494116,0.860377519099402,0.0009373884919720391,0.000980861174563567,-4.347268259152781e-05,,prototype,prototype,prototype,1.3317124939067218
56,000056.jpg,previous_frame_refine_only:000055.jpg,swap_xy_freeze_alt_constrained_yaw,constrained_search,29.014289089437142,28.833603092715236,-0.18068599672190544,0.5,True,grid,True,157.689457999993,254815.96160363732,3363851.536752943,89.365,29.19999999999999,254814.58225068674,3363850.989265154,88.805,29.014289089437142,254815.95073227424,3363851.9330414957,88.92781620938331,-151.16639690728476,254815.52602702822,3363852.3577467417,88.805,29.514289089437142,1.368481587502174,0.9437763416208327,0.12281620938330207,0.9437763416208327,1.368481587502174,0.0,1.4840341779053183,0.3964376415090665,0.9293857111237269,0.5599999999999881,0.437183790616686,0.5599999999999881,0.18571091056284672,179.63360309271525,0.3142890894371533,0.9948412179946899,0.9072757959365845,0.9303476810455322,0.8434520396678771,0.8643477522244165,0.8524983542502814,0.0011106955935247242,0.0008758698725917687,0.0002348257209329555,,prototype,prototype,prototype,1.2971622841401627
57,000057.jpg,previous_frame_refine_only:000056.jpg,swap_xy_freeze_alt_constrained_yaw,constrained_search,29.514289089437142,29.819914435189816,0.30562534575267364,-0.5,True,grid,True,139.7373249999987,254816.44946252435,3363852.4096740573,88.898,29.19999999999999,254815.52602702822,3363852.3577467417,88.805,29.514289089437142,254816.02974453827,3363853.1176746804,89.0245361449197,-150.18008556481018,254816.28595496828,3363852.8614642513,88.805,29.014289089437142,0.5037175100587774,0.7599279386922717,0.21953614491968665,0.7599279386922717,0.5037175100587774,0.0,0.9248943516019039,0.823060186272048,0.48046758508079573,0.09299999999998931,0.12653614491969734,0.09299999999998931,0.3142890894371533,179.38008556481017,0.18571091056284672,0.9291394352912903,0.9766073226928711,0.8331281542778015,0.8572347542670898,0.840016296423364,0.8712582554249936,0.0009293653226147095,0.0012129992925717186,-0.00028363396995700907,,prototype,prototype,prototype,1.229919818142108
58,000058.jpg,previous_frame_refine_only:000057.jpg,swap_xy_freeze_alt_constrained_yaw,constrained_search,29.014289089437142,28.82260452499824,-0.19168456443890136,0.0,True,prediction,True,159.27799999997205,254816.93732133793,3363853.282595189,88.833,29.19999999999999,254816.28595496828,3363852.8614642513,88.805,29.014289089437142,254816.9752261936,3363853.6224033087,89.17133192531765,-151.17739547500176,254817.0468940262,3363853.550735476,88.805,29.014289089437142,0.6892712253320497,0.7609390574507415,0.36633192531763825,0.7609390574507415,0.6892712253320497,0.0,0.7756477383807864,0.34191568617435725,0.28966426704020753,0.027999999999991587,0.33833192531764666,0.027999999999991587,0.18571091056284672,179.62260452499822,0.18571091056284672,0.927855372428894,0.9235267043113708,0.8447252511978149,0.8568098991439953,0.8580176286125943,0.8610263581659463,0.0008407744753640145,0.0009226419982345154,-8.186752287050092e-05,,prototype,prototype,prototype,1.2525533778753877
59,000059.jpg,previous_frame_refine_only:000058.jpg,swap_xy_freeze_alt_constrained_yaw,constrained_search,29.014289089437142,28.813462066332875,-0.20082702310426725,0.0,True,prediction,True,166.70070999998643,254817.42518008052,3363854.1555163376,89.3,29.19999999999999,254817.0468940262,3363853.550735476,88.805,29.014289089437142,254817.41365306548,3363853.598309189,89.08413606695831,-151.18653793366713,254817.09446774004,3363853.917494514,88.805,29.014289089437142,0.3667590392869897,0.04757371312007308,0.2791360669583014,0.04757371312007308,0.3667590392869897,0.0,0.7133443975446464,0.557326366180487,0.4074617045142942,0.49499999999999034,0.21586393304168894,0.49499999999999034,0.18571091056284672,179.6134620663329,0.18571091056284672,0.8805510401725769,0.9347274899482727,0.8222342729568481,0.8712009410758208,0.8550529355149182,0.8751791252272484,0.0007840257118611286,0.0008987973560579121,-0.00011477164419678354,,prototype,prototype,prototype,1.2833900030396808
60,000060.jpg,previous_frame_refine_only:000059.jpg,swap_xy_freeze_alt_constrained_yaw,constrained_search,29.014289089437142,28.82798847906699,-0.18630061037015366,0.0,True,prediction,True,146.67487999997775,254817.91303874948,3363855.0284375045,89.061,29.19999999999999,254817.09446774004,3363853.917494514,88.805,29.014289089437142,254818.4074520094,3363853.9279393437,89.31351867411286,-151.172011520933,254817.10491256957,3363855.230478783,88.805,29.014289089437142,1.3129842693451792,0.01044482970610261,0.5085186741128496,0.01044482970610261,1.3129842693451792,0.0,1.3799466749406388,1.2064579037506973,0.8329997604499607,0.2560000000000002,0.25251867411284934,0.2560000000000002,0.18571091056284672,179.62798847906697,0.18571091056284672,0.9457312822341919,0.9624581933021545,0.8966750502586365,0.8586979541700199,0.8472404591469355,0.8731415985429285,0.0009842066016669075,0.0010829772897219907,-9.877068805508316e-05,,prototype,prototype,prototype,1.278092925212436
61,000061.jpg,previous_frame_refine_only:000060.jpg,swap_xy_freeze_alt_constrained_yaw,constrained_search,29.014289089437142,28.81070800636971,-0.2035810830674336,0.0,True,prediction,True,142.65042800002448,254818.4008973449,3363855.901358689,89.054,29.19999999999999,254817.10491256957,3363855.230478783,88.805,29.014289089437142,254818.25208858587,3363855.6678354265,89.38471186347306,-151.1892919936303,254817.54226921438,3363856.3776548,88.805,29.014289089437142,1.1471760162967257,0.4373566433787346,0.5797118634730509,0.4373566433787346,1.1471760162967257,0.0,1.4593342270368026,0.27690641193084037,0.9818860686861426,0.24899999999999523,0.3307118634730557,0.24899999999999523,0.18571091056284672,179.6107080063697,0.18571091056284672,0.9657975435256958,0.9136008024215698,0.9175427556037903,0.8488522985938265,0.8652753845171995,0.8687429531771864,0.0011356858594808728,0.0008530897903256118,0.0002825960691552609,,prototype,prototype,prototype,1.2783055763304882
62,000062.jpg,previous_frame_refine_only:000061.jpg,swap_xy_freeze_alt_constrained_yaw,constrained_search,29.014289089437142,28.839932855604047,-0.17435623383309462,0.0,True,prediction,True,132.6608999999621,254818.88875587063,3363856.774279892,89.563,29.19999999999999,254817.54226921438,3363856.3776548,88.805,29.014289089437142,254818.33266821882,3363857.2426848267,89.17305106855929,-151.16006714439595,254818.40729924056,3363857.1680538044,88.805,29.014289089437142,0.7903990044433158,0.8650300265289843,0.36805106855928216,0.8650300265289843,0.7903990044433158,0.0,1.4036872083601952,0.7270740398268282,0.6219794054254635,0.7579999999999956,0.3899489314407134,0.7579999999999956,0.18571091056284672,179.63993285560406,0.18571091056284672,0.9498950242996216,0.9370995759963989,0.8554428815841675,0.8620091637048773,0.8541943219286602,0.8706161949214234,0.0010422378545626998,0.0009666097272808353,7.562812728186452e-05,,prototype,prototype,prototype,1.200333407050895
63,000063.jpg,previous_frame_refine_only:000062.jpg,swap_xy_freeze_alt_constrained_yaw,constrained_search,29.014289089437142,28.821921603447862,-0.19236748598927988,0.0,True,prediction,True,143.847960999949,254819.3766143227,3363857.6472011125,89.51,29.19999999999999,254818.40729924056,3363857.1680538044,88.805,29.014289089437142,254818.9627141498,3363857.84184184,89.3441048907116,-151.17807839655214,254819.08108727654,3363857.7234687135,88.805,29.014289089437142,0.555414909234969,0.6737880357541144,0.5391048907115987,0.6737880357541144,0.555414909234969,0.0,1.0812741887677706,0.45738207882261656,0.305209734408446,0.7049999999999983,0.16589510928839957,0.7049999999999983,0.18571091056284672,179.62192160344784,0.18571091056284672,0.9280769228935242,0.9048935174942017,0.8384643197059631,0.860295055482335,0.8655456825815229,0.8652055609880532,0.0009487271696949998,0.0009372463488640884,1.1480820830911398e-05,,prototype,prototype,prototype,1.2114315410686178
64,000064.jpg,previous_frame_refine_only:000063.jpg,swap_xy_freeze_alt_constrained_yaw,constrained_search,29.014289089437142,28.823947029855105,-0.19034205958203643,0.0,True,prediction,True,143.46609399996169,254819.8644729537,3363858.520133436,89.288,29.19999999999999,254819.08108727654,3363857.7234687135,88.805,29.014289089437142,254820.13594801514,3363857.751620128,89.5100408764556,-151.1760529701449,254819.10923869073,3363858.778329452,88.805,29.014289089437142,1.054860738600837,0.02815141435712576,0.7050408764555982,0.02815141435712576,1.054860738600837,0.0,1.1173038081024622,0.8150530130837664,0.7981503458321174,0.4829999999999899,0.22204087645560833,0.4829999999999899,0.18571091056284672,179.62394702985512,0.18571091056284672,0.9559040665626526,0.9418140649795532,0.8957631587982178,0.856770666495825,0.8529907959083435,0.8692421039144084,0.0009159182664006948,0.0009884838946163654,-7.256562821567059e-05,,prototype,prototype,prototype,1.2855010466126784
65,000065.jpg,previous_frame_refine_only:000064.jpg,swap_xy_freeze_alt_constrained_yaw,constrained_search,29.014289089437142,28.83400697523834,-0.18028211419880336,0.0,True,prediction,True,137.4173199999973,254820.3523408734,3363859.3930544765,89.147,29.19999999999999,254819.10923869073,3363858.778329452,88.805,29.014289089437142,254820.0037139658,3363859.300942473,89.36937230825424,-151.16599302476166,254819.63185171183,3363859.672804727,88.805,29.014289089437142,0.8944752750685439,0.5226130210794508,0.5643723082542351,0.5226130210794508,0.8944752750685439,0.0,1.386791221566614,0.360590268673532,0.7728938055839466,0.34199999999999875,0.22237230825423637,0.34199999999999875,0.18571091056284672,179.63400697523832,0.18571091056284672,0.980205237865448,0.9181498289108276,0.8782805800437927,0.8442203619144258,0.8610899712497886,0.870772027735498,0.0011044077303571005,0.0009060162798656771,0.00019839145049142337,,prototype,prototype,prototype,1.2006520525312379
66,000066.jpg,previous_frame_refine_only:000065.jpg,swap_xy_freeze_alt_constrained_yaw,constrained_search,29.014289089437142,28.82572556354313,-0.18856352589401126,0.0,True,prediction,True,138.4094320000031,254820.8401991086,3363860.2659757487,88.931,29.19999999999999,254819.63185171183,3363859.672804727,88.805,29.014289089437142,254820.8790926788,3363860.517597783,89.19977665226907,-151.17427443645687,254820.47664476832,3363860.920045694,88.805,29.014289089437142,1.2472409669717308,0.8447930556721985,0.39477665226905856,0.8447930556721985,1.2472409669717308,0.0,1.3460888871002157,0.2546102077995932,0.7483176141055254,0.12599999999999056,0.268776652269068,0.12599999999999056,0.18571091056284672,179.62572556354314,0.18571091056284672,0.9693557024002075,0.9300170540809631,0.8639635443687439,0.8488183332279214,0.8570404570657559,0.8736744460607594,0.0010567183101860185,0.0008696113557865223,0.0001871069543994962,,prototype,prototype,prototype,1.2087190695021681
67,000067.jpg,previous_frame_refine_only:000066.jpg,swap_xy_freeze_alt_constrained_yaw,constrained_search,29.014289089437142,28.83477173538509,-0.17951735405205227,0.0,True,prediction,True,130.61748000001216,254821.32805727288,3363861.1388970404,88.838,29.19999999999999,254820.47664476832,3363860.920045694,88.805,29.014289089437142,254820.83963940374,3363861.509455877,89.09219201747328,-151.1652282646149,254821.0660549518,3363861.28304033,88.805,29.014289089437142,0.3629946354194544,0.5894101830199361,0.2871920174732736,0.5894101830199361,0.3629946354194544,0.0,0.879089963996621,0.6130790048633205,0.29903595792905935,0.03299999999998704,0.25419201747328657,0.03299999999998704,0.18571091056284672,179.63477173538513,0.18571091056284672,0.8883998394012451,0.9301839470863342,0.8185506463050842,0.8743563118523384,0.8558986204412046,0.8743986946110323,0.000837466272059828,0.0009567630477249622,-0.00011929677566513419,,prototype,prototype,prototype,1.2380796759295312
68,000068.jpg,previous_frame_refine_only:000067.jpg,swap_xy_freeze_alt_constrained_yaw,constrained_search,29.014289089437142,28.83596385089001,-0.17832523854713145,0.0,True,prediction,True,127.6347689999966,254821.8159153636,3363862.0118183494,88.822,29.19999999999999,254821.0660549518,3363861.28304033,88.805,29.014289089437142,254822.17895720075,3363861.597526562,88.99112014193088,-151.16403614911,254821.38054118495,3363862.3959425776,88.805,29.014289089437142,1.1129022489476483,0.3144862321205437,0.18612014193087134,0.3144862321205437,1.1129022489476483,0.0,1.0456615317404343,0.5508512146199463,0.5806049415787506,0.016999999999995907,0.16912014193087543,0.016999999999995907,0.18571091056284672,179.63596385089,0.18571091056284672,0.921966552734375,0.9063945412635803,0.8398388028144836,0.8646523265838222,0.8626127546836561,0.8712967051451881,0.0008740505824486414,0.0008551671829385062,1.888339951013518e-05,,prototype,prototype,prototype,1.2424327908751602
69,000069.jpg,previous_frame_refine_only:000068.jpg,swap_xy_freeze_alt_constrained_yaw,constrained_search,29.014289089437142,28.82988183810076,-0.18440725133638125,0.0,True,prediction,True,140.20401699997365,254822.3037733832,3363862.8847396756,89.385,29.19999999999999,254821.38054118495,3363862.3959425776,88.805,29.014289089437142,254822.36859339935,3363862.938096651,88.67084369622171,-151.17011816189924,254821.92269525852,3363863.3839947926,88.805,29.014289089437142,0.9880522144085262,0.5421540732495487,-0.13415630377829757,0.5421540732495487,0.9880522144085262,0.0,1.0446436209753267,0.08395594862160664,0.6280734105136561,0.5799999999999983,0.7141563037782959,0.5799999999999983,0.18571091056284672,179.6298818381008,0.18571091056284672,0.9340394139289856,0.9136204719543457,0.8907327055931091,0.8585130377959064,0.8620122683867704,0.8582179219629419,0.0009396605407043049,0.0008487257194550087,9.09348212492962e-05,,prototype,prototype,prototype,1.2945538126029286
70,000070.jpg,previous_frame_refine_only:000069.jpg,swap_xy_freeze_alt_constrained_yaw,constrained_search,29.014289089437142,28.83474522550887,-0.1795438639282736,0.0,True,prediction,True,126.12492699997802,254822.79163132946,3363863.7576610204,89.733,29.19999999999999,254821.92269525852,3363863.3839947926,88.805,29.014289089437142,254822.63422916312,3363864.023559467,88.7217357866466,-151.16525477449113,254822.56225993388,3363864.095528697,88.805,29.014289089437142,0.7115339045994915,0.6395646743476391,-0.08326421335340228,0.6395646743476391,0.7115339045994915,0.0,0.9458733240632717,0.30899421652766396,0.4083696904730184,0.9279999999999973,1.0112642133533996,0.9279999999999973,0.18571091056284672,179.63474522550888,0.18571091056284672,0.9492623209953308,0.9077191352844238,0.8188683986663818,0.8545290311738509,0.865578522813209,0.8737080917569953,0.0008752148811860631,0.000851080083521083,2.4134797664980057e-05,,prototype,prototype,prototype,1.1724003444060844
71,000071.jpg,previous_frame_refine_only:000070.jpg,swap_xy_freeze_alt_constrained_yaw,constrained_search,29.014289089437142,28.848578631331918,-0.16571045810522378,0.0,True,prediction,True,141.92275999999993,254823.27949881527,3363864.6305821645,90.0,29.19999999999999,254822.56225993388,3363864.095528697,88.805,29.014289089437142,254823.2927956076,3363864.5836304384,88.97021258063614,-151.15142136866808,254823.050361676,3363864.8260643706,88.805,29.014289089437142,0.7305356737051625,0.48810174129903316,0.16521258063613686,0.48810174129903316,0.7305356737051625,0.0,0.8948261428536103,0.04879825066131838,0.30119283106481565,1.1949999999999932,1.0297874193638563,1.1949999999999932,0.18571091056284672,179.64857863133193,0.18571091056284672,0.9025400876998901,0.9165685176849365,0.8220996856689453,0.8653306698401904,0.8618454607276437,0.8721735804148248,0.0008998918153035144,0.0008865060323538879,1.3385782949626446e-05,,prototype,prototype,prototype,1.2223664965207495
72,000072.jpg,previous_frame_refine_only:000071.jpg,swap_xy_freeze_alt_constrained_yaw,constrained_search,29.014289089437142,28.836117439849573,-0.17817164958756848,0.0,True,prediction,True,141.74119000000474,254823.7673566181,3363865.5035035443,90.043,29.19999999999999,254823.050361676,3363864.8260643706,88.805,29.014289089437142,254824.17930805447,3363865.3220218252,89.24712525587529,-151.16388256015043,254823.54631913034,3363865.955010749,88.805,29.014289089437142,1.128946378477849,0.4959574546664953,0.4421252558752826,0.4959574546664953,1.128946378477849,0.0,0.9864104526256021,0.45015508468171483,0.5027089882545456,1.2379999999999995,0.7958747441247169,1.2379999999999995,0.18571091056284672,179.6361174398496,0.18571091056284672,0.9350025057792664,0.9125850796699524,0.8408958911895752,0.8595925082257656,0.8617860457268202,0.8715093225343795,0.0008835068826253215,0.000917333255832394,-3.382637320707249e-05,,prototype,prototype,prototype,1.220906157321533
73,000073.jpg,previous_frame_refine_only:000072.jpg,swap_xy_freeze_alt_constrained_yaw,constrained_search,29.014289089437142,28.82772509869119,-0.18656399074595242,0.0,True,prediction,True,131.13718199997493,254824.25521434742,3363866.376424942,89.892,29.19999999999999,254823.54631913034,3363865.955010749,88.805,29.014289089437142,254824.6009545586,3363866.5870135087,88.76609242614359,-151.1722749013088,254824.17832189047,3363867.0096461773,88.805,29.014289089437142,1.054635428270558,0.6320027597248554,-0.038907573856420186,0.6320027597248554,1.054635428270558,0.0,0.8246953080064721,0.40482568838415167,0.6378727008968172,1.086999999999989,1.1259075738564093,1.086999999999989,0.18571091056284672,179.6277250986912,0.18571091056284672,0.9083074331283569,0.9114730954170227,0.862589418888092,0.8640863321578791,0.8642987636487233,0.8693546331308153,0.0008590414751476297,0.0009634828699442247,-0.00010444139479659498,,prototype,prototype,prototype,1.2907553958081281
74,000074.jpg,previous_frame_refine_only:000073.jpg,swap_xy_freeze_alt_constrained_yaw,constrained_search,29.014289089437142,28.83136297901177,-0.18292611042537033,0.0,True,prediction,True,126.27573399998937,254824.74307200324,3363867.249346359,89.895,29.19999999999999,254824.17832189047,3363867.0096461773,88.805,29.014289089437142,254824.91666079417,3363867.574626433,89.03882588166744,-151.16863702098823,254824.7433021462,3363867.74798508,88.805,29.014289089437142,0.7383389036986046,0.5649802559055388,0.23382588166742835,0.5649802559055388,0.7383389036986046,0.0,0.6135135426886098,0.3687006846995088,0.4986387738276578,1.0899999999999892,0.8561741183325609,1.0899999999999892,0.18571091056284672,179.63136297901178,0.18571091056284672,0.8739984035491943,0.9213180541992188,0.8413648009300232,0.8678041981669975,0.8600329433627572,0.8724922920978164,0.0007894886075519025,0.0009288939957817396,-0.00013940538822983706,,prototype,prototype,prototype,1.3097683424192925
75,000075.jpg,previous_frame_refine_only:000074.jpg,swap_xy_freeze_alt_constrained_yaw,constrained_search,29.014289089437142,28.820289420927736,-0.19399966850940586,0.0,True,prediction,True,123.1119359999866,254825.23092958916,3363868.1222677915,89.92,29.19999999999999,254824.7433021462,3363867.74798508,88.805,29.014289089437142,254825.45762713032,3363868.1405142336,89.13407704140991,-151.17971057907226,254825.13583130055,3363868.462310064,88.805,29.014289089437142,0.7143249841174111,0.3925291537307203,0.3290770414099029,0.3925291537307203,0.7143249841174111,0.0,0.6147097456231313,0.22743066595673017,0.3530898350850184,1.1149999999999949,0.785922958590092,1.1149999999999949,0.18571091056284672,179.62028942092775,0.18571091056284672,0.866153359413147,0.9221420288085938,0.8396602272987366,0.8719684742281006,0.8598738130672647,0.8667491143857295,0.0007931803702376783,0.0008968370190511147,-0.00010365664881343639,,prototype,prototype,prototype,1.3205262975767882
76,000076.jpg,previous_frame_refine_only:000075.jpg,swap_xy_freeze_alt_constrained_yaw,constrained_search,29.014289089437142,28.84223442767714,-0.17205466176000073,0.0,True,prediction,True,124.22228999997742,254825.7187967149,3363868.995189025,89.463,29.19999999999999,254825.13583130055,3363868.462310064,88.805,29.014289089437142,254826.04276022053,3363868.455023666,89.13640246167779,-151.15776557232286,254825.12854490228,3363869.3692389843,88.805,29.014289089437142,0.9069289199833293,-0.007286398205906153,0.33140246167778287,-0.007286398205906153,0.9069289199833293,0.0,0.7898155869323765,0.6298658334964212,0.6987922254235409,0.657999999999987,0.3265975383222042,0.657999999999987,0.18571091056284672,179.64223442767718,0.18571091056284672,0.9100133180618286,0.926201343536377,0.8721634149551392,0.8630298686789908,0.8569802491515778,0.8696064585485129,0.000855534696408237,0.000948057509958744,-9.252281355050707e-05,,prototype,prototype,prototype,1.3183327288510027
77,000077.jpg,previous_frame_refine_only:000076.jpg,swap_xy_freeze_alt_constrained_yaw,constrained_search,29.014289089437142,28.81997265926441,-0.1943164301727336,0.0,True,prediction,True,145.4434309999897,254826.20665415624,3363869.8681104938,89.109,29.19999999999999,254825.12854490228,3363869.3692389843,88.805,29.014289089437142,254826.15500963764,3363870.1344341957,89.02922334335744,-151.1800273407356,254825.89374011423,3363870.3957037195,88.805,29.014289089437142,1.0264647353615146,0.7651952113956213,0.224223343357437,0.7651952113956213,1.0264647353615146,0.0,1.1879361710146294,0.27128485125044605,0.6134083546022117,0.30399999999998784,0.07977665664255085,0.30399999999998784,0.18571091056284672,179.61997265926442,0.18571091056284672,0.9564937353134155,0.9015277624130249,0.8645229935646057,0.8556664065301302,0.8681740524350889,0.8656851785450633,0.0010211884897823136,0.0008977998416715612,0.00012338864811075234,,prototype,prototype,prototype,1.2212604990197702
78,000078.jpg,previous_frame_refine_only:000077.jpg,swap_xy_freeze_alt_constrained_yaw,constrained_search,29.014289089437142,28.825471833673134,-0.18881725576400754,0.0,True,prediction,True,140.57694600001014,254826.69451152292,3363870.74103198,89.058,29.19999999999999,254825.89374011423,3363870.3957037195,88.805,29.014289089437142,254826.5850217215,3363871.242710206,88.9707567114383,-151.17452816632687,254826.74074660175,3363871.0869853273,88.805,29.014289089437142,0.6912816072581336,0.8470064867287874,0.1657567114382914,0.8470064867287874,0.6912816072581336,0.0,0.8720587460665731,0.5134871557392782,0.34902922646469015,0.2530000000000001,0.08724328856170871,0.2530000000000001,0.18571091056284672,179.62547183367315,0.18571091056284672,0.927940309047699,0.9269155859947205,0.8483527898788452,0.8596006662590399,0.85770309304434,0.8658204895738894,0.0008919654258837303,0.0009937612533879776,-0.00010179582750424732,,prototype,prototype,prototype,1.2386579751080569
79,000079.jpg,previous_frame_refine_only:000078.jpg,swap_xy_freeze_alt_constrained_yaw,constrained_search,29.014289089437142,28.822125334542136,-0.19216375489500592,0.0,True,prediction,True,138.5907089999705,254827.18236906832,3363871.613964571,89.304,29.19999999999999,254826.74074660175,3363871.0869853273,88.805,29.014289089437142,254827.34540484936,3363871.191647751,88.95841912459582,-151.17787466545786,254826.84540902477,3363871.6916435757,88.805,29.014289089437142,0.6046582476119511,0.10466242348775268,0.15341912459581408,0.10466242348775268,0.6046582476119511,0.0,0.6875591075916575,0.45269433689568317,0.3457977713858886,0.4989999999999952,0.34558087540418114,0.4989999999999952,0.18571091056284672,179.62212533454215,0.18571091056284672,0.8985180854797363,0.9117975234985352,0.8362149596214294,0.8637032675890491,0.8623785693258758,0.8686025484671349,0.0007710218972836932,0.000893430047047635,-0.00012240814976394176,,prototype,prototype,prototype,1.2825305850202176
80,000080.jpg,previous_frame_refine_only:000079.jpg,swap_xy_freeze_alt_constrained_yaw,constrained_search,29.014289089437142,28.827684069326835,-0.18660502011030644,0.0,True,prediction,True,160.6748759999732,254827.6702359061,3363872.486885878,89.498,29.19999999999999,254826.84540902477,3363871.6916435757,88.805,29.014289089437142,254828.14216094234,3363871.982646572,89.05091493204236,-151.17231593067316,254827.13641202048,3363872.9883954944,88.805,29.014289089437142,1.296751917572692,0.2910029962658882,0.24591493204235348,0.2910029962658882,1.296751917572692,0.0,1.145752897978633,0.6906305216332431,0.7324478386906333,0.6929999999999978,0.44708506795764436,0.6929999999999978,0.18571091056284672,179.62768406932685,0.18571091056284672,0.9436746835708618,0.9167069792747498,0.8755619525909424,0.8559467134385701,0.8576171385617639,0.8665330326568111,0.0009623049797179798,0.0009939749046073605,-3.16699248893807e-05,,prototype,prototype,prototype,1.2684935794514498
81,000081.jpg,previous_frame_refine_only:000080.jpg,swap_xy_freeze_alt_constrained_yaw,constrained_search,29.014289089437142,28.840497410776834,-0.17379167866030798,0.0,True,prediction,True,136.03282700000818,254828.15809305603,3363873.3598074173,89.47,29.19999999999999,254827.13641202048,3363872.9883954944,88.805,29.014289089437142,254828.03832147288,3363873.512046516,89.10518651455641,-151.15950258922317,254827.66006304324,3363873.8903049463,88.805,29.014289089437142,0.9019094523973763,0.5236510215327144,0.3001865145564011,0.5236510215327144,0.9019094523973763,0.0,1.0870965710724672,0.1937058989737995,0.7276410667364471,0.664999999999992,0.36481348544359093,0.664999999999992,0.18571091056284672,179.64049741077685,0.18571091056284672,0.9273353815078735,0.8935084939002991,0.8865219950675964,0.8623824120071873,0.872148821477645,0.8656801606595498,0.0009498273526939253,0.0008964333780265102,5.339397466741502e-05,,prototype,prototype,prototype,1.3112546222468584
82,000082.jpg,previous_frame_refine_only:000081.jpg,swap_xy_freeze_alt_constrained_yaw,constrained_search,29.014289089437142,28.826453962860057,-0.18783512657708457,0.0,True,prediction,True,136.93519899999274,254828.6459501347,3363874.232728974,89.362,29.19999999999999,254827.66006304324,3363873.8903049463,88.805,29.014289089437142,254828.36406977015,3363874.4602294066,89.15631397347897,-151.17354603713994,254828.22998750352,3363874.5943116727,88.805,29.014289089437142,0.7040067269117571,0.5699244602583349,0.3513139734789661,0.5699244602583349,0.7040067269117571,0.0,1.0436606593154651,0.3622333319401166,0.551150577047796,0.556999999999988,0.20568602652102186,0.556999999999988,0.18571091056284672,179.62645396286007,0.18571091056284672,0.9418705701828003,0.9450127482414246,0.8578518033027649,0.859238699444885,0.857965691389457,0.8670436996535749,0.0009237828586871425,0.0009121572657022625,1.1625592984879974e-05,,prototype,prototype,prototype,1.2459074560596417
83,000083.jpg,previous_frame_refine_only:000082.jpg,swap_xy_freeze_alt_constrained_yaw,constrained_search,29.014289089437142,28.83864738138223,-0.1756417080549113,0.0,True,prediction,True,137.09490200000118,254829.13380714235,3363875.105650548,89.531,29.19999999999999,254828.22998750352,3363874.5943116727,88.805,29.014289089437142,254828.91708988012,3363874.9606083194,89.18358920700848,-151.16135261861777,254828.59628415064,3363875.281414049,88.805,29.014289089437142,0.6871023765997961,0.3662966466508806,0.3785892070084742,0.3662966466508806,0.6871023765997961,0.0,1.0384398801976942,0.2607750367647801,0.565529641146259,0.7259999999999991,0.3474107929915249,0.7259999999999991,0.18571091056284672,179.63864738138227,0.18571091056284672,0.9367902874946594,0.9228965044021606,0.8814347386360168,0.8590455284209637,0.8606707896236571,0.8613462228507504,0.0009961826823807012,0.0009182835541044673,7.789912827623391e-05,,prototype,prototype,prototype,1.2613751080181528
84,000084.jpg,previous_frame_refine_only:000083.jpg,swap_xy_freeze_alt_constrained_yaw,constrained_search,29.014289089437142,28.83680476521897,-0.1774843242181703,0.0,True,prediction,True,143.4389120000219,254829.62167368858,3363875.978571924,89.833,29.19999999999999,254828.59628415064,3363875.281414049,88.805,29.014289089437142,254829.57032895312,3363875.7782285307,89.14747100695968,-151.16319523478103,254829.09309863276,3363876.255458852,88.805,29.014289089437142,0.9740448024822399,0.49681448144838214,0.3424710069596699,0.49681448144838214,0.9740448024822399,0.0,1.2399406464761042,0.2068181739607414,0.5967059246226166,1.0279999999999916,0.6855289930403217,1.0279999999999916,0.18571091056284672,179.63680476521898,0.18571091056284672,0.9753287434577942,0.8917323350906372,0.8580436706542969,0.8468852321383595,0.8722189572663924,0.8683779699437495,0.0010615703358780593,0.0008986426497964809,0.00016292768608157837,,prototype,prototype,prototype,1.1789419113423842
85,000085.jpg,previous_frame_refine_only:000084.jpg,swap_xy_freeze_alt_constrained_yaw,constrained_search,29.014289089437142,28.82268290752529,-0.19160618191185108,0.0,True,prediction,True,145.03217500003984,254830.10953055168,3363876.851493535,89.577,29.19999999999999,254829.09309863276,3363876.255458852,88.805,29.014289089437142,254830.28516626326,3363876.859006991,89.0259981751442,-151.1773170924747,254829.69664677218,3363877.4475264833,88.805,29.014289089437142,1.1920676305016968,0.603548139333725,0.22099817514418874,0.603548139333725,1.1920676305016968,0.0,1.1783001270822537,0.17579634582186657,0.7250712315031438,0.7719999999999914,0.5510018248558026,0.7719999999999914,0.18571091056284672,179.6226829075253,0.18571091056284672,0.9650193452835083,0.9138601422309875,0.8726038932800293,0.8519966015293118,0.8647196261682243,0.8694562446898896,0.0010294351377524436,0.0009250084694940597,0.00010442666825838387,,prototype,prototype,prototype,1.2358604086880103
86,000086.jpg,previous_frame_refine_only:000085.jpg,swap_xy_freeze_alt_constrained_yaw,constrained_search,29.014289089437142,28.83747227866357,-0.17681681077357325,0.0,True,prediction,True,142.81703599999673,254830.59738734123,3363877.7244151635,89.24,29.19999999999999,254829.69664677218,3363877.4475264833,88.805,29.014289089437142,254830.5789474215,3363878.2979165716,89.26101000979543,-151.16252772133643,254830.54703686034,3363878.329827132,88.805,29.014289089437142,0.8823006493330467,0.8503900882788002,0.4560100097954205,0.8503900882788002,0.8823006493330467,0.0,0.9423380040853332,0.5737977829619036,0.6075021174629056,0.43499999999998806,0.02101000979543244,0.43499999999998806,0.18571091056284672,179.6374722786636,0.18571091056284672,0.9170864820480347,0.9218236804008484,0.8544899225234985,0.868236832117404,0.8598658963437776,0.8695441319107663,0.0008974962208109597,0.0009602450008969754,-6.27487800860157e-05,,prototype,prototype,prototype,1.2709228921632507
87,000087.jpg,previous_frame_refine_only:000086.jpg,swap_xy_freeze_alt_constrained_yaw,constrained_search,29.014289089437142,28.829405005347922,-0.1848840840892194,0.0,True,prediction,True,179.88785500000404,254831.08525367052,3363878.5973365935,88.926,29.19999999999999,254830.54703686034,3363878.329827132,88.805,29.014289089437142,254830.94872139412,3363879.0173991616,89.00081843230873,-151.17059499465208,254831.2346088901,3363878.7315116664,88.805,29.014289089437142,0.40168453377555124,0.6875720294192433,0.19581843230872664,0.6875720294192433,0.40168453377555124,0.0,0.6010313192230943,0.44169403841018473,0.20077333439400658,0.12099999999999511,0.07481843230873153,0.12099999999999511,0.18571091056284672,179.62940500534796,0.18571091056284672,0.88081294298172,0.9334677457809448,0.8329603672027588,0.8654689608636977,0.8583839406207827,0.8669239203778677,0.0008063301308235774,0.0009425842436030507,-0.0001362541127794733,,prototype,prototype,prototype,1.3053592562490963
88,000088.jpg,previous_frame_refine_only:000087.jpg,swap_xy_freeze_alt_constrained_yaw,constrained_search,29.014289089437142,28.833317837257653,-0.18097125217948928,0.0,True,prediction,True,233.254688000045,254831.57311031688,3363879.470258257,88.766,29.19999999999999,254831.2346088901,3363878.7315116664,88.805,29.014289089437142,254832.19563386386,3363878.599470441,88.93995694257319,-151.16668216274235,254831.10256766446,3363879.69253664,88.805,29.014289089437142,0.961024973745225,-0.1320412252098322,0.13495694257318291,-0.1320412252098322,0.961024973745225,0.0,0.8126067565690597,1.0704237415317768,0.5204018325620803,0.03900000000000148,0.1739569425731844,0.03900000000000148,0.18571091056284672,179.63331783725766,0.18571091056284672,0.8782083988189697,0.9335513114929199,0.840998649597168,0.8735056000671169,0.8517765006921432,0.8719115734720416,0.0008223233162425458,0.0011872645506324868,-0.00036494123438994097,,prototype,prototype,prototype,1.3043737917130167
89,000089.jpg,previous_frame_refine_only:000088.jpg,swap_xy_freeze_alt_constrained_yaw,constrained_search,29.014289089437142,28.828851485419705,-0.18543760401743725,0.0,True,prediction,True,130.85104699996464,254832.06096688955,3363880.343179938,88.739,29.19999999999999,254831.10256766446,3363879.69253664,88.805,29.014289089437142,254832.08896965338,3363880.032988448,89.25003173947334,-151.1711485145803,254831.4430194722,3363880.678938628,88.805,29.014289089437142,0.9864019889209885,0.34045180818066,0.4450317394733361,0.34045180818066,0.9864019889209885,0.0,1.158389302347337,0.3114529099231393,0.7032729972639407,0.0660000000000025,0.5110317394733386,0.0660000000000025,0.18571091056284672,179.62885148541972,0.18571091056284672,0.948554277420044,0.9095699787139893,0.8715977668762207,0.8536774247561639,0.8634727280338231,0.8710285068441542,0.0010251800607269008,0.0008839095147171369,0.00014127054600976397,,prototype,prototype,prototype,1.235054561842619
90,000090.jpg,previous_frame_refine_only:000089.jpg,swap_xy_freeze_alt_constrained_yaw,constrained_search,29.014289089437142,28.831760855956816,-0.1825282334803262,0.0,True,prediction,True,141.21872200001917,254832.54882339,3363881.2161016376,88.695,29.19999999999999,254831.4430194722,3363880.678938628,88.805,29.014289089437142,254832.29250216784,3363881.638486642,88.96475616563112,-151.16823914404318,254832.40256748637,3363881.5284213237,88.805,29.014289089437142,0.8494826956302859,0.9595480137504637,0.15975616563110862,0.9595480137504637,0.8494826956302859,0.0,1.2293682944082818,0.49407454987558114,0.3448686354550233,0.11000000000001364,0.26975616563112226,0.11000000000001364,0.18571091056284672,179.63176085595683,0.18571091056284672,0.9508012533187866,0.9081639647483826,0.8253627419471741,0.8566959095233062,0.8637776133601099,0.8708804566113518,0.0010859888861887157,0.0009792002092581242,0.00010678867693059146,,prototype,prototype,prototype,1.1584628249425748
91,000091.jpg,previous_frame_refine_only:000090.jpg,swap_xy_freeze_alt_constrained_yaw,constrained_search,29.014289089437142,28.831402096618916,-0.18288699281822574,0.0,True,prediction,True,137.78610800000024,254833.0366894315,3363882.089023139,88.481,29.19999999999999,254832.40256748637,3363881.5284213237,88.805,29.014289089437142,254832.84945619645,3363881.538533737,89.28128639422357,-151.16859790338108,254832.4126798992,3363881.975310033,88.805,29.014289089437142,0.44688871008111164,0.010112413205206394,0.476286394223564,0.010112413205206394,0.44688871008111164,0.0,0.8463953192236442,0.5814592555990442,0.6342858715159229,0.3240000000000123,0.8002863942235763,0.3240000000000123,0.18571091056284672,179.6314020966189,0.18571091056284672,0.9182820916175842,0.9092465043067932,0.8691399097442627,0.8622744368845877,0.858640070996915,0.8694375184887799,0.0008858029420177141,0.001041712025956561,-0.00015590908393884695,,prototype,prototype,prototype,1.3105629675020787
92,000092.jpg,previous_frame_refine_only:000091.jpg,swap_xy_freeze_alt_constrained_yaw,constrained_search,29.014289089437142,28.82524504116128,-0.18904404827586063,0.0,True,prediction,True,136.57461799999737,254833.52454578748,3363882.961944872,88.635,29.19999999999999,254832.4126798992,3363881.975310033,88.805,29.014289089437142,254833.6834121719,3363882.4869273966,89.02388846036047,-151.17475495883872,254832.92429726405,3363883.246042306,88.805,29.014289089437142,1.2707322727073915,0.5116173634305596,0.2188884603604606,0.5116173634305596,1.2707322727073915,0.0,1.4865039720093267,0.5008793567928242,0.6640855682089056,0.1700000000000017,0.3888884603604623,0.1700000000000017,0.18571091056284672,179.6252450411613,0.18571091056284672,0.9617530107498169,0.9108165502548218,0.8654043078422546,0.8498959799945364,0.8664761384411709,0.8711622922226658,0.0011815182806458324,0.0009526618523523211,0.00022885642829351127,,prototype,prototype,prototype,1.1976359829441403
93,000093.jpg,previous_frame_refine_only:000092.jpg,swap_xy_freeze_alt_constrained_yaw,constrained_search,29.014289089437142,28.823183917674754,-0.19110517176238773,0.0,True,prediction,True,143.22452900000826,254834.0124020723,3363883.8348666257,89.048,29.19999999999999,254832.92429726405,3363883.246042306,88.805,29.014289089437142,254833.8247131828,3363884.2117723427,89.22085175849497,-151.17681608232525,254833.89002730054,3363884.146458224,88.805,29.014289089437142,0.9004159187607002,0.9657300366088748,0.41585175849496636,0.9657300366088748,0.9004159187607002,0.0,1.2372090175570278,0.4210522992537383,0.334760972683108,0.242999999999995,0.17285175849497136,0.242999999999995,0.18571091056284672,179.62318391767474,0.18571091056284672,0.9614571928977966,0.9231311678886414,0.8379247784614563,0.8545711931373999,0.8581630712670878,0.8685161317585413,0.0010844072870289285,0.001016684672019134,6.772261500979449e-05,,prototype,prototype,prototype,1.1699254089470408
94,000094.jpg,previous_frame_refine_only:000093.jpg,swap_xy_freeze_alt_constrained_yaw,constrained_search,29.014289089437142,28.835281773458917,-0.17900731597822528,0.0,True,prediction,True,132.60870599998498,254834.50026789555,3363884.707788179,89.379,29.19999999999999,254833.89002730054,3363884.146458224,88.805,29.014289089437142,254834.64748351937,3363884.381349401,89.06991469766945,-151.16471822654108,254834.12491847773,3363884.903914442,88.805,29.014289089437142,0.7574562188237906,0.23489117715507746,0.26491469766943965,0.23489117715507746,0.7574562188237906,0.0,0.8291470933674655,0.3580987513660589,0.4235005269943035,0.5739999999999981,0.3090853023305584,0.5739999999999981,0.18571091056284672,179.63528177345893,0.18571091056284672,0.9244474768638611,0.8901220560073853,0.8579698801040649,0.8609571999080018,0.8718715369979301,0.8660589206933322,0.0009031262598000467,0.0009081507838952044,-5.024524095157746e-06,,prototype,prototype,prototype,1.2657091567751595
95,000095.jpg,previous_frame_refine_only:000094.jpg,swap_xy_freeze_alt_constrained_yaw,constrained_search,29.014289089437142,28.82976365779905,-0.1845254316380931,0.0,True,prediction,True,147.06593999994766,254834.98812403463,3363885.5807099678,89.611,29.19999999999999,254834.12491847773,3363884.903914442,88.805,29.014289089437142,254835.0473758824,3363885.464968263,89.08123565930873,-151.17023634220095,254834.6859723,3363885.826371846,88.805,29.014289089437142,0.9224574046675116,0.5610538213513792,0.27623565930872473,0.5610538213513792,0.9224574046675116,0.0,1.0968938040684637,0.13002662667707413,0.3894167806476501,0.8059999999999974,0.5297643406912727,0.8059999999999974,0.18571091056284672,179.62976365779906,0.18571091056284672,0.9597623944282532,0.8996418714523315,0.8346958160400391,0.8553139434332356,0.8695716364710101,0.8713011199460063,0.001033758094611888,0.000964763389977937,6.899470463395108e-05,,prototype,prototype,prototype,1.1802965038827673
96,000096.jpg,previous_frame_refine_only:000095.jpg,swap_xy_freeze_alt_constrained_yaw,constrained_search,29.014289089437142,28.835601413177727,-0.17868767625941473,0.0,True,prediction,True,130.82007299999532,254835.4759897146,3363886.453631557,89.83,29.19999999999999,254834.6859723,3363885.826371846,88.805,29.014289089437142,254835.31464930665,3363886.2478893152,89.11996688041836,-151.16439858682227,254835.10748976932,3363886.455048853,88.805,29.014289089437142,0.6286770066362806,0.4215174694545567,0.3149668804183534,0.4215174694545567,0.6286770066362806,0.0,1.0087528244129915,0.26145859578629993,0.36850267083330634,1.0249999999999915,0.7100331195816381,1.0249999999999915,0.18571091056284672,179.6356014131777,0.18571091056284672,0.9354602098464966,0.9133623838424683,0.8530600666999817,0.8611804342400798,0.8646951168787954,0.8654022127942766,0.001002386959347253,0.0009479254367761314,5.446152257112158e-05,,prototype,prototype,prototype,1.242237239127435
97,000097.jpg,previous_frame_refine_only:000096.jpg,swap_xy_freeze_alt_constrained_yaw,constrained_search,29.014289089437142,28.83483039973055,-0.17945868970659262,0.0,True,prediction,True,132.85274299994398,254835.96384570905,3363887.3265533797,89.957,29.19999999999999,254835.10748976932,3363886.455048853,88.805,29.014289089437142,254836.4381212725,3363886.8166872803,89.11275930702686,-151.16516960026945,254835.469128197,3363887.785680356,88.805,29.014289089437142,1.3306315031950362,0.36163842724636197,0.3077593070268563,0.36163842724636197,1.3306315031950362,0.0,1.2218288077178865,0.6963481524032189,0.6749392543847229,1.1519999999999868,0.8442406929731305,1.1519999999999868,0.18571091056284672,179.63483039973056,0.18571091056284672,0.9731931686401367,0.9336986541748047,0.9117999076843262,0.8538873429462855,0.8560376085673328,0.8594316552829075,0.001084937733442833,0.0010832561917292576,1.6815417135753775e-06,,prototype,prototype,prototype,1.268416209160387
98,000098.jpg,previous_frame_refine_only:000097.jpg,swap_xy_freeze_alt_constrained_yaw,constrained_search,29.014289089437142,28.831519052093427,-0.18277003734371533,0.0,True,prediction,True,137.01765599989812,254836.45170163122,3363888.199475221,90.146,29.19999999999999,254835.469128197,3363887.785680356,88.805,29.014289089437142,254835.7434014578,3363888.550184131,89.47507497668266,-151.16848094790657,254836.2336319718,3363888.0599536174,88.805,29.014289089437142,0.27427326078759506,0.764503775164485,0.6700749766826561,0.764503775164485,0.27427326078759506,0.0,1.06615043208942,0.7903707202426918,0.25888347610322465,1.340999999999994,0.6709250233173378,1.340999999999994,0.18571091056284672,179.63151905209344,0.18571091056284672,0.9590522050857544,0.9427281022071838,0.8504428267478943,0.8543634657491398,0.8523198832238557,0.8636638515274737,0.0010154812480323017,0.0011295409446271758,-0.00011405969659487414,,prototype,prototype,prototype,1.2193676574728407
99,000099.jpg,previous_frame_refine_only:000098.jpg,swap_xy_freeze_alt_constrained_yaw,constrained_search,29.014289089437142,28.83001395515754,-0.18427513427960207,0.0,True,prediction,True,152.19013399996584,254836.93956709432,3363889.0723968633,90.84,29.19999999999999,254836.2336319718,3363888.0599536174,88.805,29.014289089437142,254837.1737492115,3363888.0417676633,89.46727732848376,-151.16998604484246,254836.21544601786,3363889.000070857,88.805,29.014289089437142,0.9401172397192568,-0.018185954075306654,0.6622773284837535,-0.018185954075306654,0.9401172397192568,0.0,1.2342551289344008,1.0569000954477432,0.7277241129535775,2.0349999999999966,1.372722671516243,2.0349999999999966,0.18571091056284672,179.63001395515755,0.18571091056284672,0.9336401224136353,0.9263682961463928,0.8843839764595032,0.865929800877489,0.8544971312858589,0.875400776240297,0.0010196281364187598,0.0011689014500007033,-0.0001492733135819435,,prototype,prototype,prototype,1.2796560133118389
