frame_id,gt_east,gt_north,gt_alt,gt_yaw,init_east,init_north,init_alt,init_yaw,refined_east,refined_north,refined_alt,refined_yaw,selected_method,init_xy_error_m,refined_xy_error_m,selected_xy_error_m,init_alt_error_m,refined_alt_error_m,selected_alt_error_m,init_yaw_error_deg,refined_yaw_error_deg,selected_yaw_error_deg,init_chamfer,refined_chamfer,gt_chamfer,init_overlap,refined_overlap,gt_overlap,feature_loss_initial,feature_loss_refined,feature_loss_drop,safe_gate_accepted,refine_success,renderer_backend_init,renderer_backend_refined,renderer_backend_gt,corrected_refined_downward_yaw,corrected_yaw_error_deg,elapsed_ms,init_pose_policy,init_source,raw_refined_yaw,raw_yaw_error_deg,renderer_fallback_gt,renderer_fallback_init,renderer_fallback_refined,selected_alt,selected_east,selected_north,selected_yaw
000000.jpg,254476.43692124507,3364552.994355502,109.956,29.19999999999999,254476.53949200793,3364557.073594403,111.18,28.179385999999994,254472.73829204368,3364558.955051914,111.36907129827887,-152.8403499264502,init,4.08052824670161,7.014966834051118,4.08052824670161,1.2240000000000038,1.4130712982788651,1.2240000000000038,1.0206139999999948,177.95965007354982,1.0206139999999948,0.9393740892410278,0.9932422041893005,0.05480720475316048,0.8440766706711373,0.8285488874146062,0.9912320022950996,0.003155911690555513,0.004974647657945752,-0.0018187359673902392,False,True,prototype,prototype,prototype,27.159650073549813,2.040349926450176,975.2421689999551,first_pose_odom,first_frame_init_noisy_pose,-152.8403499264502,177.95965007354982,RuntimeError: ModuleNotFoundError: No module named 'nvdiffrast',RuntimeError: ModuleNotFoundError: No module named 'nvdiffrast',RuntimeError: ModuleNotFoundError: No module named 'nvdiffrast',111.18,254476.53949200793,3364557.073594403,28.179385999999994
000001.jpg,254476.92477416995,3364553.8672732455,110.231,29.19999999999999,254477.02735200932,3364557.946516403,111.45484400000001,28.179385999999994,254473.12654658468,3364560.0478383475,111.58081671688706,-152.84255871190769,init,4.080532679852053,7.254372320875632,4.080532679852053,1.223844000000014,1.3498167168870623,1.223844000000014,1.0206139999999948,177.95744128809235,1.0206139999999948,0.9381085634231567,0.9945999383926392,0.0537356473505497,0.8415974269632807,0.8259805235414992,0.9909407665505227,0.0031418794533237815,0.005050480831414461,-0.0019086013780906796,False,True,prototype,prototype,prototype,27.157441288092315,2.042558711907674,109.05007499997055,first_pose_odom,first_pose_odom:000000.jpg->000001.jpg,-152.84255871190769,177.95744128809235,RuntimeError: ModuleNotFoundError: No module named 'nvdiffrast',RuntimeError: ModuleNotFoundError: No module named 'nvdiffrast',RuntimeError: ModuleNotFoundError: No module named 'nvdiffrast',111.45484400000001,254477.02735200932,3364557.946516403,28.179385999999994
000002.jpg,254477.4126366352,3364554.740190791,109.979,29.19999999999999,254477.51521200893,3364558.819438402,111.20342300000002,28.179385999999994,254473.9361640978,3364560.785079648,111.12972958385944,-152.83885487941532,init,4.080537070047708,6.973273449011801,4.080537070047708,1.2244230000000158,1.1507295838594445,1.2244230000000158,1.0206139999999948,177.96114512058466,1.0206139999999948,0.9376869797706604,0.984089732170105,0.0648108720779419,0.8410221659503896,0.8282718405050199,0.9877668206216452,0.0031674418908854327,0.0049548820437242585,-0.0017874401528388257,False,True,prototype,prototype,prototype,27.161145120584678,2.038854879415311,123.01527099998566,first_pose_odom,first_pose_odom:000001.jpg->000002.jpg,-152.83885487941532,177.96114512058466,RuntimeError: ModuleNotFoundError: No module named 'nvdiffrast',RuntimeError: ModuleNotFoundError: No module named 'nvdiffrast',RuntimeError: ModuleNotFoundError: No module named 'nvdiffrast',111.20342300000002,254477.51521200893,3364558.819438402,28.179385999999994
000003.jpg,254477.90049927725,3364555.6131194406,109.536,29.19999999999999,254478.00307200936,3364559.692360401,110.76070200000001,28.179385999999994,254474.3563601642,3364561.7095512357,110.68412367906421,-152.8363800083017,init,4.080530355171533,7.051765926646319,4.080530355171533,1.2247020000000077,1.1481236790642129,1.2247020000000077,1.0206139999999948,177.96361999169835,1.0206139999999948,0.9358202815055847,0.9781869053840637,0.05130583047866821,0.8423341985142755,0.8296249888123154,0.9921596706345654,0.0031602464926739535,0.004936159122735262,-0.0017759126300613084,False,True,prototype,prototype,prototype,27.16361999169831,2.036380008301677,132.83605700002,first_pose_odom,first_pose_odom:000002.jpg->000003.jpg,-152.8363800083017,177.96361999169835,RuntimeError: ModuleNotFoundError: No module named 'nvdiffrast',RuntimeError: ModuleNotFoundError: No module named 'nvdiffrast',RuntimeError: ModuleNotFoundError: No module named 'nvdiffrast',110.76070200000001,254478.00307200936,3364559.692360401,28.179385999999994
000004.jpg,254478.38835198412,3364556.486037237,109.094,29.19999999999999,254478.4909320093,3364560.5652824007,110.31851900000001,28.179385999999994,254474.97507151368,3364562.86981168,110.42022171989083,-152.84397891465542,init,4.080534740235231,7.238995766666681,4.080534740235231,1.224519000000015,1.3262217198908388,1.224519000000015,1.0206139999999948,177.95602108534456,1.0206139999999948,0.9384872317314148,0.981985867023468,0.05716824531555176,0.8408844299766974,0.8275076934023516,0.9897362007933543,0.003160442846516768,0.005019454945189257,-0.0018590120986724892,False,True,prototype,prototype,prototype,27.156021085344577,2.043978914655412,122.58869899994806,first_pose_odom,first_pose_odom:000003.jpg->000004.jpg,-152.84397891465542,177.95602108534456,RuntimeError: ModuleNotFoundError: No module named 'nvdiffrast',RuntimeError: ModuleNotFoundError: No module named 'nvdiffrast',RuntimeError: ModuleNotFoundError: No module named 'nvdiffrast',110.31851900000001,254478.4909320093,3364560.5652824007,28.179385999999994
000005.jpg,254478.87621448273,3364557.358965922,108.652,29.19999999999999,254478.9787920087,3364561.4382044007,109.876675,28.179385999999994,254475.2009706181,3364563.511742929,110.27665308304131,-152.84355697215457,init,4.080527994487972,7.1668739601347395,4.080527994487972,1.2246750000000048,1.6246530830413093,1.2246750000000048,1.0206139999999948,177.95644302784547,1.0206139999999948,0.9408660531044006,0.9827938079833984,0.0588674321770668,0.8409748259239421,0.8293697554008213,0.9900910551687199,0.003169161422799031,0.005003821492816011,-0.0018346600700169806,False,True,prototype,prototype,prototype,27.156443027845427,2.043556972154562,121.32217399999945,first_pose_odom,first_pose_odom:000004.jpg->000005.jpg,-152.84355697215457,177.95644302784547,RuntimeError: ModuleNotFoundError: No module named 'nvdiffrast',RuntimeError: ModuleNotFoundError: No module named 'nvdiffrast',RuntimeError: ModuleNotFoundError: No module named 'nvdiffrast',109.876675,254478.9787920087,3364561.4382044007,28.179385999999994
000006.jpg,254479.36407665766,3364558.231883538,108.413,29.19999999999999,254479.4666520087,3364562.3111264003,109.63750900000001,28.179385999999994,254475.6293758394,3364564.52679051,109.76361420191824,-152.84086540771565,init,4.0805323221646175,7.319415549598837,4.0805323221646175,1.2245090000000118,1.3506142019182477,1.2245090000000118,1.0206139999999948,177.95913459228439,1.0206139999999948,0.9363812208175659,0.979398787021637,0.05489911884069443,0.8404854558700713,0.830872292410754,0.9909199139968371,0.0031554153732334576,0.0050590507841358585,-0.001903635410902401,False,True,prototype,prototype,prototype,27.159134592284346,2.0408654077156427,125.87022400003889,first_pose_odom,first_pose_odom:000005.jpg->000006.jpg,-152.84086540771565,177.95913459228439,RuntimeError: ModuleNotFoundError: No module named 'nvdiffrast',RuntimeError: ModuleNotFoundError: No module named 'nvdiffrast',RuntimeError: ModuleNotFoundError: No module named 'nvdiffrast',109.63750900000001,254479.4666520087,3364562.3111264003,28.179385999999994
000007.jpg,254479.85193876142,3364559.104801173,108.167,29.19999999999999,254479.95451200838,3364563.1840484003,109.390883,28.179385999999994,254476.3860145092,3364565.30182311,109.43489011749625,-152.8437085514019,init,4.080536633002663,7.100402228736203,4.080536633002663,1.2238830000000007,1.2678901174962505,1.2238830000000007,1.0206139999999948,177.9562914485981,1.0206139999999948,0.9356274604797363,0.9763261079788208,0.05877966433763504,0.8426397735314933,0.830378627034678,0.989897381457891,0.0031537823767090836,0.004973366002862652,-0.0018195836261535683,False,True,prototype,prototype,prototype,27.156291448598097,2.043708551401892,124.27849800002377,first_pose_odom,first_pose_odom:000006.jpg->000007.jpg,-152.8437085514019,177.9562914485981,RuntimeError: ModuleNotFoundError: No module named 'nvdiffrast',RuntimeError: ModuleNotFoundError: No module named 'nvdiffrast',RuntimeError: ModuleNotFoundError: No module named 'nvdiffrast',109.390883,254479.95451200838,3364563.1840484003,28.179385999999994
000008.jpg,254480.3397914293,3364559.977730127,108.096,29.19999999999999,254480.44237200858,3364564.0569704,109.320049,28.179385999999994,254476.88957509137,3364566.165697738,109.52693744748831,-152.83669041970194,init,4.080529864870089,7.0848384549957615,4.080529864870089,1.2240489999999937,1.4309374474883043,1.2240489999999937,1.0206139999999948,177.96330958029807,1.0206139999999948,0.9295533299446106,0.9764530658721924,0.05624542757868767,0.8447834890412419,0.8286739369827004,0.991137082164044,0.0031444061120661595,0.004967285591798524,-0.0018228794797323648,False,True,prototype,prototype,prototype,27.163309580298062,2.0366904197019267,115.93044600004987,first_pose_odom,first_pose_odom:000007.jpg->000008.jpg,-152.83669041970194,177.96330958029807,RuntimeError: ModuleNotFoundError: No module named 'nvdiffrast',RuntimeError: ModuleNotFoundError: No module named 'nvdiffrast',RuntimeError: ModuleNotFoundError: No module named 'nvdiffrast',109.320049,254480.44237200858,3364564.0569704,28.179385999999994
000009.jpg,254480.82765338855,3364560.850647796,108.107,29.19999999999999,254480.93023200837,3364564.9298924,109.330906,28.179385999999994,254477.17196751432,3364566.7993403487,109.60991121549159,-152.8378039517872,init,4.080534145358186,6.982190365358401,4.080534145358186,1.2239059999999995,1.5029112154915936,1.2239059999999995,1.0206139999999948,177.96219604821283,1.0206139999999948,0.9362465143203735,0.9911043643951416,0.05629318207502365,0.8414709463393976,0.8237546540558663,0.9906477739937534,0.0031669148011133075,0.004968977610891064,-0.0018020628097777562,False,True,prototype,prototype,prototype,27.16219604821279,2.037803951787197,120.18775999996478,first_pose_odom,first_pose_odom:000008.jpg->000009.jpg,-152.8378039517872,177.96219604821283,RuntimeError: ModuleNotFoundError: No module named 'nvdiffrast',RuntimeError: ModuleNotFoundError: No module named 'nvdiffrast',RuntimeError: ModuleNotFoundError: No module named 'nvdiffrast',109.330906,254480.93023200837,3364564.9298924,28.179385999999994
000010.jpg,254481.3155152743,3364561.723565482,108.129,29.19999999999999,254481.41809200888,3364565.8028144003,109.352755,28.179385999999994,254477.6451127104,3364567.794732585,109.67426070477813,-152.84217250643562,init,4.080538410955168,7.094429150668006,4.080538410955168,1.223754999999997,1.54526070477813,1.223754999999997,1.0206139999999948,177.95782749356442,1.0206139999999948,0.9241200089454651,0.9865717887878418,,0.8482653854306508,0.8262029251748746,,0.003164399842110773,0.005028840775291125,-0.0018644409331803522,False,True,prototype,prototype,,27.157827493564383,2.0421725064356053,128.18105499997046,first_pose_odom,first_pose_odom:000009.jpg->000010.jpg,-152.84217250643562,177.95782749356442,,RuntimeError: ModuleNotFoundError: No module named 'nvdiffrast',RuntimeError: ModuleNotFoundError: No module named 'nvdiffrast',109.352755,254481.41809200888,3364565.8028144003,28.179385999999994
000011.jpg,254481.8033773379,3364562.5964942747,108.228,29.19999999999999,254481.90595200882,3364566.6757364,109.452592,28.179385999999994,254478.20376693114,3364568.3879053458,109.7470930442214,-152.8396582854691,init,4.080531568158928,6.818917602870234,4.080531568158928,1.2245920000000012,1.5190930442214068,1.2245920000000012,1.0206139999999948,177.9603417145309,1.0206139999999948,0.9370633363723755,0.9792741537094116,,0.8421192006214251,0.8283666407739566,,0.003206238072986404,0.004905292221034567,-0.001699054148048163,False,True,prototype,prototype,,27.160341714530887,2.039658285469102,120.95002799998156,first_pose_odom,first_pose_odom:000010.jpg->000011.jpg,-152.8396582854691,177.9603417145309,,RuntimeError: ModuleNotFoundError: No module named 'nvdiffrast',RuntimeError: ModuleNotFoundError: No module named 'nvdiffrast',109.452592,254481.90595200882,3364566.6757364,28.179385999999994
000012.jpg,254482.2912294676,3364563.4694122127,108.417,29.19999999999999,254482.39381200838,3364567.5486584003,109.641196,28.179385999999994,254478.48166650473,3364569.4945967793,109.94058672618121,-152.845954569547,init,4.080535827140624,7.128507489650009,4.080535827140624,1.224195999999992,1.5235867261812075,1.224195999999992,1.0206139999999948,177.954045430453,1.0206139999999948,0.9387311339378357,0.9666037559509277,,0.8426525892053179,0.8327654089938028,,0.0032186064248283706,0.005105864256620407,-0.0018872578317920365,False,True,prototype,prototype,,27.15404543045301,2.0459545695469785,128.05046799996944,first_pose_odom,first_pose_odom:000011.jpg->000012.jpg,-152.845954569547,177.954045430453,,RuntimeError: ModuleNotFoundError: No module named 'nvdiffrast',RuntimeError: ModuleNotFoundError: No module named 'nvdiffrast',109.641196,254482.39381200838,3364567.5486584003,28.179385999999994
000013.jpg,254482.77909138665,3364564.3423410403,108.25,29.19999999999999,254482.8816720086,3364568.4215804003,109.47422499999999,28.179385999999994,254479.2015785843,3364570.281977687,109.51931915897876,-152.83878691598636,init,4.080528953534998,6.933821554283612,4.080528953534998,1.22422499999999,1.2693191589787602,1.22422499999999,1.0206139999999948,177.96121308401365,1.0206139999999948,0.9381279945373535,0.9736458659172058,,0.8415112335735481,0.8298184258866751,,0.003245086525566876,0.005040164726475875,-0.001795078200908999,False,True,prototype,prototype,,27.16121308401364,2.03878691598635,130.53193399997554,first_pose_odom,first_pose_odom:000012.jpg->000013.jpg,-152.83878691598636,177.96121308401365,,RuntimeError: ModuleNotFoundError: No module named 'nvdiffrast',RuntimeError: ModuleNotFoundError: No module named 'nvdiffrast',109.47422499999999,254482.8816720086,3364568.4215804003,28.179385999999994
000014.jpg,254483.26695298447,3364565.2152587976,108.18,29.19999999999999,254483.36953200947,3364569.2945024,109.404569,28.179385999999994,254479.62280856483,3364571.237413618,109.61970819160342,-152.83918073646078,init,4.080533154223037,7.03890170616559,4.080533154223037,1.2245689999999883,1.4397081916034153,1.2245689999999883,1.0206139999999948,177.96081926353924,1.0206139999999948,0.9405413866043091,0.9686615467071533,,0.8420529918774163,0.8352782605611322,,0.003276517614722252,0.0051354846606651945,-0.0018589670459429426,False,True,prototype,prototype,,27.160819263539224,2.0391807364607644,143.60133000002406,first_pose_odom,first_pose_odom:000013.jpg->000014.jpg,-152.83918073646078,177.96081926353924,,RuntimeError: ModuleNotFoundError: No module named 'nvdiffrast',RuntimeError: ModuleNotFoundError: No module named 'nvdiffrast',109.404569,254483.36953200947,3364569.2945024,28.179385999999994
000015.jpg,254483.75481450863,3364566.0881765727,108.223,29.19999999999999,254483.85739200987,3364570.167424399,109.44685799999999,28.179385999999994,254480.1782333277,3364572.0764086447,109.65239403862506,-152.84024397534162,init,4.080537338596758,6.975016580030985,4.080537338596758,1.2238579999999928,1.4293940386250625,1.2238579999999928,1.0206139999999948,177.95975602465842,1.0206139999999948,0.9348942041397095,0.9867972135543823,,0.8432822648969218,0.8287030499858797,,0.00320784020004794,0.0051377504132688046,-0.0019299102132208645,False,True,prototype,prototype,,27.15975602465838,2.0402439753416104,120.58397900000273,first_pose_odom,first_pose_odom:000014.jpg->000015.jpg,-152.84024397534162,177.95975602465842,,RuntimeError: ModuleNotFoundError: No module named 'nvdiffrast',RuntimeError: ModuleNotFoundError: No module named 'nvdiffrast',109.44685799999999,254483.85739200987,3364570.167424399,28.179385999999994
000016.jpg,254484.24267621207,3364566.9611054524,105.565,29.19999999999999,254484.34525200966,3364571.040346399,106.789363,28.179385999999994,254480.671436738,3364573.081561137,106.88640202209353,-152.83552653236313,init,4.0805304182644955,7.0861646303541,4.0805304182644955,1.2243629999999968,1.3214020220935367,1.2243629999999968,1.0206139999999948,177.96447346763688,1.0206139999999948,0.9469160437583923,0.9850065112113953,,0.8404529715214473,0.8281040209172497,,0.003205697789477805,0.0051189208558450145,-0.0019132230663672094,False,True,prototype,prototype,,27.164473467636867,2.0355265323631215,126.61737500002346,first_pose_odom,first_pose_odom:000015.jpg->000016.jpg,-152.83552653236313,177.96447346763688,,RuntimeError: ModuleNotFoundError: No module named 'nvdiffrast',RuntimeError: ModuleNotFoundError: No module named 'nvdiffrast',106.789363,254484.34525200966,3364571.040346399,28.179385999999994
000017.jpg,254484.73052797906,3364567.8340234812,104.692,29.19999999999999,254484.83311201152,3364571.9132683994,105.916381,28.179385999999994,254481.02682634277,3364573.694037878,106.20212698541582,-152.83664773390294,init,4.080534595649677,6.932328219321856,4.080534595649677,1.2243810000000082,1.5101269854158232,1.2243810000000082,1.0206139999999948,177.9633522660971,1.0206139999999948,0.9395542144775391,0.9701310396194458,,0.8438350836250487,0.834429475619674,,0.003199118150708576,0.005068327610691388,-0.001869209459982812,False,True,prototype,prototype,,27.163352266097064,2.0366477339029245,120.45111300000144,first_pose_odom,first_pose_odom:000016.jpg->000017.jpg,-152.83664773390294,177.9633522660971,,RuntimeError: ModuleNotFoundError: No module named 'nvdiffrast',RuntimeError: ModuleNotFoundError: No module named 'nvdiffrast',105.916381,254484.83311201152,3364571.9132683994,28.179385999999994
000018.jpg,254485.2183895379,3364568.7069523972,98.985,29.19999999999999,254485.32097201145,3364572.786190398,100.209358,28.179385999999994,254481.73043020157,3364574.943238347,100.39380544610322,-152.83944838029905,init,4.080527641246818,7.145426703637906,4.080527641246818,1.2243579999999952,1.4088054461032158,1.2243579999999952,1.0206139999999948,177.96055161970094,1.0206139999999948,0.936651349067688,0.9840452075004578,,0.8406098528245352,0.8273199964748391,,0.003190056905926516,0.005147632056226333,-0.001957575150299817,False,True,prototype,prototype,,27.160551619700954,2.039448380299035,155.0184760000093,first_pose_odom,first_pose_odom:000017.jpg->000018.jpg,-152.83944838029905,177.96055161970094,,RuntimeError: ModuleNotFoundError: No module named 'nvdiffrast',RuntimeError: ModuleNotFoundError: No module named 'nvdiffrast',100.209358,254485.32097201145,3364572.786190398,28.179385999999994
000019.jpg,254485.70625077296,3364569.579870243,99.026,29.19999999999999,254485.80883201107,3364573.659112397,100.24981299999999,28.179385999999994,254482.24031118542,3364575.5157205896,100.4964677002281,-152.84094397153018,init,4.080531762109371,6.8736494353453494,4.080531762109371,1.2238129999999927,1.4704677002280988,1.2238129999999927,1.0206139999999948,177.95905602846983,1.0206139999999948,0.9450746178627014,0.9663388133049011,,0.8399397536989457,0.8336138920882431,,0.00315799288606892,0.005008897821729382,-0.0018509049356604614,False,True,prototype,prototype,,27.15905602846982,2.0409439715301687,130.06540500003894,first_pose_odom,first_pose_odom:000018.jpg->000019.jpg,-152.84094397153018,177.95905602846983,,RuntimeError: ModuleNotFoundError: No module named 'nvdiffrast',RuntimeError: ModuleNotFoundError: No module named 'nvdiffrast',100.24981299999999,254485.80883201107,3364573.659112397,28.179385999999994
000020.jpg,254486.1941119357,3364570.4527881066,99.04,29.19999999999999,254486.29669201258,3364574.532034397,100.26392399999999,28.179385999999994,254482.77113111777,3364576.8269131463,100.19074491318315,-152.84197099566452,init,4.080535868078798,7.235072059165755,4.080535868078798,1.2239239999999825,1.1507449131831464,1.2239239999999825,1.0206139999999948,177.95802900433546,1.0206139999999948,0.9269004464149475,0.9780663847923279,,0.8458071130594641,0.8302870678073959,,0.0031809156062081456,0.0052018727486332255,-0.00202095714242508,False,True,prototype,prototype,,27.158029004335475,2.0419709956645136,120.68958300000077,first_pose_odom,first_pose_odom:000019.jpg->000020.jpg,-152.84197099566452,177.95802900433546,,RuntimeError: ModuleNotFoundError: No module named 'nvdiffrast',RuntimeError: ModuleNotFoundError: No module named 'nvdiffrast',100.26392399999999,254486.29669201258,3364574.532034397,28.179385999999994
000021.jpg,254486.6819732777,3364571.3257170757,98.949,29.19999999999999,254486.78455201356,3364575.4049563967,100.17371499999999,28.179385999999994,254483.07001097366,3364577.546156662,100.15319706033915,-152.83822913355166,init,4.080528867017414,7.193061958089871,4.080528867017414,1.2247149999999891,1.2041970603391547,1.2247149999999891,1.0206139999999948,177.96177086644832,1.0206139999999948,0.9426195025444031,0.978526771068573,,0.8396030545096245,0.8276207903719605,,0.0031907401668528714,0.005179133421430985,-0.001988393254578114,False,True,prototype,prototype,,27.161770866448336,2.0382291335516527,124.38807400002361,first_pose_odom,first_pose_odom:000020.jpg->000021.jpg,-152.83822913355166,177.96177086644832,,RuntimeError: ModuleNotFoundError: No module named 'nvdiffrast',RuntimeError: ModuleNotFoundError: No module named 'nvdiffrast',100.17371499999999,254486.78455201356,3364575.4049563967,28.179385999999994
000022.jpg,254487.1698342946,3364572.1986349765,98.853,29.19999999999999,254487.27241201518,3364576.277878397,100.07705999999999,28.179385999999994,254483.56364237197,3364578.2575912555,100.24390164669603,-152.84119406241064,init,4.080532939881787,7.050926986789639,4.080532939881787,1.2240599999999944,1.3909016466960367,1.2240599999999944,1.0206139999999948,177.95880593758937,1.0206139999999948,0.9225107431411743,0.9775001406669617,,0.8483922801193651,0.8296046474670246,,0.0032058178912848234,0.0051390319131314754,-0.001933214021846652,False,True,prototype,prototype,,27.158805937589364,2.041194062410625,118.03325900001482,first_pose_odom,first_pose_odom:000021.jpg->000022.jpg,-152.84119406241064,177.95880593758937,,RuntimeError: ModuleNotFoundError: No module named 'nvdiffrast',RuntimeError: ModuleNotFoundError: No module named 'nvdiffrast',100.07705999999999,254487.27241201518,3364576.277878397,28.179385999999994
000023.jpg,254487.65768563029,3364573.0715531097,98.747,29.19999999999999,254487.76027201518,3364577.150800397,99.97129199999999,28.179385999999994,254484.05486531762,3364579.601134186,100.0502849444747,-152.83504724157677,init,4.0805370233259515,7.457596344632136,4.0805370233259515,1.2242919999999913,1.3032849444746972,1.2242919999999913,1.0206139999999948,177.96495275842324,1.0206139999999948,0.9333581924438477,0.9785349369049072,,0.8444773071370726,0.829900355621281,,0.0031994165619835258,0.0052959077681104345,-0.0020964912061269088,False,True,prototype,prototype,,27.164952758423226,2.0350472415767626,113.63633100000925,first_pose_odom,first_pose_odom:000022.jpg->000023.jpg,-152.83504724157677,177.96495275842324,,RuntimeError: ModuleNotFoundError: No module named 'nvdiffrast',RuntimeError: ModuleNotFoundError: No module named 'nvdiffrast',99.97129199999999,254487.76027201518,3364577.150800397,28.179385999999994
000024.jpg,254488.14554675412,3364573.944482133,98.727,29.19999999999999,254488.24813201462,3364578.023722396,99.95137,28.179385999999994,254484.63356434437,3364580.3492169585,100.1426114719361,-152.84631476927674,init,4.080529973243478,7.304426646501396,4.080529973243478,1.2243699999999933,1.4156114719361028,1.2243699999999933,1.0206139999999948,177.9536852307233,1.0206139999999948,0.9299672842025757,0.9827630519866943,,0.8458115553044215,0.8272354852380279,,0.0031603544484823942,0.005178049361954133,-0.002017694913471739,False,True,prototype,prototype,,27.153685230723255,2.0463147692767336,117.62125699999615,first_pose_odom,first_pose_odom:000023.jpg->000024.jpg,-152.84631476927674,177.9536852307233,,RuntimeError: ModuleNotFoundError: No module named 'nvdiffrast',RuntimeError: ModuleNotFoundError: No module named 'nvdiffrast',99.95137,254488.24813201462,3364578.023722396,28.179385999999994
000025.jpg,254488.63340755538,3364574.8174000834,98.748,29.19999999999999,254488.7359920148,3364578.896644396,99.972323,28.179385999999994,254485.04451137586,3364581.2454674863,100.15178893506527,-152.8359061346301,init,4.08053400074938,7.362080298647561,4.08053400074938,1.2243229999999983,1.4037889350652648,1.2243229999999983,1.0206139999999948,177.96409386536993,1.0206139999999948,0.9304454922676086,0.9672117233276367,,0.8457936493912674,0.8312158747548284,,0.0031973688358751438,0.005234748202686508,-0.0020373793668113645,False,True,prototype,prototype,,27.164093865369892,2.035906134630096,121.22625099999595,first_pose_odom,first_pose_odom:000024.jpg->000025.jpg,-152.8359061346301,177.96409386536993,,RuntimeError: ModuleNotFoundError: No module named 'nvdiffrast',RuntimeError: ModuleNotFoundError: No module named 'nvdiffrast',99.972323,254488.7359920148,3364578.896644396,28.179385999999994
000026.jpg,254489.12126853588,3364575.6903291424,98.767,29.19999999999999,254489.22385201446,3364579.769566396,99.99123900000001,28.179385999999994,254485.36344435636,3364582.0426843422,100.2352514974773,-152.84219630354008,init,4.08052691936307,7.380627286985485,4.08052691936307,1.2242390000000114,1.468251497477297,1.2242390000000114,1.0206139999999948,177.9578036964599,1.0206139999999948,0.9418153762817383,0.9796052575111389,,0.8404840097644931,0.8285945101069528,,0.003206576938585689,0.005309661927943428,-0.0021030849893577393,False,True,prototype,prototype,,27.157803696459922,2.0421963035400665,112.23245600001519,first_pose_odom,first_pose_odom:000025.jpg->000026.jpg,-152.84219630354008,177.9578036964599,,RuntimeError: ModuleNotFoundError: No module named 'nvdiffrast',RuntimeError: ModuleNotFoundError: No module named 'nvdiffrast',99.99123900000001,254489.22385201446,3364579.769566396,28.179385999999994
000027.jpg,254489.60912919132,3364576.5632471307,98.764,29.19999999999999,254489.71171201483,3364580.6424883953,99.988105,28.179385999999994,254486.03131609847,3364582.752122853,100.31476974394172,-152.8383003193648,init,4.0805309128334315,7.148631283863426,4.0805309128334315,1.2241050000000087,1.5507697439417285,1.2241050000000087,1.0206139999999948,177.9616996806352,1.0206139999999948,0.928132951259613,0.9692507386207581,,0.8460858965072523,0.8342314011624825,,0.0032213238494781158,0.005143329966813326,-0.00192200611733521,False,True,prototype,prototype,,27.161699680635195,2.0383003193647937,127.21085500004392,first_pose_odom,first_pose_odom:000026.jpg->000027.jpg,-152.8383003193648,177.9616996806352,,RuntimeError: ModuleNotFoundError: No module named 'nvdiffrast',RuntimeError: ModuleNotFoundError: No module named 'nvdiffrast',99.988105,254489.71171201483,3364580.6424883953,28.179385999999994
000028.jpg,254490.096989777,3364577.4361651368,98.712,29.19999999999999,254490.19957201474,3364581.5154103953,99.93579000000001,28.179385999999994,254486.50481017376,3364583.687138165,100.02563703432679,-152.84056699056708,init,4.080534890821977,7.209605960127943,4.080534890821977,1.2237900000000081,1.3136370343267885,1.2237900000000081,1.0206139999999948,177.95943300943293,1.0206139999999948,0.9335961937904358,0.9787565469741821,,0.8428054058828726,0.8278597297058564,,0.0032289688436624906,0.0052148109922806425,-0.001985842148618152,False,True,prototype,prototype,,27.159433009432917,2.040566990567072,130.81065699998362,first_pose_odom,first_pose_odom:000027.jpg->000028.jpg,-152.84056699056708,177.95943300943293,,RuntimeError: ModuleNotFoundError: No module named 'nvdiffrast',RuntimeError: ModuleNotFoundError: No module named 'nvdiffrast',99.93579000000001,254490.19957201474,3364581.5154103953,28.179385999999994
000029.jpg,254490.5848505393,3364578.309094248,98.79,29.19999999999999,254490.6874320151,3364582.3883323944,100.01466900000001,28.179385999999994,254486.91310618594,3364584.511711829,100.09934022277594,-152.84365324807501,init,4.080527761870225,7.207924212467149,4.080527761870225,1.2246690000000058,1.3093402227759299,1.2246690000000058,1.0206139999999948,177.95634675192503,1.0206139999999948,0.9379119873046875,0.9664953351020813,,0.8415996897913142,0.8327340665538635,,0.0032419770141132176,0.005213827360421419,-0.0019718503463082016,False,True,prototype,prototype,,27.156346751924985,2.043653248075003,122.59660799998073,first_pose_odom,first_pose_odom:000028.jpg->000029.jpg,-152.84365324807501,177.95634675192503,,RuntimeError: ModuleNotFoundError: No module named 'nvdiffrast',RuntimeError: ModuleNotFoundError: No module named 'nvdiffrast',100.01466900000001,254490.6874320151,3364582.3883323944,28.179385999999994
000030.jpg,254491.07271098028,3364579.1820122893,99.143,29.19999999999999,254491.1752920152,3364583.261254395,100.36765500000001,28.179385999999994,254487.34330756793,3364585.3443136774,100.73119402583688,-152.83825993750455,init,4.080531708587551,7.202944412520106,4.080531708587551,1.2246550000000127,1.5881940258368843,1.2246550000000127,1.0206139999999948,177.96174006249544,1.0206139999999948,0.9328207969665527,0.9758589267730713,,0.8440320258454191,0.8286336341609017,,0.003238298852617542,0.0052419486455619335,-0.0020036497929443917,False,True,prototype,prototype,,27.161740062495454,2.0382599375045345,131.69964100001152,first_pose_odom,first_pose_odom:000029.jpg->000030.jpg,-152.83825993750455,177.96174006249544,,RuntimeError: ModuleNotFoundError: No module named 'nvdiffrast',RuntimeError: ModuleNotFoundError: No module named 'nvdiffrast',100.36765500000001,254491.1752920152,3364583.261254395,28.179385999999994
000031.jpg,254491.56057134792,3364580.0549303493,100.06,29.19999999999999,254491.66315201597,3364584.134176394,101.284422,28.179385999999994,254488.04444376184,3364586.2610772424,101.5818997360766,-152.84225461849726,init,4.080535637149138,7.132980615435442,4.080535637149138,1.2244220000000041,1.5218997360765911,1.2244220000000041,1.0206139999999948,177.95774538150272,1.0206139999999948,0.941001832485199,0.9694095253944397,,0.8403021691935683,0.8321478369839561,,0.003202285928030809,0.0051882398159553604,-0.0019859538879245515,False,True,prototype,prototype,,27.157745381502735,2.042254618497253,130.5865150000045,first_pose_odom,first_pose_odom:000030.jpg->000031.jpg,-152.84225461849726,177.95774538150272,,RuntimeError: ModuleNotFoundError: No module named 'nvdiffrast',RuntimeError: ModuleNotFoundError: No module named 'nvdiffrast',101.284422,254491.66315201597,3364584.134176394,28.179385999999994
000032.jpg,254492.0484222808,3364580.9278597296,100.365,29.19999999999999,254492.1510120162,3364585.0070983935,101.58913500000001,28.179385999999994,254488.41563898747,3364586.935410767,101.63370577991009,-152.84185324323846,init,4.08052848670525,7.020525900618339,4.08052848670525,1.2241350000000182,1.2687057799100927,1.2241350000000182,1.0206139999999948,177.95814675676155,1.0206139999999948,0.9308550953865051,0.9712634682655334,,0.8440492957746479,0.8315669014084507,,0.003185094644625982,0.005107975021625559,-0.001922880376999577,False,True,prototype,prototype,,27.15814675676154,2.0418532432384495,112.76899799997864,first_pose_odom,first_pose_odom:000031.jpg->000032.jpg,-152.84185324323846,177.95814675676155,,RuntimeError: ModuleNotFoundError: No module named 'nvdiffrast',RuntimeError: ModuleNotFoundError: No module named 'nvdiffrast',101.58913500000001,254492.1510120162,3364585.0070983935,28.179385999999994
000033.jpg,254492.53628250488,3364581.800777825,100.6,29.19999999999999,254492.63887201596,3364585.8800203926,101.82461800000002,28.179385999999994,254488.78175605673,3364588.165203352,101.85436198115349,-152.83417130269268,init,4.0805323834699205,7.389342402249527,4.0805323834699205,1.2246180000000209,1.2543619811534938,1.2246180000000209,1.0206139999999948,177.9658286973073,1.0206139999999948,0.9445673227310181,0.9825356006622314,,0.8409655099561612,0.8255427032166059,,0.00322232519586881,0.005302451240519683,-0.0020801260446508727,False,True,prototype,prototype,,27.16582869730732,2.0341713026926698,121.55649800001811,first_pose_odom,first_pose_odom:000032.jpg->000033.jpg,-152.83417130269268,177.9658286973073,,RuntimeError: ModuleNotFoundError: No module named 'nvdiffrast',RuntimeError: ModuleNotFoundError: No module named 'nvdiffrast',101.82461800000002,254492.63887201596,3364585.8800203926,28.179385999999994
000034.jpg,254493.02414265557,3364582.6736959373,102.523,29.19999999999999,254493.1267320164,3364586.752942393,103.74755200000001,28.179385999999994,254489.2103069014,3364588.8279507384,103.87652361858636,-152.83610201318436,init,4.080536266734839,7.240179232364442,4.080536266734839,1.224552000000017,1.3535236185863653,1.224552000000017,1.0206139999999948,177.96389798681565,1.0206139999999948,0.936714231967926,0.9713320136070251,,0.8444507072023674,0.8299191517094393,,0.0031998135382309556,0.005234976143886645,-0.0020351626056556897,False,True,prototype,prototype,,27.16389798681564,2.0361020131843475,114.24282900003391,first_pose_odom,first_pose_odom:000033.jpg->000034.jpg,-152.83610201318436,177.96389798681565,,RuntimeError: ModuleNotFoundError: No module named 'nvdiffrast',RuntimeError: ModuleNotFoundError: No module named 'nvdiffrast',103.74755200000001,254493.1267320164,3364586.752942393,28.179385999999994
000035.jpg,254493.51200298526,3364583.546625154,109.709,29.19999999999999,254493.61459201633,3364587.625864393,110.93333000000001,28.179385999999994,254489.93749816023,3364589.8965638992,110.90160619374365,-152.83986105953196,init,4.080529043907162,7.286892809093251,4.080529043907162,1.224330000000009,1.192606193743643,1.224330000000009,1.0206139999999948,177.96013894046803,1.0206139999999948,0.9287632703781128,0.9833722114562988,,0.8477003386004515,0.8262380079006773,,0.0032463285606354475,0.0053109593379000826,-0.002064630777264635,False,True,prototype,prototype,,27.160138940468045,2.039861059531944,123.19410899999639,first_pose_odom,first_pose_odom:000034.jpg->000035.jpg,-152.83986105953196,177.96013894046803,,RuntimeError: ModuleNotFoundError: No module named 'nvdiffrast',RuntimeError: ModuleNotFoundError: No module named 'nvdiffrast',110.93333000000001,254493.61459201633,3364587.625864393,28.179385999999994
000036.jpg,254493.9998629914,3364584.419543303,109.246,29.19999999999999,254494.10245201574,3364588.4987863936,110.47016500000001,28.179385999999994,254490.66497814664,3364590.466881066,110.4868117487058,-152.83661280564988,init,4.08053289400524,6.9059214408856455,4.08053289400524,1.2241650000000135,1.2408117487058092,1.2241650000000135,1.0206139999999948,177.96338719435016,1.0206139999999948,0.9372836947441101,0.9732699394226074,,0.843103996607654,0.8321142089826495,,0.003207133811277648,0.005115204257890582,-0.0019080704466129341,False,True,prototype,prototype,,27.163387194350122,2.0366128056498667,157.32372099995473,first_pose_odom,first_pose_odom:000035.jpg->000036.jpg,-152.83661280564988,177.96338719435016,,RuntimeError: ModuleNotFoundError: No module named 'nvdiffrast',RuntimeError: ModuleNotFoundError: No module named 'nvdiffrast',110.47016500000001,254494.10245201574,3364588.4987863936,28.179385999999994
000037.jpg,254494.4877231754,3364585.2924725553,108.735,29.19999999999999,254494.5903120159,3364589.371708394,109.95878900000001,28.179385999999994,254491.07690141047,3364591.510906538,109.96814643591642,-152.83918109500374,init,4.080525639932034,7.092434441660489,4.080525639932034,1.2237890000000107,1.2331464359164244,1.2237890000000107,1.0206139999999948,177.96081890499624,1.0206139999999948,0.9231873750686646,0.974157452583313,,0.8498705780845557,0.8292511137328098,,0.0032105809077620506,0.005217679465810458,-0.0020070985580484075,False,True,prototype,prototype,,27.160818904996262,2.039181095003727,134.92913900000758,first_pose_odom,first_pose_odom:000036.jpg->000037.jpg,-152.83918109500374,177.96081890499624,,RuntimeError: ModuleNotFoundError: No module named 'nvdiffrast',RuntimeError: ModuleNotFoundError: No module named 'nvdiffrast',109.95878900000001,254494.5903120159,3364589.371708394,28.179385999999994
000038.jpg,254494.97558303815,3364586.1653907383,108.295,29.19999999999999,254495.07817201552,3364590.2446303936,109.519158,28.179385999999994,254491.61127609728,3364592.3658617735,109.57495700381696,-152.84252155593504,init,4.080529458726774,7.054388864445445,4.080529458726774,1.2241580000000027,1.2799570038169605,1.2241580000000027,1.0206139999999948,177.95747844406498,1.0206139999999948,0.9321786165237427,0.9809039831161499,,0.8446352082635596,0.828894255345402,,0.003204435963804523,0.005149826717873414,-0.001945390754068891,False,True,prototype,prototype,,27.157478444064964,2.042521555935025,137.26058400004604,first_pose_odom,first_pose_odom:000037.jpg->000038.jpg,-152.84252155593504,177.95747844406498,,RuntimeError: ModuleNotFoundError: No module named 'nvdiffrast',RuntimeError: ModuleNotFoundError: No module named 'nvdiffrast',109.519158,254495.07817201552,3364590.2446303936,28.179385999999994
000039.jpg,254495.46344282592,3364587.03830894,108.283,29.19999999999999,254495.56603201586,3364591.117552394,109.506989,28.179385999999994,254491.9519773308,3364593.290986407,109.64235656242818,-152.84192136892105,init,4.0805332617351375,7.1712178485913265,4.0805332617351375,1.223989000000003,1.3593565624281752,1.223989000000003,1.0206139999999948,177.95807863107893,1.0206139999999948,0.9269025921821594,0.9803773164749146,,0.8466969863207631,0.8274434160930118,,0.003225691597132633,0.005258614507814248,-0.002032922910681615,False,True,prototype,prototype,,27.15807863107895,2.041921368921038,130.332487999965,first_pose_odom,first_pose_odom:000038.jpg->000039.jpg,-152.84192136892105,177.95807863107893,,RuntimeError: ModuleNotFoundError: No module named 'nvdiffrast',RuntimeError: ModuleNotFoundError: No module named 'nvdiffrast',109.506989,254495.56603201586,3364591.117552394,28.179385999999994
000040.jpg,254495.95130279433,3364587.911238245,108.271,29.19999999999999,254496.05389201568,3364591.9904743945,109.49562800000001,28.179385999999994,254492.3422508973,3364594.032004184,109.7178919268772,-152.83812850706278,init,4.080525960005005,7.105563403012507,4.080525960005005,1.2246280000000098,1.4468919268771998,1.2246280000000098,1.0206139999999948,177.96187149293723,1.0206139999999948,0.9328656792640686,0.9742034077644348,,0.8463161596623879,0.8280288377000176,,0.0032516434439457953,0.005220900444934766,-0.0019692570009889705,False,True,prototype,prototype,,27.161871492937223,2.0381285070627655,116.39040000000023,first_pose_odom,first_pose_odom:000039.jpg->000040.jpg,-152.83812850706278,177.96187149293723,,RuntimeError: ModuleNotFoundError: No module named 'nvdiffrast',RuntimeError: ModuleNotFoundError: No module named 'nvdiffrast',109.49562800000001,254496.05389201568,3364591.9904743945,28.179385999999994
000041.jpg,254496.43916243885,3364588.7841564827,108.26,29.19999999999999,254496.54175201614,3364592.8633963945,109.48426500000001,28.179385999999994,254492.8877469928,3364594.9820313817,109.78873915970325,-152.8447610809126,init,4.080529730307662,7.143262905304565,4.080529730307662,1.2242650000000026,1.5287391597032496,1.2242650000000026,1.0206139999999948,177.95523891908738,1.0206139999999948,0.9372642636299133,0.9677088260650635,,0.8431306446175412,0.8294504870561933,,0.0032420488617693386,0.005281178979203105,-0.0020391301174337664,False,True,prototype,prototype,,27.155238919087395,2.0447610809125933,116.85579200002394,first_pose_odom,first_pose_odom:000040.jpg->000041.jpg,-152.8447610809126,177.95523891908738,,RuntimeError: ModuleNotFoundError: No module named 'nvdiffrast',RuntimeError: ModuleNotFoundError: No module named 'nvdiffrast',109.48426500000001,254496.54175201614,3364592.8633963945,28.179385999999994
000042.jpg,254496.92702201233,3364589.6570747383,108.246,29.19999999999999,254497.02961201745,3364593.7363183936,109.470015,28.179385999999994,254493.36426356653,3364595.954843643,109.47627470269799,-152.84634221451284,init,4.080533483331577,7.235685242029068,4.080533483331577,1.2240150000000085,1.2302747026979972,1.2240150000000085,1.0206139999999948,177.95365778548717,1.0206139999999948,0.927937388420105,0.9739786982536316,,0.8464038434364843,0.8288293062031934,,0.0032717868064840636,0.005308761261403561,-0.002036974454919497,False,True,prototype,prototype,,27.153657785487155,2.0463422145128334,120.77003899997862,first_pose_odom,first_pose_odom:000041.jpg->000042.jpg,-152.84634221451284,177.95365778548717,,RuntimeError: ModuleNotFoundError: No module named 'nvdiffrast',RuntimeError: ModuleNotFoundError: No module named 'nvdiffrast',109.470015,254497.02961201745,3364593.7363183936,28.179385999999994
000043.jpg,254497.4148817626,3364590.5300040958,108.195,29.19999999999999,254497.51747201695,3364594.6092403927,109.419471,28.179385999999994,254493.99496495308,3364596.6676850556,109.5588881438598,-152.83957286870714,init,4.080526133543493,7.02616243404034,4.080526133543493,1.2244710000000083,1.3638881438598105,1.2244710000000083,1.0206139999999948,177.96042713129287,1.0206139999999948,0.9380085468292236,0.9587424993515015,,0.8428354573375225,0.8357927066050058,,0.003252299075635771,0.005212731659412384,-0.0019604325837766132,False,True,prototype,prototype,,27.160427131292863,2.0395728687071255,120.99790199999916,first_pose_odom,first_pose_odom:000042.jpg->000043.jpg,-152.83957286870714,177.96042713129287,,RuntimeError: ModuleNotFoundError: No module named 'nvdiffrast',RuntimeError: ModuleNotFoundError: No module named 'nvdiffrast',109.419471,254497.51747201695,3364594.6092403927,28.179385999999994
000044.jpg,254497.90274119028,3364591.402922387,108.131,29.19999999999999,254498.00533201714,3364595.482162392,109.354801,28.179385999999994,254494.25664180156,3364597.4403945603,109.57686597760767,-152.84296293684886,init,4.080529855291999,7.05302140922917,4.080529855291999,1.2238009999999946,1.4458659776076672,1.2238009999999946,1.0206139999999948,177.95703706315112,1.0206139999999948,0.9309242963790894,0.9643846750259399,,0.8442676451390971,0.829961013989098,,0.003241914208047092,0.005198022350668907,-0.001956108142621815,False,True,prototype,prototype,,27.157037063151137,2.042962936848852,120.13538600001539,first_pose_odom,first_pose_odom:000043.jpg->000044.jpg,-152.84296293684886,177.95703706315112,,RuntimeError: ModuleNotFoundError: No module named 'nvdiffrast',RuntimeError: ModuleNotFoundError: No module named 'nvdiffrast',109.354801,254498.00533201714,3364595.482162392,28.179385999999994
000045.jpg,254498.3906005469,3364592.275840694,107.985,29.19999999999999,254498.49319201682,3364596.3550843913,109.20973,28.179385999999994,254494.7220404047,3364598.683852298,109.2399397874251,-152.84499974238926,init,4.0805335620550105,7.383830051888258,4.0805335620550105,1.2247299999999939,1.2549397874251014,1.2247299999999939,1.0206139999999948,177.95500025761078,1.0206139999999948,0.9397671222686768,0.9869794845581055,,0.8424788135593221,0.8243114406779661,,0.003240204183384776,0.00536307863270243,-0.0021228744493176537,False,True,prototype,prototype,,27.155000257610737,2.044999742389251,132.76581599996007,first_pose_odom,first_pose_odom:000044.jpg->000045.jpg,-152.84499974238926,177.95500025761078,,RuntimeError: ModuleNotFoundError: No module named 'nvdiffrast',RuntimeError: ModuleNotFoundError: No module named 'nvdiffrast',109.20973,254498.49319201682,3364596.3550843913,28.179385999999994
000046.jpg,254498.87846007897,3364593.148770106,107.963,29.19999999999999,254498.98105201716,3364597.2280063913,109.18757299999999,28.179385999999994,254495.19007783415,3364599.3837215435,109.23712354712188,-152.84246101765328,init,4.0805261642406405,7.244224113818807,4.0805261642406405,1.2245729999999924,1.2741235471218886,1.2245729999999924,1.0206139999999948,177.9575389823467,1.0206139999999948,0.9385169148445129,0.9846781492233276,,0.8410692157904054,0.8245353159851301,,0.003242620616219938,0.00528279272839427,-0.002040172112174332,False,True,prototype,prototype,,27.157538982346722,2.0424610176532667,116.77010400001109,first_pose_odom,first_pose_odom:000045.jpg->000046.jpg,-152.84246101765328,177.9575389823467,,RuntimeError: ModuleNotFoundError: No module named 'nvdiffrast',RuntimeError: ModuleNotFoundError: No module named 'nvdiffrast',109.18757299999999,254498.98105201716,3364597.2280063913,28.179385999999994
000047.jpg,254499.3663192911,3364594.0216884497,108.063,29.19999999999999,254499.4689120171,3364598.100928391,109.28739199999998,28.179385999999994,254495.96733562427,3364600.395107021,109.63922082912177,-152.83771662547258,init,4.080529838798846,7.2231263490207365,4.080529838798846,1.2243919999999804,1.576220829121766,1.2243919999999804,1.0206139999999948,177.96228337452743,1.0206139999999948,0.9364643096923828,0.9782720804214478,,0.8446631205673759,0.8275177304964539,,0.0032364979463939867,0.005265569935242335,-0.0020290719888483486,False,True,prototype,prototype,,27.16228337452742,2.0377166254725694,116.88011700005063,first_pose_odom,first_pose_odom:000046.jpg->000047.jpg,-152.83771662547258,177.96228337452743,,RuntimeError: ModuleNotFoundError: No module named 'nvdiffrast',RuntimeError: ModuleNotFoundError: No module named 'nvdiffrast',109.28739199999998,254499.4689120171,3364598.100928391,28.179385999999994
000048.jpg,254499.8541784295,3364594.894606811,108.127,29.19999999999999,254499.9567720178,3364598.973850391,109.35153999999999,28.179385999999994,254496.3199939751,3364601.0352710327,109.65366859734058,-152.83930766845054,init,4.080533498005655,7.085069995528022,4.080533498005655,1.2245399999999904,1.5266685973405885,1.2245399999999904,1.0206139999999948,177.96069233154947,1.0206139999999948,0.9402109384536743,0.9766969084739685,,0.8408685043407536,0.8263698569584667,,0.0031929547743250928,0.005204999508957068,-0.0020120447346319756,False,True,prototype,prototype,,27.160692331549456,2.039307668450533,129.7872929999926,first_pose_odom,first_pose_odom:000047.jpg->000048.jpg,-152.83930766845054,177.96069233154947,,RuntimeError: ModuleNotFoundError: No module named 'nvdiffrast',RuntimeError: ModuleNotFoundError: No module named 'nvdiffrast',109.35153999999999,254499.9567720178,3364598.973850391,28.179385999999994
000049.jpg,254500.342037746,3364595.7675362774,108.423,29.19999999999999,254500.4446320178,3364599.8467723904,109.64763499999998,28.179385999999994,254496.76633094056,3364602.0252932874,109.69012262951583,-152.8437444679944,init,4.08052605067218,7.207301988538207,4.08052605067218,1.224634999999978,1.2671226295158249,1.224634999999978,1.0206139999999948,177.95625553200557,1.0206139999999948,0.9282524585723877,0.9916295409202576,,0.8472237005499379,0.823895689196381,,0.003199361206497997,0.0052490987194081145,-0.0020497375129101174,False,True,prototype,prototype,,27.156255532005588,2.043744467994401,123.52596200003063,first_pose_odom,first_pose_odom:000048.jpg->000049.jpg,-152.8437444679944,177.95625553200557,,RuntimeError: ModuleNotFoundError: No module named 'nvdiffrast',RuntimeError: ModuleNotFoundError: No module named 'nvdiffrast',109.64763499999998,254500.4446320178,3364599.8467723904,28.179385999999994
000050.jpg,254500.8298967411,3364596.6404546727,108.986,29.19999999999999,254500.93249201868,3364600.7196943904,110.21008299999998,28.179385999999994,254497.16657347127,3364602.8742467696,110.49912799242884,-152.84968136970224,init,4.0805296795042825,7.230497997093895,4.0805296795042825,1.224082999999979,1.513127992428835,1.224082999999979,1.0206139999999948,177.95031863029777,1.0206139999999948,0.9278280735015869,0.9751014113426208,,0.8457919034090909,0.8268288352272727,,0.0031892010010778904,0.00527906883507967,-0.0020898678340017796,False,True,prototype,prototype,,27.15031863029776,2.0496813697022276,114.21425800000407,first_pose_odom,first_pose_odom:000049.jpg->000050.jpg,-152.84968136970224,177.95031863029777,,RuntimeError: ModuleNotFoundError: No module named 'nvdiffrast',RuntimeError: ModuleNotFoundError: No module named 'nvdiffrast',110.21008299999998,254500.93249201868,3364600.7196943904,28.179385999999994
000051.jpg,254501.31775566272,3364597.513373088,109.47,29.19999999999999,254501.42035201887,3364601.59261639,110.69403499999999,28.179385999999994,254497.516417681,3364603.546746432,111.10834621731192,-152.84204413020376,init,4.080533289684819,7.131042305048185,4.080533289684819,1.2240349999999864,1.6383462173119199,1.2240349999999864,1.0206139999999948,177.95795586979625,1.0206139999999948,0.9338017106056213,0.9665144085884094,,0.8449675612436629,0.829262239869536,,0.003176335769239813,0.005191762776424487,-0.002015427007184674,False,True,prototype,prototype,,27.15795586979624,2.042044130203749,134.7157940000443,first_pose_odom,first_pose_odom:000050.jpg->000051.jpg,-152.84204413020376,177.95795586979625,,RuntimeError: ModuleNotFoundError: No module named 'nvdiffrast',RuntimeError: ModuleNotFoundError: No module named 'nvdiffrast',110.69403499999999,254501.42035201887,3364601.59261639,28.179385999999994
000052.jpg,254501.8056243737,3364598.3863023897,109.903,29.19999999999999,254501.90821201872,3364602.46553839,111.12698499999999,28.179385999999994,254498.16223878524,3364604.5090512964,111.37049899157137,-152.84335038100286,init,4.080525771410217,7.124767555572718,4.080525771410217,1.2239849999999848,1.467498991571361,1.2239849999999848,1.0206139999999948,177.95664961899718,1.0206139999999948,0.9399982690811157,0.9798195362091064,,0.8448738783296827,0.8270684660496008,,0.0031816175129885473,0.005207574460655451,-0.0020259569476669035,False,True,prototype,prototype,,27.156649618997136,2.0433503810028526,135.6061900000327,first_pose_odom,first_pose_odom:000051.jpg->000052.jpg,-152.84335038100286,177.95664961899718,,RuntimeError: ModuleNotFoundError: No module named 'nvdiffrast',RuntimeError: ModuleNotFoundError: No module named 'nvdiffrast',111.12698499999999,254501.90821201872,3364602.46553839,28.179385999999994
000053.jpg,254502.29348315197,3364599.25922084,105.101,29.19999999999999,254502.3960720192,3364603.338460389,106.32527599999999,28.179385999999994,254498.63177795234,3364605.4657890038,106.51833530515432,-152.84031366340196,init,4.0805293498208,7.20621768621582,4.0805293498208,1.224275999999989,1.4173353051543245,1.224275999999989,1.0206139999999948,177.95968633659805,1.0206139999999948,0.9308251142501831,0.9712976217269897,,0.8448999097329156,0.8282093488380325,,0.0032255876576527953,0.005261536687612534,-0.0020359490299597383,False,True,prototype,prototype,,27.159686336598043,2.040313663401946,126.18406600000753,first_pose_odom,first_pose_odom:000052.jpg->000053.jpg,-152.84031366340196,177.95968633659805,,RuntimeError: ModuleNotFoundError: No module named 'nvdiffrast',RuntimeError: ModuleNotFoundError: No module named 'nvdiffrast',106.32527599999999,254502.3960720192,3364603.338460389,28.179385999999994
000054.jpg,254502.78134185664,3364600.132139307,100.478,29.19999999999999,254502.8839320191,3364604.2113823886,101.701968,28.179385999999994,254499.11866105295,3364606.479217493,101.85569647233933,-152.84384613790752,init,4.080532913773833,7.328071517717451,4.080532913773833,1.2239679999999993,1.3776964723393377,1.2239679999999993,1.0206139999999948,177.9561538620925,1.0206139999999948,0.9354648590087891,0.9792483448982239,,0.8448759362464946,0.8297007560966951,,0.0032145127188414335,0.005339490870634715,-0.0021249781517932815,False,True,prototype,prototype,,27.15615386209248,2.043846137907508,139.37083199999734,first_pose_odom,first_pose_odom:000053.jpg->000054.jpg,-152.84384613790752,177.9561538620925,,RuntimeError: ModuleNotFoundError: No module named 'nvdiffrast',RuntimeError: ModuleNotFoundError: No module named 'nvdiffrast',101.701968,254502.8839320191,3364604.2113823886,28.179385999999994
000055.jpg,254503.2692007406,3364601.00506888,98.951,29.19999999999999,254503.37179201865,3364605.084304389,100.175141,28.179385999999994,254499.6596300389,3364607.6239858884,100.23000129777938,-152.8372904418196,init,4.080525371631744,7.5391685890795594,4.080525371631744,1.224141000000003,1.2790012977793879,1.224141000000003,1.0206139999999948,177.96270955818045,1.0206139999999948,0.9418901801109314,0.9785668849945068,,0.8415660186058094,0.8286344474288052,,0.003254081840471675,0.005432717502117157,-0.002178635661645482,False,True,prototype,prototype,,27.16270955818041,2.0372904418195787,133.27155700000048,first_pose_odom,first_pose_odom:000054.jpg->000055.jpg,-152.8372904418196,177.96270955818045,,RuntimeError: ModuleNotFoundError: No module named 'nvdiffrast',RuntimeError: ModuleNotFoundError: No module named 'nvdiffrast',100.175141,254503.37179201865,3364605.084304389,28.179385999999994
000056.jpg,254503.75705929942,3364601.8779873825,102.354,29.19999999999999,254503.8596520188,3364605.957226389,103.57794799999999,28.179385999999994,254500.3492308994,3364608.1268458604,103.4163581514731,-152.83829507920584,init,4.080528904345239,7.117691106047896,4.080528904345239,1.223947999999993,1.0623581514731057,1.223947999999993,1.0206139999999948,177.9617049207942,1.0206139999999948,0.9333169460296631,0.9710637331008911,,0.8434564474807856,0.829899658411614,,0.003235906692376981,0.005253772251307964,-0.0020178655589309833,False,True,prototype,prototype,,27.161704920794165,2.038295079205824,141.94385700000112,first_pose_odom,first_pose_odom:000055.jpg->000056.jpg,-152.83829507920584,177.9617049207942,,RuntimeError: ModuleNotFoundError: No module named 'nvdiffrast',RuntimeError: ModuleNotFoundError: No module named 'nvdiffrast',103.57794799999999,254503.8596520188,3364605.957226389,28.179385999999994
000057.jpg,254504.24491778726,3364602.750905902,103.056,29.19999999999999,254504.34751201846,3364606.8301483886,104.280442,28.179385999999994,254500.9275078167,3364608.95858451,104.21549362502992,-152.83773762673746,init,4.08053242114265,7.038500025492948,4.08053242114265,1.2244419999999963,1.1594936250299241,1.2244419999999963,1.0206139999999948,177.96226237326255,1.0206139999999948,0.9357091784477234,0.9770488142967224,,0.843029579046838,0.8283737764544369,,0.0032634313101880252,0.005189988451699416,-0.001926557141511391,False,True,prototype,prototype,,27.162262373262536,2.037737626737453,123.61939900000607,first_pose_odom,first_pose_odom:000056.jpg->000057.jpg,-152.83773762673746,177.96226237326255,,RuntimeError: ModuleNotFoundError: No module named 'nvdiffrast',RuntimeError: ModuleNotFoundError: No module named 'nvdiffrast',104.280442,254504.34751201846,3364606.8301483886,28.179385999999994
000058.jpg,254504.73277645436,3364603.623835528,102.969,29.19999999999999,254504.83537201886,3364607.703070389,104.193686,28.179385999999994,254501.17373631304,3364609.7961244592,104.20537591073662,-152.83664623906924,init,4.0805248318722604,7.1248801660602,4.0805248318722604,1.2246860000000055,1.2363759107366263,1.2246860000000055,1.0206139999999948,177.96335376093077,1.0206139999999948,0.9326244592666626,0.9798036217689514,,0.8442322084031217,0.8282135347991875,,0.003236803381393353,0.005247424589470029,-0.002010621208076676,False,True,prototype,prototype,,27.16335376093076,2.0366462390692277,124.21289799999613,first_pose_odom,first_pose_odom:000057.jpg->000058.jpg,-152.83664623906924,177.96335376093077,,RuntimeError: ModuleNotFoundError: No module named 'nvdiffrast',RuntimeError: ModuleNotFoundError: No module named 'nvdiffrast',104.193686,254504.83537201886,3364607.703070389,28.179385999999994
000059.jpg,254505.22063479756,3364604.4967540847,102.227,29.19999999999999,254505.3232320187,3364608.575992388,103.451363,28.179385999999994,254501.6567770333,3364610.4418273433,103.65296343062073,-152.84066930085137,init,4.080528314605302,6.931448493209798,4.080528314605302,1.2243629999999968,1.425963430620726,1.2243629999999968,1.0206139999999948,177.9593306991486,1.0206139999999948,0.9291998744010925,0.9751753211021423,,0.8469375055560494,0.8313094497288648,,0.0032223082380369306,0.005180990012983481,-0.001958681774946551,False,True,prototype,prototype,,27.159330699148626,2.0406693008513628,122.25956200001065,first_pose_odom,first_pose_odom:000058.jpg->000059.jpg,-152.84066930085137,177.9593306991486,,RuntimeError: ModuleNotFoundError: No module named 'nvdiffrast',RuntimeError: ModuleNotFoundError: No module named 'nvdiffrast',103.451363,254505.3232320187,3364608.575992388,28.179385999999994
000060.jpg,254505.70849306977,3364605.3696726593,98.96,29.19999999999999,254505.81109201923,3364609.4489143873,100.184205,28.179385999999994,254502.2483624862,3364611.710779021,100.19375695846975,-152.84264355601863,init,4.080531781451037,7.223720201250469,4.080531781451037,1.224205000000012,1.2337569584697547,1.224205000000012,1.0206139999999948,177.95735644398138,1.0206139999999948,0.946898877620697,0.9795053005218506,,0.8385211581291759,0.8277416481069042,,0.003200695054450383,0.005287983920425177,-0.0020872888659747937,False,True,prototype,prototype,,27.15735644398137,2.042643556018618,129.6001509999769,first_pose_odom,first_pose_odom:000059.jpg->000060.jpg,-152.84264355601863,177.95735644398138,,RuntimeError: ModuleNotFoundError: No module named 'nvdiffrast',RuntimeError: ModuleNotFoundError: No module named 'nvdiffrast',100.184205,254505.81109201923,3364609.4489143873,28.179385999999994
000061.jpg,254506.19636113007,3364606.2426021206,98.721,29.19999999999999,254506.29895201928,3364610.3218363877,99.944834,28.179385999999994,254502.62293251694,3364612.2383940346,100.16074833553284,-152.84835034564463,init,4.080524120329178,6.9798934611102155,4.080524120329178,1.2238339999999965,1.4397483355328404,1.2238339999999965,1.0206139999999948,177.95164965435538,1.0206139999999948,0.9350589513778687,0.9836108684539795,,0.8461921619554196,0.8260188924270186,,0.0032039665966294706,0.00521355999323229,-0.0020095933966028197,False,True,prototype,prototype,,27.151649654355367,2.0483503456446215,115.95370100002356,first_pose_odom,first_pose_odom:000060.jpg->000061.jpg,-152.84835034564463,177.95164965435538,,RuntimeError: ModuleNotFoundError: No module named 'nvdiffrast',RuntimeError: ModuleNotFoundError: No module named 'nvdiffrast',99.944834,254506.29895201928,3364610.3218363877,28.179385999999994
000062.jpg,254506.68421925642,3364607.115520729,98.698,29.19999999999999,254506.78681201887,3364611.1947583873,99.922538,28.179385999999994,254503.27788126466,3364613.155983176,99.85835228394717,-152.83769042199975,init,4.080527557299403,6.934718818100665,4.080527557299403,1.2245380000000097,1.1603522839471765,1.2245380000000097,1.0206139999999948,177.96230957800026,1.0206139999999948,0.9439253211021423,0.9663698673248291,,0.8416520776019151,0.8329165029118583,,0.0032238648855127394,0.005155307085563739,-0.0019314422000509994,False,True,prototype,prototype,,27.162309578000247,2.0376904219997414,126.09745499997871,first_pose_odom,first_pose_odom:000061.jpg->000062.jpg,-152.83769042199975,177.96230957800026,,RuntimeError: ModuleNotFoundError: No module named 'nvdiffrast',RuntimeError: ModuleNotFoundError: No module named 'nvdiffrast',99.922538,254506.78681201887,3364611.1947583873,28.179385999999994
000063.jpg,254507.1720773116,3364607.988439356,98.715,29.19999999999999,254507.27467202026,3364612.0676803873,99.939096,28.179385999999994,254503.83522715437,3364613.9356678613,99.93767756409943,-152.83212844131594,init,4.080530978415354,6.819391165334661,4.080530978415354,1.224096000000003,1.2226775640994276,1.224096000000003,1.0206139999999948,177.96787155868407,1.0206139999999948,0.9400030970573425,0.9782102108001709,,0.8430283438409745,0.8268650318801236,,0.003203389293048531,0.005098547165592511,-0.0018951578725439804,False,True,prototype,prototype,,27.167871558684055,2.0321284413159333,127.68223399996259,first_pose_odom,first_pose_odom:000062.jpg->000063.jpg,-152.83212844131594,177.96787155868407,,RuntimeError: ModuleNotFoundError: No module named 'nvdiffrast',RuntimeError: ModuleNotFoundError: No module named 'nvdiffrast',99.939096,254507.27467202026,3364612.0676803873,28.179385999999994
000064.jpg,254507.65993529343,3364608.861358001,98.707,29.19999999999999,254507.76253202002,3364612.9406023864,99.931454,28.179385999999994,254504.17170142994,3364614.6484792978,99.976168140769,-152.83925352641336,init,4.080534382249856,6.7571109500280935,4.080534382249856,1.2244540000000086,1.2691681407690112,1.2244540000000086,1.0206139999999948,177.96074647358665,1.0206139999999948,0.9464116096496582,0.9646111130714417,,0.8435270497974402,0.8307819166099021,,0.003204656046970437,0.0050621141369144125,-0.0018574580899439756,False,True,prototype,prototype,,27.16074647358664,2.039253526413347,123.09899900003529,first_pose_odom,first_pose_odom:000063.jpg->000064.jpg,-152.83925352641336,177.96074647358665,,RuntimeError: ModuleNotFoundError: No module named 'nvdiffrast',RuntimeError: ModuleNotFoundError: No module named 'nvdiffrast',99.931454,254507.76253202002,3364612.9406023864,28.179385999999994
000065.jpg,254508.14779345438,3364609.734287751,98.712,29.19999999999999,254508.25039202045,3364613.813524386,99.935861,28.179385999999994,254504.64355126984,3364616.172290611,100.30272120051086,-152.83913901871304,init,4.0805266804840254,7.329910921391383,4.0805266804840254,1.2238609999999994,1.5907212005108562,1.2238609999999994,1.0206139999999948,177.96086098128694,1.0206139999999948,0.9483330845832825,0.9879747629165649,,0.8406688723956005,0.8270946973084146,,0.003223725400554637,0.005304637209822734,-0.002080911809268097,False,True,prototype,prototype,,27.16086098128696,2.03913901871303,110.09059799999932,first_pose_odom,first_pose_odom:000064.jpg->000065.jpg,-152.83913901871304,177.96086098128694,,RuntimeError: ModuleNotFoundError: No module named 'nvdiffrast',RuntimeError: ModuleNotFoundError: No module named 'nvdiffrast',99.935861,254508.25039202045,3364613.813524386,28.179385999999994
000066.jpg,254508.6356512916,3364610.6072064326,98.912,29.19999999999999,254508.73825202158,3364614.686446385,100.13600600000001,28.179385999999994,254505.15572048788,3364616.6705260794,100.46363715548068,-152.83260537968397,init,4.080530051214699,6.990977294876106,4.080530051214699,1.2240060000000028,1.5516371554806767,1.2240060000000028,1.0206139999999948,177.96739462031604,1.0206139999999948,0.9517896771430969,0.9851159453392029,,0.8416105700372386,0.8264107705528502,,0.0032081704509134092,0.005068173864856362,-0.001860003413942953,False,True,prototype,prototype,,27.16739462031603,2.0326053796839574,116.78220400000328,first_pose_odom,first_pose_odom:000065.jpg->000066.jpg,-152.83260537968397,177.96739462031604,,RuntimeError: ModuleNotFoundError: No module named 'nvdiffrast',RuntimeError: ModuleNotFoundError: No module named 'nvdiffrast',100.13600600000001,254508.73825202158,3364614.686446385,28.179385999999994
000067.jpg,254509.12351866785,3364611.480124913,99.093,29.19999999999999,254509.22611202105,3364615.559368385,100.316888,28.179385999999994,254505.4176810672,3364617.664427575,100.51672136969864,-152.85048712971854,init,4.080533384095444,7.209634646645189,4.080533384095444,1.2238880000000023,1.4237213696986402,1.2238880000000023,1.0206139999999948,177.94951287028147,1.0206139999999948,0.9466356039047241,0.9831379652023315,,0.8396892278699308,0.8275641367539602,,0.0032525240482452014,0.005245432956144214,-0.0019929089078990123,False,True,prototype,prototype,,27.149512870281455,2.050487129718533,119.66275899999346,first_pose_odom,first_pose_odom:000066.jpg->000067.jpg,-152.85048712971854,177.94951287028147,,RuntimeError: ModuleNotFoundError: No module named 'nvdiffrast',RuntimeError: ModuleNotFoundError: No module named 'nvdiffrast',100.316888,254509.22611202105,3364615.559368385,28.179385999999994
000068.jpg,254509.61137661187,3364612.3530547153,99.234,29.19999999999999,254509.71397202116,3364616.432290384,100.45858700000001,28.179385999999994,254505.81944503475,3364618.6367485253,100.69799608085304,-152.84116727605308,init,4.080525635171254,7.339179312652533,4.080525635171254,1.2245870000000139,1.4639960808530503,1.2245870000000139,1.0206139999999948,177.9588327239469,1.0206139999999948,0.9380698204040527,0.9828031659126282,,0.8426294465168579,0.8274760383386581,,0.0032421169647326074,0.0052949402791758375,-0.00205282331444323,False,True,prototype,prototype,,27.158832723946915,2.0411672760530735,123.63476199999468,first_pose_odom,first_pose_odom:000067.jpg->000068.jpg,-152.84116727605308,177.9588327239469,,RuntimeError: ModuleNotFoundError: No module named 'nvdiffrast',RuntimeError: ModuleNotFoundError: No module named 'nvdiffrast',100.45858700000001,254509.71397202116,3364616.432290384,28.179385999999994
000069.jpg,254510.09923423218,3364613.225973449,99.111,29.19999999999999,254510.20183202194,3364617.305212383,100.33570900000001,28.179385999999994,254506.44290759368,3364619.339576449,100.7588090468198,-152.8393141047796,init,4.080528959207813,7.123543087827605,4.080528959207813,1.2247090000000043,1.647809046819802,1.2247090000000043,1.0206139999999948,177.96068589522042,1.0206139999999948,0.937423586845398,0.9784104228019714,,0.8438706433714603,0.8272611373471477,,0.003220767500655105,0.0051694070765127735,-0.0019486395758576687,False,True,prototype,prototype,,27.16068589522041,2.039314104779578,133.68130300000303,first_pose_odom,first_pose_odom:000068.jpg->000069.jpg,-152.8393141047796,177.96068589522042,,RuntimeError: ModuleNotFoundError: No module named 'nvdiffrast',RuntimeError: ModuleNotFoundError: No module named 'nvdiffrast',100.33570900000001,254510.20183202194,3364617.305212383,28.179385999999994
000070.jpg,254510.58709177902,3364614.0988922003,98.932,29.19999999999999,254510.6896920223,3364618.1781343827,100.15603200000001,28.179385999999994,254507.08572549172,3364620.2704214803,100.27639141865075,-152.83768468613977,init,4.0805322683246645,7.0955859188634935,4.0805322683246645,1.2240320000000082,1.3443914186507442,1.2240320000000082,1.0206139999999948,177.96231531386024,1.0206139999999948,0.938327431678772,0.9707362651824951,,0.841192131077242,0.8283631425661551,,0.0032486459822393954,0.005175611625115077,-0.0019269656428756816,False,True,prototype,prototype,,27.162315313860233,2.0376846861397553,123.53252600001952,first_pose_odom,first_pose_odom:000069.jpg->000070.jpg,-152.83768468613977,177.96231531386024,,RuntimeError: ModuleNotFoundError: No module named 'nvdiffrast',RuntimeError: ModuleNotFoundError: No module named 'nvdiffrast',100.15603200000001,254510.6896920223,3364618.1781343827,28.179385999999994
000071.jpg,254511.07494950615,3364614.9718220565,98.872,29.19999999999999,254511.17755202216,3364619.051056382,100.09634400000002,28.179385999999994,254507.5295945033,3364620.940968954,100.39941345155239,-152.84441721640852,init,4.08052447085144,6.942640476119103,4.08052447085144,1.2243440000000163,1.5274134515523912,1.2243440000000163,1.0206139999999948,177.95558278359147,1.0206139999999948,0.9381122589111328,0.9739068746566772,,0.843335721963454,0.8282694374776066,,0.0032416449394077063,0.00514042959548533,-0.0018987846560776234,False,True,prototype,prototype,,27.155582783591484,2.0444172164085046,125.32753099998217,first_pose_odom,first_pose_odom:000070.jpg->000071.jpg,-152.84441721640852,177.95558278359147,,RuntimeError: ModuleNotFoundError: No module named 'nvdiffrast',RuntimeError: ModuleNotFoundError: No module named 'nvdiffrast',100.09634400000002,254511.17755202216,3364619.051056382,28.179385999999994
000072.jpg,254511.56281652206,3364615.844740627,98.944,29.19999999999999,254511.66541202378,3364619.923978381,100.16803000000002,28.179385999999994,254507.91413918487,3364621.750476172,100.47745443228632,-152.84578223875528,init,4.080527722067333,6.941941993580046,4.080527722067333,1.2240300000000133,1.5334544322863195,1.2240300000000133,1.0206139999999948,177.95421776124476,1.0206139999999948,0.9410302639007568,0.9640058875083923,,0.8406627854903717,0.830165696372593,,0.0032385025018205247,0.00512392104913791,-0.0018854185473173852,False,True,prototype,prototype,,27.154217761244723,2.0457822387552653,122.44557500002884,first_pose_odom,first_pose_odom:000071.jpg->000072.jpg,-152.84578223875528,177.95421776124476,,RuntimeError: ModuleNotFoundError: No module named 'nvdiffrast',RuntimeError: ModuleNotFoundError: No module named 'nvdiffrast',100.16803000000002,254511.66541202378,3364619.923978381,28.179385999999994
000073.jpg,254512.05067385323,3364616.717659431,106.201,29.19999999999999,254512.15327202377,3364620.79690038,107.42564200000001,28.179385999999994,254508.3893348314,3364622.7336387634,107.62141636572778,-152.84370674174272,init,4.0805309830616325,7.042542918614162,4.0805309830616325,1.224642000000017,1.4204163657277888,1.224642000000017,1.0206139999999948,177.9562932582573,1.0206139999999948,0.9354465007781982,0.9635160565376282,,0.8427850728111919,0.8335181938530896,,0.00325296085793525,0.005115654785186052,-0.0018626939272508025,False,True,prototype,prototype,,27.15629325825728,2.04370674174271,118.09433600001285,first_pose_odom,first_pose_odom:000072.jpg->000073.jpg,-152.84370674174272,177.9562932582573,,RuntimeError: ModuleNotFoundError: No module named 'nvdiffrast',RuntimeError: ModuleNotFoundError: No module named 'nvdiffrast',107.42564200000001,254512.15327202377,3364620.79690038,28.179385999999994
000074.jpg,254512.53853136222,3364617.5905893403,106.466,29.19999999999999,254512.64113202327,3364621.66982238,107.69063100000001,28.179385999999994,254509.1309494487,3364624.0788518274,107.87315775454044,-152.845152545339,init,4.080523138925551,7.32865366891963,4.080523138925551,1.2246310000000165,1.4071577545404494,1.2246310000000165,1.0206139999999948,177.95484745466104,1.0206139999999948,0.931608259677887,0.9812180399894714,,0.8440637920850561,0.8298698741699332,,0.0032540481382360062,0.0052721404160062475,-0.0020180922777702412,False,True,prototype,prototype,,27.154847454660995,2.0451525453389934,127.16183100002354,first_pose_odom,first_pose_odom:000073.jpg->000074.jpg,-152.845152545339,177.95484745466104,,RuntimeError: ModuleNotFoundError: No module named 'nvdiffrast',RuntimeError: ModuleNotFoundError: No module named 'nvdiffrast',107.69063100000001,254512.64113202327,3364621.66982238,28.179385999999994
000075.jpg,254513.02638854878,3364618.4635081813,106.69,29.19999999999999,254513.1289920247,3364622.5427443795,107.91448600000001,28.179385999999994,254509.49810705046,3364624.6840844997,108.01197418384254,-152.84282587630224,init,4.080526367285301,7.151527114191734,4.080526367285301,1.224486000000013,1.321974183842542,1.224486000000013,1.0206139999999948,177.95717412369777,1.0206139999999948,0.9413639307022095,0.98166823387146,,0.8430660849663854,0.8279037333714776,,0.0032339179888367653,0.005213579473396142,-0.0019796614845593767,False,True,prototype,prototype,,27.157174123697757,2.0428258763022313,119.03015899997627,first_pose_odom,first_pose_odom:000074.jpg->000075.jpg,-152.84282587630224,177.95717412369777,,RuntimeError: ModuleNotFoundError: No module named 'nvdiffrast',RuntimeError: ModuleNotFoundError: No module named 'nvdiffrast',107.91448600000001,254513.1289920247,3364622.5427443795,28.179385999999994
000076.jpg,254513.51425527554,3364619.336426822,106.938,29.19999999999999,254513.61685202437,3364623.4156663795,108.16201000000001,28.179385999999994,254510.011856089,3364625.3681798475,108.61147293820977,-152.83955748692927,init,4.080529556358982,6.974872373193801,4.080529556358982,1.224010000000007,1.6734729382097697,1.224010000000007,1.0206139999999948,177.96044251307075,1.0206139999999948,0.9316564202308655,0.9658654928207397,,0.8447897916629538,0.8324392721569746,,0.0032043871081744633,0.005116501202185948,-0.0019121140940114851,False,True,prototype,prototype,,27.160442513070734,2.0395574869292545,116.14575499999091,first_pose_odom,first_pose_odom:000075.jpg->000076.jpg,-152.83955748692927,177.96044251307075,,RuntimeError: ModuleNotFoundError: No module named 'nvdiffrast',RuntimeError: ModuleNotFoundError: No module named 'nvdiffrast',108.16201000000001,254513.61685202437,3364623.4156663795,28.179385999999994
000077.jpg,254514.00211231748,3364620.2093456965,107.183,29.19999999999999,254514.1047120248,3364624.288588379,108.40731600000001,28.179385999999994,254510.41717208628,3364626.230991415,108.70397231914103,-152.8361376673171,init,4.08053275481031,7.007996405754179,4.08053275481031,1.2243160000000017,1.5209723191410234,1.2243160000000017,1.0206139999999948,177.96386233268288,1.0206139999999948,0.9318071603775024,0.975518524646759,,0.8427199770707939,0.8288549727715678,,0.0032104290245721736,0.005126858130097389,-0.0019164291055252156,False,True,prototype,prototype,,27.163862332682896,2.0361376673170923,121.92806699999892,first_pose_odom,first_pose_odom:000076.jpg->000077.jpg,-152.8361376673171,177.96386233268288,,RuntimeError: ModuleNotFoundError: No module named 'nvdiffrast',RuntimeError: ModuleNotFoundError: No module named 'nvdiffrast',108.40731600000001,254514.1047120248,3364624.288588379,28.179385999999994
000078.jpg,254514.4899695374,3364621.0822756784,107.352,29.19999999999999,254514.59257202465,3364625.161510378,108.575816,28.179385999999994,254510.92620059202,3364627.2707631984,108.89324865769595,-152.83410303479403,init,4.080524844401725,7.141276278152005,4.080524844401725,1.2238159999999993,1.5412486576959452,1.2238159999999993,1.0206139999999948,177.96589696520596,1.0206139999999948,0.9300373792648315,0.9708632826805115,,0.8450850865225821,0.8304911323328786,,0.0031812649103812873,0.0051669159438461065,-0.001985651033464819,False,True,prototype,prototype,,27.165896965205974,2.0341030347940148,127.55050700002357,first_pose_odom,first_pose_odom:000077.jpg->000078.jpg,-152.83410303479403,177.96589696520596,,RuntimeError: ModuleNotFoundError: No module named 'nvdiffrast',RuntimeError: ModuleNotFoundError: No module named 'nvdiffrast',108.575816,254514.59257202465,3364625.161510378,28.179385999999994
000079.jpg,254514.97782643588,3364621.9551945888,107.516,29.19999999999999,254515.0804320264,3364626.034432378,108.739788,28.179385999999994,254511.52382988404,3364627.9901685687,109.02138428669423,-152.8418739594502,init,4.080528011118925,6.953488557442679,4.080528011118925,1.223787999999999,1.5053842866942233,1.223787999999999,1.0206139999999948,177.9581260405498,1.0206139999999948,0.9395939707756042,0.9845923185348511,,0.8441406811323466,0.8268608995545337,,0.0032087814373274646,0.005143039083729188,-0.0019342576464017234,False,True,prototype,prototype,,27.158126040549803,2.041873959450186,117.46832400001495,first_pose_odom,first_pose_odom:000078.jpg->000079.jpg,-152.8418739594502,177.9581260405498,,RuntimeError: ModuleNotFoundError: No module named 'nvdiffrast',RuntimeError: ModuleNotFoundError: No module named 'nvdiffrast',108.739788,254515.0804320264,3364626.034432378,28.179385999999994
000080.jpg,254515.46569287233,3364622.8281133007,107.625,29.19999999999999,254515.56829202772,3364626.907354377,108.849497,28.179385999999994,254512.00455181094,3364628.783548026,109.1382672553882,-152.8454383756158,init,4.080531135374884,6.888156517704259,4.080531135374884,1.2244969999999995,1.5132672553882003,1.2244969999999995,1.0206139999999948,177.9545616243842,1.0206139999999948,0.9369229674339294,0.9746341705322266,,0.842552733534223,0.8295487157411393,,0.003220898642515143,0.00512292655184865,-0.001902027909333507,False,True,prototype,prototype,,27.1545616243842,2.045438375615788,125.38196599996354,first_pose_odom,first_pose_odom:000079.jpg->000080.jpg,-152.8454383756158,177.9545616243842,,RuntimeError: ModuleNotFoundError: No module named 'nvdiffrast',RuntimeError: ModuleNotFoundError: No module named 'nvdiffrast',108.849497,254515.56829202772,3364626.907354377,28.179385999999994
000081.jpg,254515.95354987658,3364623.701043335,107.699,29.19999999999999,254516.05615202733,3364627.7802763768,108.923003,28.179385999999994,254512.34898298988,3364629.5863964455,109.22222496569157,-152.83886017264692,init,4.080523178710623,6.901469675271181,4.080523178710623,1.2240029999999962,1.5232249656915684,1.2240029999999962,1.0206139999999948,177.96113982735312,1.0206139999999948,0.9401525855064392,0.9759265184402466,,0.8402052639107424,0.8287440995565727,,0.003207120520528406,0.00513010014158984,-0.001922979621061434,False,True,prototype,prototype,,27.161139827353082,2.038860172646906,131.68913199996268,first_pose_odom,first_pose_odom:000080.jpg->000081.jpg,-152.83886017264692,177.96113982735312,,RuntimeError: ModuleNotFoundError: No module named 'nvdiffrast',RuntimeError: ModuleNotFoundError: No module named 'nvdiffrast',108.923003,254516.05615202733,3364627.7802763768,28.179385999999994
000082.jpg,254516.44140655696,3364624.5739622987,107.742,29.19999999999999,254516.5440120276,3364628.6531983768,108.96607399999999,28.179385999999994,254512.82082376943,3364630.651338994,109.42094440199435,-152.8357880255456,init,4.08052629733969,7.074116709419928,4.08052629733969,1.2240739999999874,1.6789444019943431,1.2240739999999874,1.0206139999999948,177.96421197445443,1.0206139999999948,0.9366565346717834,0.9846343398094177,,0.8404079876671566,0.827555300613057,,0.0032315566980590424,0.005195753959318002,-0.0019641972612589593,False,True,prototype,prototype,,27.16421197445439,2.0357880255455996,125.81031500002382,first_pose_odom,first_pose_odom:000081.jpg->000082.jpg,-152.8357880255456,177.96421197445443,,RuntimeError: ModuleNotFoundError: No module named 'nvdiffrast',RuntimeError: ModuleNotFoundError: No module named 'nvdiffrast',108.96607399999999,254516.5440120276,3364628.6531983768,28.179385999999994
000083.jpg,254516.92927277644,3364625.4468810637,107.725,29.19999999999999,254517.03187202732,3364629.5261203763,108.948769,28.179385999999994,254513.4218756923,3364631.8026740216,109.03034509066492,-152.83907238931593,init,4.080529374408547,7.259334572025814,4.080529374408547,1.2237690000000043,1.3053450906649289,1.2237690000000043,1.0206139999999948,177.96092761068405,1.0206139999999948,0.9252984523773193,0.9738561511039734,,0.8455617806576333,0.8309735622102493,,0.0032465997501276433,0.005264705202231805,-0.0020181054521041615,False,True,prototype,prototype,,27.16092761068407,2.039072389315919,124.97509799999307,first_pose_odom,first_pose_odom:000082.jpg->000083.jpg,-152.83907238931593,177.96092761068405,,RuntimeError: ModuleNotFoundError: No module named 'nvdiffrast',RuntimeError: ModuleNotFoundError: No module named 'nvdiffrast',108.948769,254517.03187202732,3364629.5261203763,28.179385999999994
000084.jpg,254517.41712931352,3364626.319800064,107.706,29.19999999999999,254517.51973202784,3364630.3990423763,108.930097,28.179385999999994,254513.8826208312,3364632.4242739826,109.13721094187349,-152.84964730730465,init,4.080532460335054,7.053889142550639,4.080532460335054,1.2240970000000004,1.4312109418734877,1.2240970000000004,1.0206139999999948,177.95035269269533,1.0206139999999948,0.9289058446884155,0.9735064506530762,,0.8440691350934185,0.8296031731787425,,0.0032720628660172224,0.005168601870536804,-0.0018965390045195818,False,True,prototype,prototype,,27.15035269269535,2.049647307304639,124.56789899999876,first_pose_odom,first_pose_odom:000083.jpg->000084.jpg,-152.84964730730465,177.95035269269533,,RuntimeError: ModuleNotFoundError: No module named 'nvdiffrast',RuntimeError: ModuleNotFoundError: No module named 'nvdiffrast',108.930097,254517.51973202784,3364630.3990423763,28.179385999999994
000085.jpg,254517.90498602737,3364627.1927301683,107.568,29.19999999999999,254518.00759202777,3364631.271964375,108.791854,28.179385999999994,254514.13896072668,3364632.9945396925,108.99692772142589,-152.84382523611293,init,4.080524439760089,6.91693142371508,4.080524439760089,1.2238540000000029,1.428927721425893,1.2238540000000029,1.0206139999999948,177.95617476388708,1.0206139999999948,0.9356411695480347,0.9686374664306641,,0.8423676348846417,0.8311377461037325,,0.0032433492791218064,0.00508729803065459,-0.0018439487515327833,False,True,prototype,prototype,,27.156174763887066,2.043825236112923,135.84135600001446,first_pose_odom,first_pose_odom:000084.jpg->000085.jpg,-152.84382523611293,177.95617476388708,,RuntimeError: ModuleNotFoundError: No module named 'nvdiffrast',RuntimeError: ModuleNotFoundError: No module named 'nvdiffrast',108.791854,254518.00759202777,3364631.271964375,28.179385999999994
000086.jpg,254518.39285203,3364628.065648987,107.419,29.19999999999999,254518.49545202721,3364632.144886375,108.643291,28.179385999999994,254514.88110058714,3364634.255112965,108.84383401181549,-152.84366294664034,init,4.080527469204631,7.116309614782098,4.080527469204631,1.224291000000008,1.4248340118154914,1.224291000000008,1.0206139999999948,177.95633705335968,1.0206139999999948,0.9180324077606201,0.9654190540313721,,0.848149746466717,0.8326860143129428,,0.0032521961256861687,0.005145876280342539,-0.0018936801546563702,False,True,prototype,prototype,,27.156337053359664,2.0436629466403247,137.6382089999879,first_pose_odom,first_pose_odom:000085.jpg->000086.jpg,-152.84366294664034,177.95633705335968,,RuntimeError: ModuleNotFoundError: No module named 'nvdiffrast',RuntimeError: ModuleNotFoundError: No module named 'nvdiffrast',108.643291,254518.49545202721,3364632.144886375,28.179385999999994
000087.jpg,254518.88070835016,3364628.9385680403,107.277,29.19999999999999,254518.98331202733,3364633.0178083745,108.500831,28.179385999999994,254515.2791495439,3364634.9870605557,108.91781901195645,-152.84460698501425,init,4.080530507041584,7.039565863354633,4.080530507041584,1.223831000000004,1.6408190119564523,1.223831000000004,1.0206139999999948,177.95539301498576,1.0206139999999948,0.9430931210517883,0.9805424213409424,,0.8397605432451751,0.8296283059328091,,0.003236956816787521,0.005123223178088665,-0.0018862663613011441,False,True,prototype,prototype,,27.155393014985748,2.0446069850142408,127.72330799998599,first_pose_odom,first_pose_odom:000086.jpg->000087.jpg,-152.84460698501425,177.95539301498576,,RuntimeError: ModuleNotFoundError: No module named 'nvdiffrast',RuntimeError: ModuleNotFoundError: No module named 'nvdiffrast',108.500831,254518.98331202733,3364633.0178083745,28.179385999999994
000088.jpg,254519.3685648471,3364629.811498198,107.08,29.19999999999999,254519.4711720269,3364633.8907303745,108.30457600000001,28.179385999999994,254515.88554209322,3364636.115973923,108.5604694802314,-152.84496675537068,init,4.0805224397754785,7.202628802549746,4.0805224397754785,1.2245760000000132,1.480469480231406,1.2245760000000132,1.0206139999999948,177.95503324462936,1.0206139999999948,0.93427574634552,0.9734838008880615,,0.8418085202197604,0.8313789066018193,,0.003230788434545199,0.005194308003410697,-0.001963519568865498,False,True,prototype,prototype,,27.155033244629323,2.044966755370666,122.47328299997662,first_pose_odom,first_pose_odom:000087.jpg->000088.jpg,-152.84496675537068,177.95503324462936,,RuntimeError: ModuleNotFoundError: No module named 'nvdiffrast',RuntimeError: ModuleNotFoundError: No module named 'nvdiffrast',108.30457600000001,254519.4711720269,3364633.8907303745,28.179385999999994
000089.jpg,254519.85643063276,3364630.684417068,106.867,29.19999999999999,254519.95903202734,3364634.7636523736,108.09124800000001,28.179385999999994,254516.2002770964,3364636.6515452513,108.4727344037965,-152.83831411823226,init,4.080525422560991,6.998148143372796,4.080525422560991,1.224248000000003,1.6057344037964896,1.224248000000003,1.0206139999999948,177.96168588176772,1.0206139999999948,0.9357227087020874,0.9702272415161133,,0.8413858754220849,0.8313456426467418,,0.0032552738363544145,0.005113010449955861,-0.0018577366136014466,False,True,prototype,prototype,,27.16168588176774,2.0383141182322504,122.11589800000411,first_pose_odom,first_pose_odom:000088.jpg->000089.jpg,-152.83831411823226,177.96168588176772,,RuntimeError: ModuleNotFoundError: No module named 'nvdiffrast',RuntimeError: ModuleNotFoundError: No module named 'nvdiffrast',108.09124800000001,254519.95903202734,3364634.7636523736,28.179385999999994
000090.jpg,254520.34428673607,3364631.5573361763,106.611,29.19999999999999,254520.44689202713,3364635.636574373,107.83478000000001,28.179385999999994,254516.77021320368,3364637.907382851,108.16411965154111,-152.83855103239196,init,4.080528410913294,7.286775307780742,4.080528410913294,1.223780000000005,1.5531196515411096,1.223780000000005,1.0206139999999948,177.96144896760802,1.0206139999999948,0.9329679608345032,0.9668792486190796,,0.8436987083422536,0.8341183187040605,,0.0032129487954080105,0.005208617425523698,-0.001995668630115688,False,True,prototype,prototype,,27.161448967608038,2.0385510323919505,123.70919799997182,first_pose_odom,first_pose_odom:000089.jpg->000090.jpg,-152.83855103239196,177.96144896760802,,RuntimeError: ModuleNotFoundError: No module named 'nvdiffrast',RuntimeError: ModuleNotFoundError: No module named 'nvdiffrast',107.83478000000001,254520.44689202713,3364635.636574373,28.179385999999994
000091.jpg,254520.8321427658,3364632.4302552994,106.354,29.19999999999999,254520.93475202884,3364636.509496373,107.57796,28.179385999999994,254517.2810748146,3364638.2457910907,108.11933024972677,-152.8427485013872,init,4.08053138673665,6.813995900581498,4.08053138673665,1.2239600000000053,1.765330249726773,1.2239600000000053,1.0206139999999948,177.95725149861278,1.0206139999999948,0.9376333355903625,0.965167760848999,,0.8419052399476543,0.8340354588315436,,0.003219500940758735,0.005039059052554269,-0.0018195581117955344,False,True,prototype,prototype,,27.157251498612794,2.0427485013871944,125.45293699997728,first_pose_odom,first_pose_odom:000090.jpg->000091.jpg,-152.8427485013872,177.95725149861278,,RuntimeError: ModuleNotFoundError: No module named 'nvdiffrast',RuntimeError: ModuleNotFoundError: No module named 'nvdiffrast',107.57796,254520.93475202884,3364636.509496373,28.179385999999994
000092.jpg,254521.32000858616,3364633.3031853116,106.054,29.19999999999999,254521.4226120289,3364637.382418372,107.277811,28.179385999999994,254517.6582503177,3364639.7359965434,107.31803597602993,-152.83705136212387,init,4.080523229817333,7.401995268899356,4.080523229817333,1.2238109999999978,1.2640359760299305,1.2238109999999978,1.0206139999999948,177.96294863787614,1.0206139999999948,0.9373811483383179,0.9862158894538879,,0.8404837523102043,0.8279054745114927,,0.0032439612550660968,0.0052602173915753765,-0.0020162561365092797,False,True,prototype,prototype,,27.162948637876127,2.0370513621238615,117.49412699998629,first_pose_odom,first_pose_odom:000091.jpg->000092.jpg,-152.83705136212387,177.96294863787614,,RuntimeError: ModuleNotFoundError: No module named 'nvdiffrast',RuntimeError: ModuleNotFoundError: No module named 'nvdiffrast',107.277811,254521.4226120289,3364637.382418372,28.179385999999994
000093.jpg,254521.80786447128,3364634.176104471,105.768,29.19999999999999,254521.91047202842,3364638.2553403727,106.992716,28.179385999999994,254518.50625539155,3364640.5544877113,106.88628747779876,-152.8384340532222,init,4.080526173376066,7.182227737561097,4.080526173376066,1.2247160000000008,1.1182874777987593,1.2247160000000008,1.0206139999999948,177.9615659467778,1.0206139999999948,0.9361628890037537,0.9842135906219482,,0.8423146148308135,0.8305975521958243,,0.003237710411970814,0.005203956039622426,-0.001966245627651612,False,True,prototype,prototype,,27.161565946777813,2.0384340532221756,133.46894699998302,first_pose_odom,first_pose_odom:000092.jpg->000093.jpg,-152.8384340532222,177.9615659467778,,RuntimeError: ModuleNotFoundError: No module named 'nvdiffrast',RuntimeError: ModuleNotFoundError: No module named 'nvdiffrast',106.992716,254521.91047202842,3364638.2553403727,28.179385999999994
000094.jpg,254522.29572989547,3364635.0490234317,105.998,29.19999999999999,254522.39833202862,3364639.128262372,107.222686,28.179385999999994,254518.8742692094,3364641.4949942674,107.10138519760221,-152.8444879870149,init,4.08052907493448,7.29773480198893,4.08052907493448,1.2246859999999913,1.1033851976022078,1.2246859999999913,1.0206139999999948,177.95551201298508,1.0206139999999948,0.9340354800224304,0.9913769960403442,,0.8419832929129615,0.8251504536063954,,0.0032406292545298734,0.005204955814406276,-0.0019643265598764024,False,True,prototype,prototype,,27.1555120129851,2.0444879870148895,117.35688700002811,first_pose_odom,first_pose_odom:000093.jpg->000094.jpg,-152.8444879870149,177.95551201298508,,RuntimeError: ModuleNotFoundError: No module named 'nvdiffrast',RuntimeError: ModuleNotFoundError: No module named 'nvdiffrast',107.222686,254522.39833202862,3364639.128262372,28.179385999999994
000095.jpg,254522.78358563737,3364635.921942627,106.513,29.19999999999999,254522.8861920283,3364640.001184371,107.73742899999999,28.179385999999994,254519.39589451216,3364642.2887009415,107.73027619719505,-152.83853285890908,init,4.080531984390104,7.211938892849067,4.080531984390104,1.2244289999999864,1.2172761971950479,1.2244289999999864,1.0206139999999948,177.9614671410909,1.0206139999999948,0.9359945058822632,0.9821987152099609,,0.8405627619955742,0.830001979022363,,0.0032306985037090876,0.005211004676918189,-0.0019803061732091014,False,True,prototype,prototype,,27.161467141090924,2.0385328589090648,119.10379400001148,first_pose_odom,first_pose_odom:000094.jpg->000095.jpg,-152.83853285890908,177.9614671410909,,RuntimeError: ModuleNotFoundError: No module named 'nvdiffrast',RuntimeError: ModuleNotFoundError: No module named 'nvdiffrast',107.73742899999999,254522.8861920283,3364640.001184371,28.179385999999994
000096.jpg,254523.27144155581,3364636.7948729256,107.023,29.19999999999999,254523.37405202864,3364640.8741063704,108.24772499999999,28.179385999999994,254519.52380342036,3364642.903232219,108.34871618356556,-152.8400001388047,init,4.080523790641775,7.166369014594148,4.080523790641775,1.2247249999999923,1.3257161835655609,1.2247249999999923,1.0206139999999948,177.95999986119534,1.0206139999999948,0.9402850270271301,0.9761306643486023,,0.8416128393817809,0.8286942910091941,,0.003239380952436477,0.0051398128271102905,-0.0019004318746738136,False,True,prototype,prototype,,27.159999861195303,2.040000138804686,118.18420299999843,first_pose_odom,first_pose_odom:000095.jpg->000096.jpg,-152.8400001388047,177.95999986119534,,RuntimeError: ModuleNotFoundError: No module named 'nvdiffrast',RuntimeError: ModuleNotFoundError: No module named 'nvdiffrast',108.24772499999999,254523.37405202864,3364640.8741063704,28.179385999999994
000097.jpg,254523.75930676324,3364637.6677919407,107.398,29.19999999999999,254523.86191202866,3364641.7470283704,108.622666,28.179385999999994,254520.18350533492,3364644.0471545598,108.64885224495083,-152.83802542061375,init,4.080526643642739,7.313181474548472,4.080526643642739,1.2246659999999991,1.2508522449508348,1.2246659999999991,1.0206139999999948,177.96197457938626,1.0206139999999948,0.9270226955413818,0.9799264669418335,,0.8449405352727798,0.827543267582249,,0.003240068869975706,0.005181253344441454,-0.0019411844744657478,False,True,prototype,prototype,,27.161974579386253,2.038025420613735,117.41504699995176,first_pose_odom,first_pose_odom:000096.jpg->000097.jpg,-152.83802542061375,177.96197457938626,,RuntimeError: ModuleNotFoundError: No module named 'nvdiffrast',RuntimeError: ModuleNotFoundError: No module named 'nvdiffrast',108.622666,254523.86191202866,3364641.7470283704,28.179385999999994
000098.jpg,254524.24716228817,3364638.5407111878,107.332,29.19999999999999,254524.34977202918,3364642.61995037,108.55601999999999,28.179385999999994,254520.81932573192,3364644.6582557694,108.75968763325363,-152.84829734227668,init,4.0805295078377695,7.012447159502236,4.0805295078377695,1.224019999999996,1.4276876332536403,1.224019999999996,1.0206139999999948,177.95170265772333,1.0206139999999948,0.924455463886261,0.9746835827827454,,0.8469220958847515,0.8291570117296259,,0.0032312171921754875,0.005053735570982099,-0.001822518378806611,False,True,prototype,prototype,,27.15170265772332,2.048297342276669,114.69417299997531,first_pose_odom,first_pose_odom:000097.jpg->000098.jpg,-152.84829734227668,177.95170265772333,,RuntimeError: ModuleNotFoundError: No module named 'nvdiffrast',RuntimeError: ModuleNotFoundError: No module named 'nvdiffrast',108.55601999999999,254524.34977202918,3364642.61995037,28.179385999999994
000099.jpg,254524.7350273509,3364639.413630238,106.961,29.19999999999999,254524.83763203057,3364643.4928723704,108.185031,28.179385999999994,254521.03776384125,3364645.6278643725,108.16373210120946,-152.84359999805253,init,4.0805323300647975,7.230937929479572,4.0805323300647975,1.2240309999999965,1.2027321012094632,1.2240309999999965,1.0206139999999948,177.9564000019475,1.0206139999999948,0.9361540675163269,0.989520788192749,,0.8421109374157727,0.825939302463479,,0.003241499090412011,0.005131656536832452,-0.001890157446420441,False,True,prototype,prototype,,27.156400001947475,2.043599998052514,123.3440029999997,first_pose_odom,first_pose_odom:000098.jpg->000099.jpg,-152.84359999805253,177.9564000019475,,RuntimeError: ModuleNotFoundError: No module named 'nvdiffrast',RuntimeError: ModuleNotFoundError: No module named 'nvdiffrast',108.185031,254524.83763203057,3364643.4928723704,28.179385999999994
