frame,render,alpha_overlay,diff_x4,edge_overlay,mae_rgb,mse_rgb,psnr_db,valid_depth_ratio,query_edge_count,render_edge_count,edge_overlap_iou
000000.jpg,direct_render/000000_direct_render.jpg,alpha/000000_direct_query_alpha.jpg,diff/000000_direct_query_diff_x4.jpg,edges/000000_direct_query_edges.jpg,2.3340945773654513,10.190919876098633,38.048669738111435,1.0,45015,44658,0.8207346043735153
000001.jpg,direct_render/000001_direct_render.jpg,alpha/000001_direct_query_alpha.jpg,diff/000001_direct_query_diff_x4.jpg,edges/000001_direct_query_edges.jpg,2.338404337565104,10.202028274536133,38.04393838040317,1.0,44704,44197,0.8160109490542141
000002.jpg,direct_render/000002_direct_render.jpg,alpha/000002_direct_query_alpha.jpg,diff/000002_direct_query_diff_x4.jpg,edges/000002_direct_query_edges.jpg,2.339163886176215,10.187844276428223,38.049980628178716,1.0,44655,44151,0.8179696616102684
000003.jpg,direct_render/000003_direct_render.jpg,alpha/000003_direct_query_alpha.jpg,diff/000003_direct_query_diff_x4.jpg,edges/000003_direct_query_edges.jpg,2.338290744357639,10.19254207611084,38.047978479171235,1.0,45014,44566,0.820805723809911
000004.jpg,direct_render/000004_direct_render.jpg,alpha/000004_direct_query_alpha.jpg,diff/000004_direct_query_diff_x4.jpg,edges/000004_direct_query_edges.jpg,2.345947265625,10.25490665435791,38.02148649326058,1.0,45049,44494,0.8127581180662402
000005.jpg,direct_render/000005_direct_render.jpg,alpha/000005_direct_query_alpha.jpg,diff/000005_direct_query_diff_x4.jpg,edges/000005_direct_query_edges.jpg,2.347537570529514,10.26113510131836,38.018849551631135,1.0,45130,44449,0.8168339924956901
000006.jpg,direct_render/000006_direct_render.jpg,alpha/000006_direct_query_alpha.jpg,diff/000006_direct_query_diff_x4.jpg,edges/000006_direct_query_edges.jpg,2.343477037217882,10.253633499145508,38.022025706953926,1.0,45378,44716,0.8202278972038145
000007.jpg,direct_render/000007_direct_render.jpg,alpha/000007_direct_query_alpha.jpg,diff/000007_direct_query_diff_x4.jpg,edges/000007_direct_query_edges.jpg,2.343514336480035,10.256264686584473,38.020911405769674,1.0,45575,45152,0.8215346932219724
000008.jpg,direct_render/000008_direct_render.jpg,alpha/000008_direct_query_alpha.jpg,diff/000008_direct_query_diff_x4.jpg,edges/000008_direct_query_edges.jpg,2.346282958984375,10.281982421875,38.010035038081284,1.0,45596,45266,0.821319756254009
000009.jpg,direct_render/000009_direct_render.jpg,alpha/000009_direct_query_alpha.jpg,diff/000009_direct_query_diff_x4.jpg,edges/000009_direct_query_edges.jpg,2.3443196614583335,10.265625,38.01694965292017,1.0,45629,45374,0.8209340483432047
000010.jpg,direct_render/000010_direct_render.jpg,alpha/000010_direct_query_alpha.jpg,diff/000010_direct_query_diff_x4.jpg,edges/000010_direct_query_edges.jpg,2.352784898546007,10.328075408935547,37.99060960660182,1.0,45527,44734,0.8166284265185364
000011.jpg,direct_render/000011_direct_render.jpg,alpha/000011_direct_query_alpha.jpg,diff/000011_direct_query_diff_x4.jpg,edges/000011_direct_query_edges.jpg,2.3491923014322915,10.306111335754395,37.999855310833745,1.0,45862,45017,0.8185256333293313
000012.jpg,direct_render/000012_direct_render.jpg,alpha/000012_direct_query_alpha.jpg,diff/000012_direct_query_diff_x4.jpg,edges/000012_direct_query_edges.jpg,2.3549024793836804,10.36146354675293,37.97659257448366,1.0,45377,44836,0.8235900545785324
000013.jpg,direct_render/000013_direct_render.jpg,alpha/000013_direct_query_alpha.jpg,diff/000013_direct_query_diff_x4.jpg,edges/000013_direct_query_edges.jpg,2.352725558810764,10.35914421081543,37.97756481894225,1.0,45625,44904,0.8170851648903072
000014.jpg,direct_render/000014_direct_render.jpg,alpha/000014_direct_query_alpha.jpg,diff/000014_direct_query_diff_x4.jpg,edges/000014_direct_query_edges.jpg,2.355765448676215,10.371044158935547,37.9725787741664,1.0,45642,45199,0.8173652095628688
000015.jpg,direct_render/000015_direct_render.jpg,alpha/000015_direct_query_alpha.jpg,diff/000015_direct_query_diff_x4.jpg,edges/000015_direct_query_edges.jpg,2.3533460828993054,10.37266731262207,37.971899120776754,1.0,45449,44771,0.8178887344093171
000016.jpg,direct_render/000016_direct_render.jpg,alpha/000016_direct_query_alpha.jpg,diff/000016_direct_query_diff_x4.jpg,edges/000016_direct_query_edges.jpg,2.3525627983940973,10.359432220458984,37.97744407609164,1.0,45548,44730,0.8148520424573817
000017.jpg,direct_render/000017_direct_render.jpg,alpha/000017_direct_query_alpha.jpg,diff/000017_direct_query_diff_x4.jpg,edges/000017_direct_query_edges.jpg,2.3599378797743054,10.4071044921875,37.95750445764955,1.0,45394,45133,0.8229359645590012
000018.jpg,direct_render/000018_direct_render.jpg,alpha/000018_direct_query_alpha.jpg,diff/000018_direct_query_diff_x4.jpg,edges/000018_direct_query_edges.jpg,2.3606686062282987,10.440834999084473,37.943451283900174,1.0,45435,45116,0.8190237042989152
000019.jpg,direct_render/000019_direct_render.jpg,alpha/000019_direct_query_alpha.jpg,diff/000019_direct_query_diff_x4.jpg,edges/000019_direct_query_edges.jpg,2.3633236355251737,10.455259323120117,37.93745551719634,1.0,45827,45271,0.8199580461492358
000020.jpg,direct_render/000020_direct_render.jpg,alpha/000020_direct_query_alpha.jpg,diff/000020_direct_query_diff_x4.jpg,edges/000020_direct_query_edges.jpg,2.3647596571180554,10.45994758605957,37.93550852545272,1.0,45615,45407,0.8221893017296604
000021.jpg,direct_render/000021_direct_render.jpg,alpha/000021_direct_query_alpha.jpg,diff/000021_direct_query_diff_x4.jpg,edges/000021_direct_query_edges.jpg,2.36236572265625,10.451531410217285,37.93900430776925,1.0,46280,45774,0.8226710226710227
000022.jpg,direct_render/000022_direct_render.jpg,alpha/000022_direct_query_alpha.jpg,diff/000022_direct_query_diff_x4.jpg,edges/000022_direct_query_edges.jpg,2.37054443359375,10.535430908203125,37.904280575419534,1.0,46341,45507,0.8183041989190901
000023.jpg,direct_render/000023_direct_render.jpg,alpha/000023_direct_query_alpha.jpg,diff/000023_direct_query_diff_x4.jpg,edges/000023_direct_query_edges.jpg,2.366219414605035,10.492612838745117,37.921967125072946,1.0,45978,45360,0.8252632841070322
000024.jpg,direct_render/000024_direct_render.jpg,alpha/000024_direct_query_alpha.jpg,diff/000024_direct_query_diff_x4.jpg,edges/000024_direct_query_edges.jpg,2.370149400499132,10.508601188659668,37.915354504035854,1.0,45926,44957,0.8185692846423211
000025.jpg,direct_render/000025_direct_render.jpg,alpha/000025_direct_query_alpha.jpg,diff/000025_direct_query_diff_x4.jpg,edges/000025_direct_query_edges.jpg,2.368477715386285,10.514409065246582,37.91295491540703,1.0,46199,45637,0.8208061542121855
000026.jpg,direct_render/000026_direct_render.jpg,alpha/000026_direct_query_alpha.jpg,diff/000026_direct_query_diff_x4.jpg,edges/000026_direct_query_edges.jpg,2.3726637098524304,10.54692268371582,37.89954598526577,1.0,46330,45699,0.820770022158911
000027.jpg,direct_render/000027_direct_render.jpg,alpha/000027_direct_query_alpha.jpg,diff/000027_direct_query_diff_x4.jpg,edges/000027_direct_query_edges.jpg,2.3741997612847223,10.54578685760498,37.9000137137118,1.0,45747,45302,0.8148458211245988
000028.jpg,direct_render/000028_direct_render.jpg,alpha/000028_direct_query_alpha.jpg,diff/000028_direct_query_diff_x4.jpg,edges/000028_direct_query_edges.jpg,2.3733707004123263,10.523418426513672,37.909235219421795,1.0,45875,45953,0.8220202781801226
000029.jpg,direct_render/000029_direct_render.jpg,alpha/000029_direct_query_alpha.jpg,diff/000029_direct_query_diff_x4.jpg,edges/000029_direct_query_edges.jpg,2.3743133544921875,10.569605827331543,37.89021569417327,1.0,46199,45495,0.819469799190412
000030.jpg,direct_render/000030_direct_render.jpg,alpha/000030_direct_query_alpha.jpg,diff/000030_direct_query_diff_x4.jpg,edges/000030_direct_query_edges.jpg,2.3774837917751737,10.584237098693848,37.884208008996275,1.0,45935,45528,0.8242615234258133
000031.jpg,direct_render/000031_direct_render.jpg,alpha/000031_direct_query_alpha.jpg,diff/000031_direct_query_diff_x4.jpg,edges/000031_direct_query_edges.jpg,2.382227579752604,10.635051727294922,37.86340754280867,1.0,46099,45509,0.8231173380035026
000032.jpg,direct_render/000032_direct_render.jpg,alpha/000032_direct_query_alpha.jpg,diff/000032_direct_query_diff_x4.jpg,edges/000032_direct_query_edges.jpg,2.3830362955729165,10.655476570129395,37.855074824020235,1.0,45596,45443,0.8208528341133645
000033.jpg,direct_render/000033_direct_render.jpg,alpha/000033_direct_query_alpha.jpg,diff/000033_direct_query_diff_x4.jpg,edges/000033_direct_query_edges.jpg,2.378875732421875,10.61839771270752,37.87021373032906,1.0,45886,45627,0.8159503115450252
000034.jpg,direct_render/000034_direct_render.jpg,alpha/000034_direct_query_alpha.jpg,diff/000034_direct_query_diff_x4.jpg,edges/000034_direct_query_edges.jpg,2.3766309950086804,10.622626304626465,37.86848457248867,1.0,45887,45280,0.8194100742396424
000035.jpg,direct_render/000035_direct_render.jpg,alpha/000035_direct_query_alpha.jpg,diff/000035_direct_query_diff_x4.jpg,edges/000035_direct_query_edges.jpg,2.38360595703125,10.669304847717285,37.849442367232285,1.0,46211,45836,0.8204778291997943
000036.jpg,direct_render/000036_direct_render.jpg,alpha/000036_direct_query_alpha.jpg,diff/000036_direct_query_diff_x4.jpg,edges/000036_direct_query_edges.jpg,2.388576931423611,10.70085620880127,37.836618325396124,1.0,46081,45915,0.8222081369092422
000037.jpg,direct_render/000037_direct_render.jpg,alpha/000037_direct_query_alpha.jpg,diff/000037_direct_query_diff_x4.jpg,edges/000037_direct_query_edges.jpg,2.3870985243055554,10.67121410369873,37.84866527334681,1.0,46487,45912,0.8173039099992133
000038.jpg,direct_render/000038_direct_render.jpg,alpha/000038_direct_query_alpha.jpg,diff/000038_direct_query_diff_x4.jpg,edges/000038_direct_query_edges.jpg,2.389334784613715,10.732111930847168,37.82395167358524,1.0,46232,45591,0.8159039670925128
000039.jpg,direct_render/000039_direct_render.jpg,alpha/000039_direct_query_alpha.jpg,diff/000039_direct_query_diff_x4.jpg,edges/000039_direct_query_edges.jpg,2.3921017116970487,10.764083862304688,37.81103288201845,1.0,46738,46048,0.8227286121206169
000040.jpg,direct_render/000040_direct_render.jpg,alpha/000040_direct_query_alpha.jpg,diff/000040_direct_query_diff_x4.jpg,edges/000040_direct_query_edges.jpg,2.393244425455729,10.760354042053223,37.812537999482714,1.0,46437,45802,0.8199198942446185
000041.jpg,direct_render/000041_direct_render.jpg,alpha/000041_direct_query_alpha.jpg,diff/000041_direct_query_diff_x4.jpg,edges/000041_direct_query_edges.jpg,2.3907284206814237,10.718229293823242,37.8295731724998,1.0,46585,46063,0.8176253629443616
000042.jpg,direct_render/000042_direct_render.jpg,alpha/000042_direct_query_alpha.jpg,diff/000042_direct_query_diff_x4.jpg,edges/000042_direct_query_edges.jpg,2.390494452582465,10.751395225524902,37.816155338788015,1.0,46466,46225,0.8253805707083637
000043.jpg,direct_render/000043_direct_render.jpg,alpha/000043_direct_query_alpha.jpg,diff/000043_direct_query_diff_x4.jpg,edges/000043_direct_query_edges.jpg,2.3944600423177085,10.77590274810791,37.80626697617595,1.0,46249,45771,0.8255763202793318
000044.jpg,direct_render/000044_direct_render.jpg,alpha/000044_direct_query_alpha.jpg,diff/000044_direct_query_diff_x4.jpg,edges/000044_direct_query_edges.jpg,2.397584703233507,10.795866012573242,37.79822874976131,1.0,46320,46166,0.8231745781422488
000045.jpg,direct_render/000045_direct_render.jpg,alpha/000045_direct_query_alpha.jpg,diff/000045_direct_query_diff_x4.jpg,edges/000045_direct_query_edges.jpg,2.3871273464626737,10.706501007080078,37.834327986821364,1.0,46337,46147,0.8236384430334819
000046.jpg,direct_render/000046_direct_render.jpg,alpha/000046_direct_query_alpha.jpg,diff/000046_direct_query_diff_x4.jpg,edges/000046_direct_query_edges.jpg,2.3970845540364585,10.79331111907959,37.799256650125045,1.0,46835,46301,0.823978692569817
000047.jpg,direct_render/000047_direct_render.jpg,alpha/000047_direct_query_alpha.jpg,diff/000047_direct_query_diff_x4.jpg,edges/000047_direct_query_edges.jpg,2.4013180202907987,10.798830032348633,37.79703655197523,1.0,46168,45543,0.8237516654403723
000048.jpg,direct_render/000048_direct_render.jpg,alpha/000048_direct_query_alpha.jpg,diff/000048_direct_query_diff_x4.jpg,edges/000048_direct_query_edges.jpg,2.3991207546657987,10.809925079345703,37.79257676881251,1.0,46701,46256,0.8224361362165977
000049.jpg,direct_render/000049_direct_render.jpg,alpha/000049_direct_query_alpha.jpg,diff/000049_direct_query_diff_x4.jpg,edges/000049_direct_query_edges.jpg,2.397669474283854,10.763948440551758,37.81108752047235,1.0,46921,46165,0.8214656100185892
000050.jpg,direct_render/000050_direct_render.jpg,alpha/000050_direct_query_alpha.jpg,diff/000050_direct_query_diff_x4.jpg,edges/000050_direct_query_edges.jpg,2.3980305989583335,10.79115104675293,37.80012589346121,1.0,46255,45461,0.8192926427707139
000051.jpg,direct_render/000051_direct_render.jpg,alpha/000051_direct_query_alpha.jpg,diff/000051_direct_query_diff_x4.jpg,edges/000051_direct_query_edges.jpg,2.3995836046006946,10.8045654296875,37.79473057051163,1.0,47552,46609,0.8218950138343363
000052.jpg,direct_render/000052_direct_render.jpg,alpha/000052_direct_query_alpha.jpg,diff/000052_direct_query_diff_x4.jpg,edges/000052_direct_query_edges.jpg,2.401735093858507,10.835359573364258,37.7823703283212,1.0,46864,46150,0.8200211325480374
000053.jpg,direct_render/000053_direct_render.jpg,alpha/000053_direct_query_alpha.jpg,diff/000053_direct_query_diff_x4.jpg,edges/000053_direct_query_edges.jpg,2.4031609429253473,10.84532642364502,37.77837732885207,1.0,46996,46615,0.8252739539055493
000054.jpg,direct_render/000054_direct_render.jpg,alpha/000054_direct_query_alpha.jpg,diff/000054_direct_query_diff_x4.jpg,edges/000054_direct_query_edges.jpg,2.4071214463975696,10.86138916015625,37.771949862589416,1.0,46955,46606,0.820996905350435
000055.jpg,direct_render/000055_direct_render.jpg,alpha/000055_direct_query_alpha.jpg,diff/000055_direct_query_diff_x4.jpg,edges/000055_direct_query_edges.jpg,2.403438991970486,10.854801177978516,37.77458487761727,1.0,46991,46295,0.8200370695541899
000056.jpg,direct_render/000056_direct_render.jpg,alpha/000056_direct_query_alpha.jpg,diff/000056_direct_query_diff_x4.jpg,edges/000056_direct_query_edges.jpg,2.4059821234809027,10.87419605255127,37.76683202169697,1.0,47091,46591,0.825448168355417
000057.jpg,direct_render/000057_direct_render.jpg,alpha/000057_direct_query_alpha.jpg,diff/000057_direct_query_diff_x4.jpg,edges/000057_direct_query_edges.jpg,2.411185370551215,10.923145294189453,37.74732650408934,1.0,46636,45924,0.8204346543416265
000058.jpg,direct_render/000058_direct_render.jpg,alpha/000058_direct_query_alpha.jpg,diff/000058_direct_query_diff_x4.jpg,edges/000058_direct_query_edges.jpg,2.404322306315104,10.854361534118652,37.774760780211864,1.0,47196,46836,0.8286336587452842
000059.jpg,direct_render/000059_direct_render.jpg,alpha/000059_direct_query_alpha.jpg,diff/000059_direct_query_diff_x4.jpg,edges/000059_direct_query_edges.jpg,2.4044053819444446,10.846649169921875,37.777847675471975,1.0,46755,46235,0.8211550890111827
000060.jpg,direct_render/000060_direct_render.jpg,alpha/000060_direct_query_alpha.jpg,diff/000060_direct_query_diff_x4.jpg,edges/000060_direct_query_edges.jpg,2.4073621961805554,10.87224292755127,37.767612132328445,1.0,47218,46713,0.8236904438317866
000061.jpg,direct_render/000061_direct_render.jpg,alpha/000061_direct_query_alpha.jpg,diff/000061_direct_query_diff_x4.jpg,edges/000061_direct_query_edges.jpg,2.4019978841145835,10.83748722076416,37.781517624902065,1.0,47007,46755,0.8291098495932581
000062.jpg,direct_render/000062_direct_render.jpg,alpha/000062_direct_query_alpha.jpg,diff/000062_direct_query_diff_x4.jpg,edges/000062_direct_query_edges.jpg,2.4041934543185763,10.835885047912598,37.78215971679357,1.0,46706,46469,0.8243851817042607
000063.jpg,direct_render/000063_direct_render.jpg,alpha/000063_direct_query_alpha.jpg,diff/000063_direct_query_diff_x4.jpg,edges/000063_direct_query_edges.jpg,2.4098002115885415,10.91622257232666,37.750079788913176,1.0,47042,46650,0.8266396319114092
000064.jpg,direct_render/000064_direct_render.jpg,alpha/000064_direct_query_alpha.jpg,diff/000064_direct_query_diff_x4.jpg,edges/000064_direct_query_edges.jpg,2.4065687391493054,10.905720710754395,37.75425989407016,1.0,46827,46426,0.8213120837483643
000065.jpg,direct_render/000065_direct_render.jpg,alpha/000065_direct_query_alpha.jpg,diff/000065_direct_query_diff_x4.jpg,edges/000065_direct_query_edges.jpg,2.4089847140842013,10.900157928466797,37.756475705451955,1.0,47304,46698,0.8269133595055778
000066.jpg,direct_render/000066_direct_render.jpg,alpha/000066_direct_query_alpha.jpg,diff/000066_direct_query_diff_x4.jpg,edges/000066_direct_query_edges.jpg,2.412684122721354,10.937786102294922,37.74150934744021,1.0,47433,46842,0.8207539881803082
000067.jpg,direct_render/000067_direct_render.jpg,alpha/000067_direct_query_alpha.jpg,diff/000067_direct_query_diff_x4.jpg,edges/000067_direct_query_edges.jpg,2.414791531032986,10.97842788696289,37.725402073567786,1.0,47189,46966,0.8246385799000039
000068.jpg,direct_render/000068_direct_render.jpg,alpha/000068_direct_query_alpha.jpg,diff/000068_direct_query_diff_x4.jpg,edges/000068_direct_query_edges.jpg,2.4132792154947915,10.96734619140625,37.72978808394249,1.0,47559,47418,0.8242355562384758
000069.jpg,direct_render/000069_direct_render.jpg,alpha/000069_direct_query_alpha.jpg,diff/000069_direct_query_diff_x4.jpg,edges/000069_direct_query_edges.jpg,2.4154730902777777,10.98762035369873,37.721767156838325,1.0,47439,46491,0.8217610550814585
000070.jpg,direct_render/000070_direct_render.jpg,alpha/000070_direct_query_alpha.jpg,diff/000070_direct_query_diff_x4.jpg,edges/000070_direct_query_edges.jpg,2.418914794921875,11.017269134521484,37.71006402176435,1.0,47604,47113,0.8257291004067157
000071.jpg,direct_render/000071_direct_render.jpg,alpha/000071_direct_query_alpha.jpg,diff/000071_direct_query_diff_x4.jpg,edges/000071_direct_query_edges.jpg,2.417265150282118,11.019363403320312,37.7092385513717,1.0,47056,46744,0.8235900227462721
000072.jpg,direct_render/000072_direct_render.jpg,alpha/000072_direct_query_alpha.jpg,diff/000072_direct_query_diff_x4.jpg,edges/000072_direct_query_edges.jpg,2.421198527018229,11.043461799621582,37.699751276190824,1.0,47412,46678,0.8253952856727131
000073.jpg,direct_render/000073_direct_render.jpg,alpha/000073_direct_query_alpha.jpg,diff/000073_direct_query_diff_x4.jpg,edges/000073_direct_query_edges.jpg,2.4290568033854165,11.088741302490234,37.68198109254992,1.0,47074,46652,0.8204172007924484
000074.jpg,direct_render/000074_direct_render.jpg,alpha/000074_direct_query_alpha.jpg,diff/000074_direct_query_diff_x4.jpg,edges/000074_direct_query_edges.jpg,2.427763197157118,11.120387077331543,37.669604564794774,1.0,47354,47043,0.8204732609492218
000075.jpg,direct_render/000075_direct_render.jpg,alpha/000075_direct_query_alpha.jpg,diff/000075_direct_query_diff_x4.jpg,edges/000075_direct_query_edges.jpg,2.4251827663845487,11.063282012939453,37.691963777811594,1.0,47707,47164,0.8256008620855543
000076.jpg,direct_render/000076_direct_render.jpg,alpha/000076_direct_query_alpha.jpg,diff/000076_direct_query_diff_x4.jpg,edges/000076_direct_query_edges.jpg,2.4231940375434027,11.02425765991211,37.707310058172084,1.0,47441,46857,0.8319895867736483
000077.jpg,direct_render/000077_direct_render.jpg,alpha/000077_direct_query_alpha.jpg,diff/000077_direct_query_diff_x4.jpg,edges/000077_direct_query_edges.jpg,2.427132500542535,11.097830772399902,37.67842262769764,1.0,47411,46894,0.819014736517244
000078.jpg,direct_render/000078_direct_render.jpg,alpha/000078_direct_query_alpha.jpg,diff/000078_direct_query_diff_x4.jpg,edges/000078_direct_query_edges.jpg,2.427668253580729,11.125686645507812,37.667535369765005,1.0,47429,46612,0.8185175874538317
000079.jpg,direct_render/000079_direct_render.jpg,alpha/000079_direct_query_alpha.jpg,diff/000079_direct_query_diff_x4.jpg,edges/000079_direct_query_edges.jpg,2.4337870279947915,11.13013744354248,37.665798334960485,1.0,47558,47044,0.8239694597616936
000080.jpg,direct_render/000080_direct_render.jpg,alpha/000080_direct_query_alpha.jpg,diff/000080_direct_query_diff_x4.jpg,edges/000080_direct_query_edges.jpg,2.428458319769965,11.125873565673828,37.66746240553608,1.0,47892,47412,0.8268320266825127
000081.jpg,direct_render/000081_direct_render.jpg,alpha/000081_direct_query_alpha.jpg,diff/000081_direct_query_diff_x4.jpg,edges/000081_direct_query_edges.jpg,2.4300740559895835,11.13051986694336,37.665649117109055,1.0,47305,47112,0.8221240133546905
000082.jpg,direct_render/000082_direct_render.jpg,alpha/000082_direct_query_alpha.jpg,diff/000082_direct_query_diff_x4.jpg,edges/000082_direct_query_edges.jpg,2.42999267578125,11.152106285095215,37.65723461052785,1.0,47918,47065,0.8244909719554361
000083.jpg,direct_render/000083_direct_render.jpg,alpha/000083_direct_query_alpha.jpg,diff/000083_direct_query_diff_x4.jpg,edges/000083_direct_query_edges.jpg,2.431482950846354,11.135502815246582,37.66370528814713,1.0,47377,46964,0.8241777365276408
000084.jpg,direct_render/000084_direct_render.jpg,alpha/000084_direct_query_alpha.jpg,diff/000084_direct_query_diff_x4.jpg,edges/000084_direct_query_edges.jpg,2.43682861328125,11.219889640808105,37.63091775661117,1.0,47644,47082,0.8277345785015533
000085.jpg,direct_render/000085_direct_render.jpg,alpha/000085_direct_query_alpha.jpg,diff/000085_direct_query_diff_x4.jpg,edges/000085_direct_query_edges.jpg,2.4375796847873263,11.219087600708008,37.631228217811014,1.0,47080,46687,0.8309575880652972
000086.jpg,direct_render/000086_direct_render.jpg,alpha/000086_direct_query_alpha.jpg,diff/000086_direct_query_diff_x4.jpg,edges/000086_direct_query_edges.jpg,2.43595208062066,11.189265251159668,37.64278791573122,1.0,47426,46682,0.8220681910588782
000087.jpg,direct_render/000087_direct_render.jpg,alpha/000087_direct_query_alpha.jpg,diff/000087_direct_query_diff_x4.jpg,edges/000087_direct_query_edges.jpg,2.441248575846354,11.257631301879883,37.61633339867686,1.0,47424,46727,0.8292403341752477
000088.jpg,direct_render/000088_direct_render.jpg,alpha/000088_direct_query_alpha.jpg,diff/000088_direct_query_diff_x4.jpg,edges/000088_direct_query_edges.jpg,2.4422166612413196,11.259565353393555,37.61558734852236,1.0,47678,47202,0.8245452097996231
000089.jpg,direct_render/000089_direct_render.jpg,alpha/000089_direct_query_alpha.jpg,diff/000089_direct_query_diff_x4.jpg,edges/000089_direct_query_edges.jpg,2.434561835394965,11.194331169128418,37.640822100930194,1.0,47778,47016,0.8218053927315357
000090.jpg,direct_render/000090_direct_render.jpg,alpha/000090_direct_query_alpha.jpg,diff/000090_direct_query_diff_x4.jpg,edges/000090_direct_query_edges.jpg,2.4360419379340277,11.18187141418457,37.64565867081473,1.0,47305,46881,0.8261240475405704
000091.jpg,direct_render/000091_direct_render.jpg,alpha/000091_direct_query_alpha.jpg,diff/000091_direct_query_diff_x4.jpg,edges/000091_direct_query_edges.jpg,2.4400448269314237,11.254779815673828,37.61743357823973,1.0,47326,46842,0.8284338472292339
000092.jpg,direct_render/000092_direct_render.jpg,alpha/000092_direct_query_alpha.jpg,diff/000092_direct_query_diff_x4.jpg,edges/000092_direct_query_edges.jpg,2.441435072157118,11.241579055786133,37.62253041890353,1.0,47587,47025,0.823740313813177
000093.jpg,direct_render/000093_direct_render.jpg,alpha/000093_direct_query_alpha.jpg,diff/000093_direct_query_diff_x4.jpg,edges/000093_direct_query_edges.jpg,2.4389546712239585,11.238481521606445,37.623727250207104,1.0,47329,46874,0.8275875448637113
000094.jpg,direct_render/000094_direct_render.jpg,alpha/000094_direct_query_alpha.jpg,diff/000094_direct_query_diff_x4.jpg,edges/000094_direct_query_edges.jpg,2.442452324761285,11.305601119995117,37.597867020895535,1.0,47827,47330,0.8216747070985527
000095.jpg,direct_render/000095_direct_render.jpg,alpha/000095_direct_query_alpha.jpg,diff/000095_direct_query_diff_x4.jpg,edges/000095_direct_query_edges.jpg,2.443661159939236,11.304388999938965,37.598332670857786,1.0,47413,46960,0.8232805255023183
000096.jpg,direct_render/000096_direct_render.jpg,alpha/000096_direct_query_alpha.jpg,diff/000096_direct_query_diff_x4.jpg,edges/000096_direct_query_edges.jpg,2.44289313422309,11.281719207763672,37.60705074558163,1.0,48084,47585,0.8309856459330144
000097.jpg,direct_render/000097_direct_render.jpg,alpha/000097_direct_query_alpha.jpg,diff/000097_direct_query_diff_x4.jpg,edges/000097_direct_query_edges.jpg,2.447667439778646,11.326560020446777,37.58982330173103,1.0,47436,47187,0.8279692450351596
000098.jpg,direct_render/000098_direct_render.jpg,alpha/000098_direct_query_alpha.jpg,diff/000098_direct_query_diff_x4.jpg,edges/000098_direct_query_edges.jpg,2.4510972764756946,11.341132164001465,37.58423949341423,1.0,47955,47623,0.8303650082347084
000099.jpg,direct_render/000099_direct_render.jpg,alpha/000099_direct_query_alpha.jpg,diff/000099_direct_query_diff_x4.jpg,edges/000099_direct_query_edges.jpg,2.442899915907118,11.304329872131348,37.598355386767274,1.0,47408,47210,0.8310208030962748
